[{
  "encodedId" : "228TPP",
  "badgeType" : "DAILY_STEPS",
  "value" : 20000,
  "timesAchieved" : 1,
  "dateTime" : "2023-11-03",
  "name" : "High Tops (20,000 steps in a day)",
  "shortName" : "High Tops",
  "earnedMessage" : "Congrats on earning your first High Tops badge!",
  "description" : "20,000 steps in a day",
  "category" : "Daily Steps",
  "shareText" : "I took 20,000 steps and earned the High Tops badge! #Fitbit"
},{
  "encodedId" : "228TMK",
  "badgeType" : "DAILY_STEPS",
  "value" : 15000,
  "timesAchieved" : 8,
  "dateTime" : "2023-12-23",
  "name" : "Urban Boot (15,000 steps in a day)",
  "shortName" : "Urban Boot",
  "earnedMessage" : "Congrats on earning your first Urban Boot badge!",
  "description" : "15,000 steps in a day",
  "category" : "Daily Steps",
  "shareText" : "I took 15,000 steps and earned the Urban Boot badge! #Fitbit"
},{
  "encodedId" : "228TQB",
  "badgeType" : "DAILY_STEPS",
  "value" : 10000,
  "timesAchieved" : 31,
  "dateTime" : "2024-01-24",
  "name" : "Sneakers (10,000 steps in a day)",
  "shortName" : "Sneakers",
  "earnedMessage" : "Congrats on earning your first Sneakers badge!",
  "description" : "10,000 steps in a day",
  "category" : "Daily Steps",
  "shareText" : "I took 10,000 steps and earned the Sneakers badge! #Fitbit"
},{
  "encodedId" : "228TQ4",
  "badgeType" : "DAILY_STEPS",
  "value" : 5000,
  "timesAchieved" : 45,
  "dateTime" : "2024-01-24",
  "name" : "Boat Shoe (5,000 steps in a day)",
  "shortName" : "Boat Shoe",
  "earnedMessage" : "Congrats on earning your first Boat Shoe badge!",
  "description" : "5,000 steps in a day",
  "category" : "Daily Steps",
  "shareText" : "I took 5,000 steps and earned the Boat Shoe badge! #Fitbit"
},{
  "encodedId" : "22B8M7",
  "badgeType" : "LIFETIME_DISTANCE",
  "value" : 70,
  "unit" : "MILES",
  "timesAchieved" : 1,
  "dateTime" : "2023-11-19",
  "name" : "Penguin March (70 lifetime miles)",
  "shortName" : "Penguin March",
  "earnedMessage" : "Whoa! You've earned the Penguin March badge!",
  "description" : "70 lifetime miles",
  "category" : "Lifetime Distance",
  "shareText" : "I covered 70 miles with my #Fitbit and earned the Penguin March badge."
},{
  "encodedId" : "22B8MB",
  "badgeType" : "LIFETIME_DISTANCE",
  "value" : 26,
  "unit" : "MILES",
  "timesAchieved" : 1,
  "dateTime" : "2023-11-03",
  "name" : "Marathon (26 lifetime miles)",
  "shortName" : "Marathon",
  "earnedMessage" : "Whoa! You've earned the Marathon badge!",
  "description" : "26 lifetime miles",
  "category" : "Lifetime Distance",
  "shareText" : "I covered 26 miles with my #Fitbit and earned the Marathon badge."
}]