[{
  "dateTime" : "10/30/23 00:00:00",
  "value" : {
    "demographicVO2Max" : 36.64408,
    "demographicVO2MaxError" : 3.0000000000000004,
    "filteredDemographicVO2Max" : 36.64408,
    "filteredDemographicVO2MaxError" : 3.0000000000000004
  }
},{
  "dateTime" : "10/31/23 00:00:00",
  "value" : {
    "demographicVO2Max" : 36.2841,
    "demographicVO2MaxError" : 3.0000000000000004,
    "filteredDemographicVO2Max" : 36.4626,
    "filteredDemographicVO2MaxError" : 1.5123900000000001
  }
},{
  "dateTime" : "11/01/23 00:00:00",
  "value" : {
    "demographicVO2Max" : 36.14835,
    "demographicVO2MaxError" : 3.0000000000000004,
    "filteredDemographicVO2Max" : 36.354980000000005,
    "filteredDemographicVO2MaxError" : 1.0273400000000001
  }
},{
  "dateTime" : "11/02/23 00:00:00",
  "value" : {
    "demographicVO2Max" : 36.39121,
    "demographicVO2MaxError" : 3.0000000000000004,
    "filteredDemographicVO2Max" : 36.36455,
    "filteredDemographicVO2MaxError" : 0.7926700000000001
  }
},{
  "dateTime" : "11/03/23 00:00:00",
  "value" : {
    "demographicVO2Max" : 36.44342,
    "demographicVO2MaxError" : 3.0000000000000004,
    "filteredDemographicVO2Max" : 36.381840000000004,
    "filteredDemographicVO2MaxError" : 0.6578700000000001
  }
},{
  "dateTime" : "11/04/23 00:00:00",
  "value" : {
    "demographicVO2Max" : 35.94257,
    "demographicVO2MaxError" : 3.0000000000000004,
    "filteredDemographicVO2Max" : 36.29798,
    "filteredDemographicVO2MaxError" : 0.5727300000000001
  }
},{
  "dateTime" : "11/05/23 00:00:00",
  "value" : {
    "demographicVO2Max" : 36.265240000000006,
    "demographicVO2MaxError" : 3.0000000000000004,
    "filteredDemographicVO2Max" : 36.292350000000006,
    "filteredDemographicVO2MaxError" : 0.51568
  }
},{
  "dateTime" : "11/06/23 00:00:00",
  "value" : {
    "demographicVO2Max" : 35.93547,
    "demographicVO2MaxError" : 3.0000000000000004,
    "filteredDemographicVO2Max" : 36.235730000000004,
    "filteredDemographicVO2MaxError" : 0.47593
  }
},{
  "dateTime" : "11/07/23 00:00:00",
  "value" : {
    "demographicVO2Max" : 36.49958,
    "demographicVO2MaxError" : 3.0000000000000004,
    "filteredDemographicVO2Max" : 36.27508,
    "filteredDemographicVO2MaxError" : 0.44748000000000004
  }
},{
  "dateTime" : "11/09/23 00:00:00",
  "value" : {
    "demographicVO2Max" : 36.64408,
    "demographicVO2MaxError" : 3.0000000000000004,
    "filteredDemographicVO2Max" : 36.33202,
    "filteredDemographicVO2MaxError" : 0.46298000000000006
  }
},{
  "dateTime" : "11/10/23 00:00:00",
  "value" : {
    "demographicVO2Max" : 36.65335,
    "demographicVO2MaxError" : 3.0000000000000004,
    "filteredDemographicVO2Max" : 36.37894,
    "filteredDemographicVO2MaxError" : 0.43807
  }
},{
  "dateTime" : "11/11/23 00:00:00",
  "value" : {
    "demographicVO2Max" : 36.705180000000006,
    "demographicVO2MaxError" : 3.0000000000000004,
    "filteredDemographicVO2Max" : 36.42459,
    "filteredDemographicVO2MaxError" : 0.41977000000000003
  }
},{
  "dateTime" : "11/12/23 00:00:00",
  "value" : {
    "demographicVO2Max" : 36.57831,
    "demographicVO2MaxError" : 3.0000000000000004,
    "filteredDemographicVO2Max" : 36.44540000000001,
    "filteredDemographicVO2MaxError" : 0.40616
  }
},{
  "dateTime" : "11/13/23 00:00:00",
  "value" : {
    "demographicVO2Max" : 36.463930000000005,
    "demographicVO2MaxError" : 3.0000000000000004,
    "filteredDemographicVO2Max" : 36.44784000000001,
    "filteredDemographicVO2MaxError" : 0.39595
  }
},{
  "dateTime" : "11/14/23 00:00:00",
  "value" : {
    "demographicVO2Max" : 36.429660000000005,
    "demographicVO2MaxError" : 3.0000000000000004,
    "filteredDemographicVO2Max" : 36.44548,
    "filteredDemographicVO2MaxError" : 0.38823
  }
},{
  "dateTime" : "11/15/23 00:00:00",
  "value" : {
    "demographicVO2Max" : 36.64408,
    "demographicVO2MaxError" : 3.0000000000000004,
    "filteredDemographicVO2Max" : 36.47079,
    "filteredDemographicVO2MaxError" : 0.38237000000000004
  }
},{
  "dateTime" : "11/16/23 00:00:00",
  "value" : {
    "demographicVO2Max" : 36.64408,
    "demographicVO2MaxError" : 3.0000000000000004,
    "filteredDemographicVO2Max" : 36.492610000000006,
    "filteredDemographicVO2MaxError" : 0.3779
  }
},{
  "dateTime" : "11/17/23 00:00:00",
  "value" : {
    "demographicVO2Max" : 36.47016,
    "demographicVO2MaxError" : 3.0000000000000004,
    "filteredDemographicVO2Max" : 36.4898,
    "filteredDemographicVO2MaxError" : 0.37448000000000004
  }
},{
  "dateTime" : "11/18/23 00:00:00",
  "value" : {
    "demographicVO2Max" : 36.146260000000005,
    "demographicVO2MaxError" : 3.0000000000000004,
    "filteredDemographicVO2Max" : 36.447210000000005,
    "filteredDemographicVO2MaxError" : 0.37186
  }
},{
  "dateTime" : "11/19/23 00:00:00",
  "value" : {
    "demographicVO2Max" : 36.503190000000004,
    "demographicVO2MaxError" : 3.0000000000000004,
    "filteredDemographicVO2Max" : 36.45411,
    "filteredDemographicVO2MaxError" : 0.36985
  }
},{
  "dateTime" : "11/20/23 00:00:00",
  "value" : {
    "demographicVO2Max" : 36.600730000000006,
    "demographicVO2MaxError" : 3.0000000000000004,
    "filteredDemographicVO2Max" : 36.47211,
    "filteredDemographicVO2MaxError" : 0.3683
  }
},{
  "dateTime" : "11/21/23 00:00:00",
  "value" : {
    "demographicVO2Max" : 36.64408,
    "demographicVO2MaxError" : 3.0000000000000004,
    "filteredDemographicVO2Max" : 36.49315,
    "filteredDemographicVO2MaxError" : 0.36711000000000005
  }
},{
  "dateTime" : "11/22/23 00:00:00",
  "value" : {
    "demographicVO2Max" : 36.64408,
    "demographicVO2MaxError" : 3.0000000000000004,
    "filteredDemographicVO2Max" : 36.511570000000006,
    "filteredDemographicVO2MaxError" : 0.36619
  }
},{
  "dateTime" : "11/23/23 00:00:00",
  "value" : {
    "demographicVO2Max" : 36.64408,
    "demographicVO2MaxError" : 3.0000000000000004,
    "filteredDemographicVO2Max" : 36.527710000000006,
    "filteredDemographicVO2MaxError" : 0.36548
  }
},{
  "dateTime" : "11/24/23 00:00:00",
  "value" : {
    "demographicVO2Max" : 36.532210000000006,
    "demographicVO2MaxError" : 3.0000000000000004,
    "filteredDemographicVO2Max" : 36.52825,
    "filteredDemographicVO2MaxError" : 0.36493000000000003
  }
},{
  "dateTime" : "11/25/23 00:00:00",
  "value" : {
    "demographicVO2Max" : 36.47177000000001,
    "demographicVO2MaxError" : 3.0000000000000004,
    "filteredDemographicVO2Max" : 36.52138,
    "filteredDemographicVO2MaxError" : 0.36451000000000006
  }
},{
  "dateTime" : "11/26/23 00:00:00",
  "value" : {
    "demographicVO2Max" : 36.64408,
    "demographicVO2MaxError" : 3.0000000000000004,
    "filteredDemographicVO2Max" : 36.53627,
    "filteredDemographicVO2MaxError" : 0.36418
  }
},{
  "dateTime" : "11/27/23 00:00:00",
  "value" : {
    "demographicVO2Max" : 36.98644,
    "demographicVO2MaxError" : 3.0000000000000004,
    "filteredDemographicVO2Max" : 36.590880000000006,
    "filteredDemographicVO2MaxError" : 0.36393000000000003
  }
},{
  "dateTime" : "11/28/23 00:00:00",
  "value" : {
    "demographicVO2Max" : 36.86379,
    "demographicVO2MaxError" : 3.0000000000000004,
    "filteredDemographicVO2Max" : 36.62397,
    "filteredDemographicVO2MaxError" : 0.36374
  }
},{
  "dateTime" : "11/29/23 00:00:00",
  "value" : {
    "demographicVO2Max" : 37.022920000000006,
    "demographicVO2MaxError" : 3.0000000000000004,
    "filteredDemographicVO2Max" : 36.672320000000006,
    "filteredDemographicVO2MaxError" : 0.36359
  }
},{
  "dateTime" : "11/30/23 00:00:00",
  "value" : {
    "demographicVO2Max" : 36.819340000000004,
    "demographicVO2MaxError" : 3.0000000000000004,
    "filteredDemographicVO2Max" : 36.69013,
    "filteredDemographicVO2MaxError" : 0.36347
  }
},{
  "dateTime" : "12/01/23 00:00:00",
  "value" : {
    "demographicVO2Max" : 36.41156,
    "demographicVO2MaxError" : 3.0000000000000004,
    "filteredDemographicVO2Max" : 36.656380000000006,
    "filteredDemographicVO2MaxError" : 0.36338000000000004
  }
},{
  "dateTime" : "12/02/23 00:00:00",
  "value" : {
    "demographicVO2Max" : 36.309870000000004,
    "demographicVO2MaxError" : 3.0000000000000004,
    "filteredDemographicVO2Max" : 36.61441,
    "filteredDemographicVO2MaxError" : 0.36331
  }
},{
  "dateTime" : "12/03/23 00:00:00",
  "value" : {
    "demographicVO2Max" : 36.64408,
    "demographicVO2MaxError" : 3.0000000000000004,
    "filteredDemographicVO2Max" : 36.618,
    "filteredDemographicVO2MaxError" : 0.36326
  }
},{
  "dateTime" : "12/04/23 00:00:00",
  "value" : {
    "demographicVO2Max" : 36.64408,
    "demographicVO2MaxError" : 3.0000000000000004,
    "filteredDemographicVO2Max" : 36.62115,
    "filteredDemographicVO2MaxError" : 0.36322000000000004
  }
},{
  "dateTime" : "12/05/23 00:00:00",
  "value" : {
    "demographicVO2Max" : 36.64408,
    "demographicVO2MaxError" : 3.0000000000000004,
    "filteredDemographicVO2Max" : 36.623920000000005,
    "filteredDemographicVO2MaxError" : 0.36319
  }
},{
  "dateTime" : "12/06/23 00:00:00",
  "value" : {
    "demographicVO2Max" : 36.0642,
    "demographicVO2MaxError" : 3.0000000000000004,
    "filteredDemographicVO2Max" : 36.556160000000006,
    "filteredDemographicVO2MaxError" : 0.36317000000000005
  }
},{
  "dateTime" : "12/07/23 00:00:00",
  "value" : {
    "demographicVO2Max" : 36.0642,
    "demographicVO2MaxError" : 3.0000000000000004,
    "filteredDemographicVO2Max" : 36.4966,
    "filteredDemographicVO2MaxError" : 0.36315000000000003
  }
},{
  "dateTime" : "12/08/23 00:00:00",
  "value" : {
    "demographicVO2Max" : 36.02754,
    "demographicVO2MaxError" : 3.0000000000000004,
    "filteredDemographicVO2Max" : 36.439820000000005,
    "filteredDemographicVO2MaxError" : 0.36313
  }
},{
  "dateTime" : "12/09/23 00:00:00",
  "value" : {
    "demographicVO2Max" : 36.301750000000006,
    "demographicVO2MaxError" : 3.0000000000000004,
    "filteredDemographicVO2Max" : 36.423100000000005,
    "filteredDemographicVO2MaxError" : 0.36312000000000005
  }
},{
  "dateTime" : "12/10/23 00:00:00",
  "value" : {
    "demographicVO2Max" : 36.64408,
    "demographicVO2MaxError" : 3.0000000000000004,
    "filteredDemographicVO2Max" : 36.44984,
    "filteredDemographicVO2MaxError" : 0.36311000000000004
  }
},{
  "dateTime" : "12/11/23 00:00:00",
  "value" : {
    "demographicVO2Max" : 36.218340000000005,
    "demographicVO2MaxError" : 3.0000000000000004,
    "filteredDemographicVO2Max" : 36.421820000000004,
    "filteredDemographicVO2MaxError" : 0.36310000000000003
  }
},{
  "dateTime" : "12/12/23 00:00:00",
  "value" : {
    "demographicVO2Max" : 36.265240000000006,
    "demographicVO2MaxError" : 3.0000000000000004,
    "filteredDemographicVO2Max" : 36.402860000000004,
    "filteredDemographicVO2MaxError" : 0.36310000000000003
  }
},{
  "dateTime" : "12/13/23 00:00:00",
  "value" : {
    "demographicVO2Max" : 35.92228,
    "demographicVO2MaxError" : 3.0000000000000004,
    "filteredDemographicVO2Max" : 36.34469,
    "filteredDemographicVO2MaxError" : 0.36310000000000003
  }
},{
  "dateTime" : "12/14/23 00:00:00",
  "value" : {
    "demographicVO2Max" : 36.265240000000006,
    "demographicVO2MaxError" : 3.0000000000000004,
    "filteredDemographicVO2Max" : 36.33507,
    "filteredDemographicVO2MaxError" : 0.36310000000000003
  }
},{
  "dateTime" : "12/15/23 00:00:00",
  "value" : {
    "demographicVO2Max" : 35.83845,
    "demographicVO2MaxError" : 3.0000000000000004,
    "filteredDemographicVO2Max" : 36.27496,
    "filteredDemographicVO2MaxError" : 0.36310000000000003
  }
},{
  "dateTime" : "12/16/23 00:00:00",
  "value" : {
    "demographicVO2Max" : 36.071720000000006,
    "demographicVO2MaxError" : 3.0000000000000004,
    "filteredDemographicVO2Max" : 36.25036,
    "filteredDemographicVO2MaxError" : 0.36310000000000003
  }
},{
  "dateTime" : "12/17/23 00:00:00",
  "value" : {
    "demographicVO2Max" : 36.071720000000006,
    "demographicVO2MaxError" : 3.0000000000000004,
    "filteredDemographicVO2Max" : 36.22874,
    "filteredDemographicVO2MaxError" : 0.36310000000000003
  }
},{
  "dateTime" : "12/18/23 00:00:00",
  "value" : {
    "demographicVO2Max" : 36.03481,
    "demographicVO2MaxError" : 3.0000000000000004,
    "filteredDemographicVO2Max" : 36.20526,
    "filteredDemographicVO2MaxError" : 0.36310000000000003
  }
},{
  "dateTime" : "12/19/23 00:00:00",
  "value" : {
    "demographicVO2Max" : 36.265240000000006,
    "demographicVO2MaxError" : 3.0000000000000004,
    "filteredDemographicVO2Max" : 36.212520000000005,
    "filteredDemographicVO2MaxError" : 0.36310000000000003
  }
},{
  "dateTime" : "12/20/23 00:00:00",
  "value" : {
    "demographicVO2Max" : 36.265240000000006,
    "demographicVO2MaxError" : 3.0000000000000004,
    "filteredDemographicVO2Max" : 36.218900000000005,
    "filteredDemographicVO2MaxError" : 0.36310000000000003
  }
},{
  "dateTime" : "12/21/23 00:00:00",
  "value" : {
    "demographicVO2Max" : 36.265240000000006,
    "demographicVO2MaxError" : 3.0000000000000004,
    "filteredDemographicVO2Max" : 36.224500000000006,
    "filteredDemographicVO2MaxError" : 0.36310000000000003
  }
},{
  "dateTime" : "12/22/23 00:00:00",
  "value" : {
    "demographicVO2Max" : 36.24372,
    "demographicVO2MaxError" : 3.0000000000000004,
    "filteredDemographicVO2Max" : 36.226820000000004,
    "filteredDemographicVO2MaxError" : 0.36310000000000003
  }
},{
  "dateTime" : "12/23/23 00:00:00",
  "value" : {
    "demographicVO2Max" : 36.55554,
    "demographicVO2MaxError" : 3.0000000000000004,
    "filteredDemographicVO2Max" : 36.266600000000004,
    "filteredDemographicVO2MaxError" : 0.36310000000000003
  }
},{
  "dateTime" : "12/24/23 00:00:00",
  "value" : {
    "demographicVO2Max" : 36.64408,
    "demographicVO2MaxError" : 3.0000000000000004,
    "filteredDemographicVO2Max" : 36.31228,
    "filteredDemographicVO2MaxError" : 0.36310000000000003
  }
},{
  "dateTime" : "12/25/23 00:00:00",
  "value" : {
    "demographicVO2Max" : 36.64408,
    "demographicVO2MaxError" : 3.0000000000000004,
    "filteredDemographicVO2Max" : 36.352430000000005,
    "filteredDemographicVO2MaxError" : 0.36310000000000003
  }
},{
  "dateTime" : "12/26/23 00:00:00",
  "value" : {
    "demographicVO2Max" : 36.64408,
    "demographicVO2MaxError" : 3.0000000000000004,
    "filteredDemographicVO2Max" : 36.387730000000005,
    "filteredDemographicVO2MaxError" : 0.36310000000000003
  }
},{
  "dateTime" : "12/27/23 00:00:00",
  "value" : {
    "demographicVO2Max" : 36.64408,
    "demographicVO2MaxError" : 3.0000000000000004,
    "filteredDemographicVO2Max" : 36.41875,
    "filteredDemographicVO2MaxError" : 0.36310000000000003
  }
},{
  "dateTime" : "12/28/23 00:00:00",
  "value" : {
    "demographicVO2Max" : 36.65791,
    "demographicVO2MaxError" : 3.0000000000000004,
    "filteredDemographicVO2Max" : 36.44769,
    "filteredDemographicVO2MaxError" : 0.36310000000000003
  }
},{
  "dateTime" : "12/29/23 00:00:00",
  "value" : {
    "demographicVO2Max" : 37.022920000000006,
    "demographicVO2MaxError" : 3.0000000000000004,
    "filteredDemographicVO2Max" : 36.51731,
    "filteredDemographicVO2MaxError" : 0.36310000000000003
  }
},{
  "dateTime" : "12/30/23 00:00:00",
  "value" : {
    "demographicVO2Max" : 36.832550000000005,
    "demographicVO2MaxError" : 3.0000000000000004,
    "filteredDemographicVO2Max" : 36.555460000000004,
    "filteredDemographicVO2MaxError" : 0.36310000000000003
  }
},{
  "dateTime" : "12/31/23 00:00:00",
  "value" : {
    "demographicVO2Max" : 37.022920000000006,
    "demographicVO2MaxError" : 3.0000000000000004,
    "filteredDemographicVO2Max" : 36.612030000000004,
    "filteredDemographicVO2MaxError" : 0.36310000000000003
  }
},{
  "dateTime" : "01/01/24 00:00:00",
  "value" : {
    "demographicVO2Max" : 36.76137000000001,
    "demographicVO2MaxError" : 3.0000000000000004,
    "filteredDemographicVO2Max" : 36.630100000000006,
    "filteredDemographicVO2MaxError" : 0.36310000000000003
  }
},{
  "dateTime" : "01/02/24 00:00:00",
  "value" : {
    "demographicVO2Max" : 37.022920000000006,
    "demographicVO2MaxError" : 3.0000000000000004,
    "filteredDemographicVO2Max" : 36.677640000000004,
    "filteredDemographicVO2MaxError" : 0.36310000000000003
  }
},{
  "dateTime" : "01/03/24 00:00:00",
  "value" : {
    "demographicVO2Max" : 36.627280000000006,
    "demographicVO2MaxError" : 3.0000000000000004,
    "filteredDemographicVO2Max" : 36.67154,
    "filteredDemographicVO2MaxError" : 0.36310000000000003
  }
},{
  "dateTime" : "01/04/24 00:00:00",
  "value" : {
    "demographicVO2Max" : 36.64408,
    "demographicVO2MaxError" : 3.0000000000000004,
    "filteredDemographicVO2Max" : 36.66821,
    "filteredDemographicVO2MaxError" : 0.36310000000000003
  }
},{
  "dateTime" : "01/05/24 00:00:00",
  "value" : {
    "demographicVO2Max" : 36.591800000000006,
    "demographicVO2MaxError" : 3.0000000000000004,
    "filteredDemographicVO2Max" : 36.65896,
    "filteredDemographicVO2MaxError" : 0.36310000000000003
  }
},{
  "dateTime" : "01/06/24 00:00:00",
  "value" : {
    "demographicVO2Max" : 36.45886,
    "demographicVO2MaxError" : 3.0000000000000004,
    "filteredDemographicVO2Max" : 36.63474,
    "filteredDemographicVO2MaxError" : 0.36310000000000003
  }
},{
  "dateTime" : "01/07/24 00:00:00",
  "value" : {
    "demographicVO2Max" : 36.64408,
    "demographicVO2MaxError" : 3.0000000000000004,
    "filteredDemographicVO2Max" : 36.635870000000004,
    "filteredDemographicVO2MaxError" : 0.36310000000000003
  }
},{
  "dateTime" : "01/08/24 00:00:00",
  "value" : {
    "demographicVO2Max" : 36.34405,
    "demographicVO2MaxError" : 3.0000000000000004,
    "filteredDemographicVO2Max" : 36.600550000000005,
    "filteredDemographicVO2MaxError" : 0.36310000000000003
  }
},{
  "dateTime" : "01/09/24 00:00:00",
  "value" : {
    "demographicVO2Max" : 36.64408,
    "demographicVO2MaxError" : 3.0000000000000004,
    "filteredDemographicVO2Max" : 36.605810000000005,
    "filteredDemographicVO2MaxError" : 0.36310000000000003
  }
},{
  "dateTime" : "01/10/24 00:00:00",
  "value" : {
    "demographicVO2Max" : 36.48082,
    "demographicVO2MaxError" : 3.0000000000000004,
    "filteredDemographicVO2Max" : 36.590680000000006,
    "filteredDemographicVO2MaxError" : 0.36310000000000003
  }
},{
  "dateTime" : "01/11/24 00:00:00",
  "value" : {
    "demographicVO2Max" : 36.64408,
    "demographicVO2MaxError" : 3.0000000000000004,
    "filteredDemographicVO2Max" : 36.59714,
    "filteredDemographicVO2MaxError" : 0.36310000000000003
  }
},{
  "dateTime" : "01/12/24 00:00:00",
  "value" : {
    "demographicVO2Max" : 36.64408,
    "demographicVO2MaxError" : 3.0000000000000004,
    "filteredDemographicVO2Max" : 36.60282,
    "filteredDemographicVO2MaxError" : 0.36310000000000003
  }
},{
  "dateTime" : "01/13/24 00:00:00",
  "value" : {
    "demographicVO2Max" : 36.64408,
    "demographicVO2MaxError" : 3.0000000000000004,
    "filteredDemographicVO2Max" : 36.60781,
    "filteredDemographicVO2MaxError" : 0.36310000000000003
  }
},{
  "dateTime" : "01/14/24 00:00:00",
  "value" : {
    "demographicVO2Max" : 36.64408,
    "demographicVO2MaxError" : 3.0000000000000004,
    "filteredDemographicVO2Max" : 36.6122,
    "filteredDemographicVO2MaxError" : 0.36310000000000003
  }
},{
  "dateTime" : "01/15/24 00:00:00",
  "value" : {
    "demographicVO2Max" : 36.64408,
    "demographicVO2MaxError" : 3.0000000000000004,
    "filteredDemographicVO2Max" : 36.61605,
    "filteredDemographicVO2MaxError" : 0.36310000000000003
  }
},{
  "dateTime" : "01/16/24 00:00:00",
  "value" : {
    "demographicVO2Max" : 36.178760000000004,
    "demographicVO2MaxError" : 3.0000000000000004,
    "filteredDemographicVO2Max" : 36.563120000000005,
    "filteredDemographicVO2MaxError" : 0.36310000000000003
  }
},{
  "dateTime" : "01/17/24 00:00:00",
  "value" : {
    "demographicVO2Max" : 36.265240000000006,
    "demographicVO2MaxError" : 3.0000000000000004,
    "filteredDemographicVO2Max" : 36.527060000000006,
    "filteredDemographicVO2MaxError" : 0.36310000000000003
  }
},{
  "dateTime" : "01/19/24 00:00:00",
  "value" : {
    "demographicVO2Max" : 36.265240000000006,
    "demographicVO2MaxError" : 3.0000000000000004,
    "filteredDemographicVO2Max" : 36.492050000000006,
    "filteredDemographicVO2MaxError" : 0.40117
  }
},{
  "dateTime" : "01/20/24 00:00:00",
  "value" : {
    "demographicVO2Max" : 36.265240000000006,
    "demographicVO2MaxError" : 3.0000000000000004,
    "filteredDemographicVO2Max" : 36.462390000000006,
    "filteredDemographicVO2MaxError" : 0.39218000000000003
  }
},{
  "dateTime" : "01/21/24 00:00:00",
  "value" : {
    "demographicVO2Max" : 36.4617,
    "demographicVO2MaxError" : 3.0000000000000004,
    "filteredDemographicVO2Max" : 36.462300000000006,
    "filteredDemographicVO2MaxError" : 0.38537000000000005
  }
},{
  "dateTime" : "01/22/24 00:00:00",
  "value" : {
    "demographicVO2Max" : 36.64408,
    "demographicVO2MaxError" : 3.0000000000000004,
    "filteredDemographicVO2Max" : 36.485330000000005,
    "filteredDemographicVO2MaxError" : 0.38019000000000003
  }
},{
  "dateTime" : "01/23/24 00:00:00",
  "value" : {
    "demographicVO2Max" : 36.4617,
    "demographicVO2MaxError" : 3.0000000000000004,
    "filteredDemographicVO2Max" : 36.48236,
    "filteredDemographicVO2MaxError" : 0.37623
  }
},{
  "dateTime" : "01/24/24 00:00:00",
  "value" : {
    "demographicVO2Max" : 36.50289,
    "demographicVO2MaxError" : 3.0000000000000004,
    "filteredDemographicVO2Max" : 36.48492,
    "filteredDemographicVO2MaxError" : 0.37321000000000004
  }
},{
  "dateTime" : "01/25/24 00:00:00",
  "value" : {
    "demographicVO2Max" : 36.50289,
    "demographicVO2MaxError" : 3.0000000000000004,
    "filteredDemographicVO2Max" : 36.487140000000004,
    "filteredDemographicVO2MaxError" : 0.37089000000000005
  }
}]