[{
  "dateTime" : "11/22/23 08:06:20",
  "value" : {
    "bpm" : 70,
    "confidence" : 0
  }
},{
  "dateTime" : "11/22/23 09:00:59",
  "value" : {
    "bpm" : 70,
    "confidence" : 0
  }
},{
  "dateTime" : "11/22/23 16:24:57",
  "value" : {
    "bpm" : 70,
    "confidence" : 0
  }
},{
  "dateTime" : "11/22/23 16:25:12",
  "value" : {
    "bpm" : 70,
    "confidence" : 0
  }
},{
  "dateTime" : "11/22/23 16:25:22",
  "value" : {
    "bpm" : 73,
    "confidence" : 0
  }
},{
  "dateTime" : "11/22/23 16:25:27",
  "value" : {
    "bpm" : 79,
    "confidence" : 0
  }
},{
  "dateTime" : "11/22/23 16:25:32",
  "value" : {
    "bpm" : 79,
    "confidence" : 1
  }
},{
  "dateTime" : "11/22/23 16:25:37",
  "value" : {
    "bpm" : 81,
    "confidence" : 1
  }
},{
  "dateTime" : "11/22/23 16:25:42",
  "value" : {
    "bpm" : 82,
    "confidence" : 2
  }
},{
  "dateTime" : "11/22/23 16:25:52",
  "value" : {
    "bpm" : 81,
    "confidence" : 1
  }
},{
  "dateTime" : "11/22/23 16:26:02",
  "value" : {
    "bpm" : 84,
    "confidence" : 1
  }
},{
  "dateTime" : "11/22/23 16:26:07",
  "value" : {
    "bpm" : 89,
    "confidence" : 1
  }
},{
  "dateTime" : "11/22/23 16:26:12",
  "value" : {
    "bpm" : 93,
    "confidence" : 1
  }
},{
  "dateTime" : "11/22/23 16:26:17",
  "value" : {
    "bpm" : 95,
    "confidence" : 1
  }
},{
  "dateTime" : "11/22/23 16:26:27",
  "value" : {
    "bpm" : 96,
    "confidence" : 1
  }
},{
  "dateTime" : "11/22/23 16:26:37",
  "value" : {
    "bpm" : 97,
    "confidence" : 1
  }
},{
  "dateTime" : "11/22/23 16:26:42",
  "value" : {
    "bpm" : 95,
    "confidence" : 1
  }
},{
  "dateTime" : "11/22/23 16:26:47",
  "value" : {
    "bpm" : 93,
    "confidence" : 1
  }
},{
  "dateTime" : "11/22/23 16:26:52",
  "value" : {
    "bpm" : 92,
    "confidence" : 1
  }
},{
  "dateTime" : "11/22/23 16:26:57",
  "value" : {
    "bpm" : 88,
    "confidence" : 1
  }
},{
  "dateTime" : "11/22/23 16:27:02",
  "value" : {
    "bpm" : 86,
    "confidence" : 1
  }
},{
  "dateTime" : "11/22/23 16:27:07",
  "value" : {
    "bpm" : 85,
    "confidence" : 1
  }
},{
  "dateTime" : "11/22/23 16:27:12",
  "value" : {
    "bpm" : 84,
    "confidence" : 2
  }
},{
  "dateTime" : "11/22/23 16:27:27",
  "value" : {
    "bpm" : 84,
    "confidence" : 2
  }
},{
  "dateTime" : "11/22/23 16:27:37",
  "value" : {
    "bpm" : 85,
    "confidence" : 2
  }
},{
  "dateTime" : "11/22/23 16:27:47",
  "value" : {
    "bpm" : 84,
    "confidence" : 2
  }
},{
  "dateTime" : "11/22/23 16:27:57",
  "value" : {
    "bpm" : 81,
    "confidence" : 2
  }
},{
  "dateTime" : "11/22/23 16:28:02",
  "value" : {
    "bpm" : 79,
    "confidence" : 2
  }
},{
  "dateTime" : "11/22/23 16:28:07",
  "value" : {
    "bpm" : 80,
    "confidence" : 2
  }
},{
  "dateTime" : "11/22/23 16:28:12",
  "value" : {
    "bpm" : 82,
    "confidence" : 2
  }
},{
  "dateTime" : "11/22/23 16:28:27",
  "value" : {
    "bpm" : 82,
    "confidence" : 2
  }
},{
  "dateTime" : "11/22/23 16:28:32",
  "value" : {
    "bpm" : 83,
    "confidence" : 2
  }
},{
  "dateTime" : "11/22/23 16:28:47",
  "value" : {
    "bpm" : 83,
    "confidence" : 2
  }
},{
  "dateTime" : "11/22/23 16:29:02",
  "value" : {
    "bpm" : 83,
    "confidence" : 2
  }
},{
  "dateTime" : "11/22/23 16:29:07",
  "value" : {
    "bpm" : 82,
    "confidence" : 2
  }
},{
  "dateTime" : "11/22/23 16:29:22",
  "value" : {
    "bpm" : 83,
    "confidence" : 2
  }
},{
  "dateTime" : "11/22/23 16:29:27",
  "value" : {
    "bpm" : 84,
    "confidence" : 2
  }
},{
  "dateTime" : "11/22/23 16:29:42",
  "value" : {
    "bpm" : 84,
    "confidence" : 2
  }
},{
  "dateTime" : "11/22/23 16:29:52",
  "value" : {
    "bpm" : 83,
    "confidence" : 2
  }
},{
  "dateTime" : "11/22/23 16:29:57",
  "value" : {
    "bpm" : 84,
    "confidence" : 2
  }
},{
  "dateTime" : "11/22/23 16:30:07",
  "value" : {
    "bpm" : 83,
    "confidence" : 2
  }
},{
  "dateTime" : "11/22/23 16:30:12",
  "value" : {
    "bpm" : 82,
    "confidence" : 2
  }
},{
  "dateTime" : "11/22/23 16:30:17",
  "value" : {
    "bpm" : 81,
    "confidence" : 2
  }
},{
  "dateTime" : "11/22/23 16:30:32",
  "value" : {
    "bpm" : 82,
    "confidence" : 2
  }
},{
  "dateTime" : "11/22/23 16:30:37",
  "value" : {
    "bpm" : 83,
    "confidence" : 2
  }
},{
  "dateTime" : "11/22/23 16:30:47",
  "value" : {
    "bpm" : 84,
    "confidence" : 2
  }
},{
  "dateTime" : "11/22/23 16:30:52",
  "value" : {
    "bpm" : 85,
    "confidence" : 2
  }
},{
  "dateTime" : "11/22/23 16:30:57",
  "value" : {
    "bpm" : 86,
    "confidence" : 2
  }
},{
  "dateTime" : "11/22/23 16:31:07",
  "value" : {
    "bpm" : 85,
    "confidence" : 2
  }
},{
  "dateTime" : "11/22/23 16:31:22",
  "value" : {
    "bpm" : 85,
    "confidence" : 2
  }
},{
  "dateTime" : "11/22/23 16:31:27",
  "value" : {
    "bpm" : 86,
    "confidence" : 2
  }
},{
  "dateTime" : "11/22/23 16:31:32",
  "value" : {
    "bpm" : 85,
    "confidence" : 2
  }
},{
  "dateTime" : "11/22/23 16:31:37",
  "value" : {
    "bpm" : 84,
    "confidence" : 2
  }
},{
  "dateTime" : "11/22/23 16:31:47",
  "value" : {
    "bpm" : 88,
    "confidence" : 2
  }
},{
  "dateTime" : "11/22/23 16:31:56",
  "value" : {
    "bpm" : 91,
    "confidence" : 2
  }
},{
  "dateTime" : "11/22/23 16:32:01",
  "value" : {
    "bpm" : 94,
    "confidence" : 2
  }
},{
  "dateTime" : "11/22/23 16:32:06",
  "value" : {
    "bpm" : 97,
    "confidence" : 2
  }
},{
  "dateTime" : "11/22/23 16:32:11",
  "value" : {
    "bpm" : 99,
    "confidence" : 2
  }
},{
  "dateTime" : "11/22/23 16:32:26",
  "value" : {
    "bpm" : 99,
    "confidence" : 2
  }
},{
  "dateTime" : "11/22/23 16:32:36",
  "value" : {
    "bpm" : 98,
    "confidence" : 2
  }
},{
  "dateTime" : "11/22/23 16:32:46",
  "value" : {
    "bpm" : 100,
    "confidence" : 2
  }
},{
  "dateTime" : "11/22/23 16:32:51",
  "value" : {
    "bpm" : 101,
    "confidence" : 1
  }
},{
  "dateTime" : "11/22/23 16:32:56",
  "value" : {
    "bpm" : 99,
    "confidence" : 1
  }
},{
  "dateTime" : "11/22/23 16:33:01",
  "value" : {
    "bpm" : 96,
    "confidence" : 1
  }
},{
  "dateTime" : "11/22/23 16:33:06",
  "value" : {
    "bpm" : 87,
    "confidence" : 1
  }
},{
  "dateTime" : "11/22/23 16:33:11",
  "value" : {
    "bpm" : 80,
    "confidence" : 2
  }
},{
  "dateTime" : "11/22/23 16:33:16",
  "value" : {
    "bpm" : 77,
    "confidence" : 2
  }
},{
  "dateTime" : "11/22/23 16:33:31",
  "value" : {
    "bpm" : 77,
    "confidence" : 2
  }
},{
  "dateTime" : "11/22/23 16:33:36",
  "value" : {
    "bpm" : 78,
    "confidence" : 2
  }
},{
  "dateTime" : "11/22/23 16:33:51",
  "value" : {
    "bpm" : 89,
    "confidence" : 2
  }
},{
  "dateTime" : "11/22/23 16:33:57",
  "value" : {
    "bpm" : 91,
    "confidence" : 2
  }
},{
  "dateTime" : "11/22/23 16:34:02",
  "value" : {
    "bpm" : 93,
    "confidence" : 2
  }
},{
  "dateTime" : "11/22/23 16:34:07",
  "value" : {
    "bpm" : 94,
    "confidence" : 2
  }
},{
  "dateTime" : "11/22/23 16:34:12",
  "value" : {
    "bpm" : 95,
    "confidence" : 2
  }
},{
  "dateTime" : "11/22/23 16:34:22",
  "value" : {
    "bpm" : 94,
    "confidence" : 2
  }
},{
  "dateTime" : "11/22/23 16:34:32",
  "value" : {
    "bpm" : 94,
    "confidence" : 1
  }
},{
  "dateTime" : "11/22/23 16:34:42",
  "value" : {
    "bpm" : 94,
    "confidence" : 2
  }
},{
  "dateTime" : "11/22/23 16:34:52",
  "value" : {
    "bpm" : 94,
    "confidence" : 1
  }
},{
  "dateTime" : "11/22/23 16:34:57",
  "value" : {
    "bpm" : 95,
    "confidence" : 1
  }
},{
  "dateTime" : "11/22/23 16:35:12",
  "value" : {
    "bpm" : 94,
    "confidence" : 1
  }
},{
  "dateTime" : "11/22/23 16:35:27",
  "value" : {
    "bpm" : 92,
    "confidence" : 2
  }
},{
  "dateTime" : "11/22/23 16:35:32",
  "value" : {
    "bpm" : 89,
    "confidence" : 2
  }
},{
  "dateTime" : "11/22/23 16:35:37",
  "value" : {
    "bpm" : 88,
    "confidence" : 2
  }
},{
  "dateTime" : "11/22/23 16:35:42",
  "value" : {
    "bpm" : 89,
    "confidence" : 2
  }
},{
  "dateTime" : "11/22/23 16:35:47",
  "value" : {
    "bpm" : 89,
    "confidence" : 1
  }
},{
  "dateTime" : "11/22/23 16:35:52",
  "value" : {
    "bpm" : 90,
    "confidence" : 1
  }
},{
  "dateTime" : "11/22/23 16:35:57",
  "value" : {
    "bpm" : 91,
    "confidence" : 1
  }
},{
  "dateTime" : "11/22/23 16:36:02",
  "value" : {
    "bpm" : 92,
    "confidence" : 1
  }
},{
  "dateTime" : "11/22/23 16:36:07",
  "value" : {
    "bpm" : 91,
    "confidence" : 1
  }
},{
  "dateTime" : "11/22/23 16:36:12",
  "value" : {
    "bpm" : 88,
    "confidence" : 1
  }
},{
  "dateTime" : "11/22/23 16:36:17",
  "value" : {
    "bpm" : 89,
    "confidence" : 2
  }
},{
  "dateTime" : "11/22/23 16:36:22",
  "value" : {
    "bpm" : 90,
    "confidence" : 2
  }
},{
  "dateTime" : "11/22/23 16:36:27",
  "value" : {
    "bpm" : 87,
    "confidence" : 2
  }
},{
  "dateTime" : "11/22/23 16:36:32",
  "value" : {
    "bpm" : 85,
    "confidence" : 2
  }
},{
  "dateTime" : "11/22/23 16:36:37",
  "value" : {
    "bpm" : 84,
    "confidence" : 2
  }
},{
  "dateTime" : "11/22/23 16:36:42",
  "value" : {
    "bpm" : 83,
    "confidence" : 2
  }
},{
  "dateTime" : "11/22/23 16:36:57",
  "value" : {
    "bpm" : 83,
    "confidence" : 2
  }
},{
  "dateTime" : "11/22/23 16:37:02",
  "value" : {
    "bpm" : 83,
    "confidence" : 2
  }
},{
  "dateTime" : "11/22/23 16:37:12",
  "value" : {
    "bpm" : 84,
    "confidence" : 2
  }
},{
  "dateTime" : "11/22/23 16:37:17",
  "value" : {
    "bpm" : 85,
    "confidence" : 2
  }
},{
  "dateTime" : "11/22/23 16:37:22",
  "value" : {
    "bpm" : 86,
    "confidence" : 2
  }
},{
  "dateTime" : "11/22/23 16:37:37",
  "value" : {
    "bpm" : 85,
    "confidence" : 2
  }
},{
  "dateTime" : "11/22/23 16:37:52",
  "value" : {
    "bpm" : 84,
    "confidence" : 2
  }
},{
  "dateTime" : "11/22/23 16:37:57",
  "value" : {
    "bpm" : 83,
    "confidence" : 2
  }
},{
  "dateTime" : "11/22/23 16:38:07",
  "value" : {
    "bpm" : 82,
    "confidence" : 2
  }
},{
  "dateTime" : "11/22/23 16:38:17",
  "value" : {
    "bpm" : 81,
    "confidence" : 2
  }
},{
  "dateTime" : "11/22/23 16:38:22",
  "value" : {
    "bpm" : 77,
    "confidence" : 2
  }
},{
  "dateTime" : "11/22/23 16:38:32",
  "value" : {
    "bpm" : 75,
    "confidence" : 2
  }
},{
  "dateTime" : "11/22/23 16:38:37",
  "value" : {
    "bpm" : 74,
    "confidence" : 2
  }
},{
  "dateTime" : "11/22/23 16:38:52",
  "value" : {
    "bpm" : 75,
    "confidence" : 2
  }
},{
  "dateTime" : "11/22/23 16:38:57",
  "value" : {
    "bpm" : 77,
    "confidence" : 2
  }
},{
  "dateTime" : "11/22/23 16:39:02",
  "value" : {
    "bpm" : 79,
    "confidence" : 2
  }
},{
  "dateTime" : "11/22/23 16:39:07",
  "value" : {
    "bpm" : 80,
    "confidence" : 2
  }
},{
  "dateTime" : "11/22/23 16:39:12",
  "value" : {
    "bpm" : 78,
    "confidence" : 2
  }
},{
  "dateTime" : "11/22/23 16:39:17",
  "value" : {
    "bpm" : 77,
    "confidence" : 2
  }
},{
  "dateTime" : "11/22/23 16:39:22",
  "value" : {
    "bpm" : 78,
    "confidence" : 2
  }
},{
  "dateTime" : "11/22/23 16:39:27",
  "value" : {
    "bpm" : 79,
    "confidence" : 2
  }
},{
  "dateTime" : "11/22/23 16:39:32",
  "value" : {
    "bpm" : 78,
    "confidence" : 2
  }
},{
  "dateTime" : "11/22/23 16:39:37",
  "value" : {
    "bpm" : 79,
    "confidence" : 2
  }
},{
  "dateTime" : "11/22/23 16:39:42",
  "value" : {
    "bpm" : 80,
    "confidence" : 2
  }
},{
  "dateTime" : "11/22/23 16:39:47",
  "value" : {
    "bpm" : 81,
    "confidence" : 2
  }
},{
  "dateTime" : "11/22/23 16:39:52",
  "value" : {
    "bpm" : 80,
    "confidence" : 2
  }
},{
  "dateTime" : "11/22/23 16:39:57",
  "value" : {
    "bpm" : 79,
    "confidence" : 2
  }
},{
  "dateTime" : "11/22/23 16:40:07",
  "value" : {
    "bpm" : 80,
    "confidence" : 2
  }
},{
  "dateTime" : "11/22/23 16:40:12",
  "value" : {
    "bpm" : 80,
    "confidence" : 2
  }
},{
  "dateTime" : "11/22/23 16:40:27",
  "value" : {
    "bpm" : 79,
    "confidence" : 2
  }
},{
  "dateTime" : "11/22/23 16:40:32",
  "value" : {
    "bpm" : 78,
    "confidence" : 2
  }
},{
  "dateTime" : "11/22/23 16:40:37",
  "value" : {
    "bpm" : 76,
    "confidence" : 2
  }
},{
  "dateTime" : "11/22/23 16:40:47",
  "value" : {
    "bpm" : 79,
    "confidence" : 2
  }
},{
  "dateTime" : "11/22/23 16:40:52",
  "value" : {
    "bpm" : 80,
    "confidence" : 2
  }
},{
  "dateTime" : "11/22/23 16:41:02",
  "value" : {
    "bpm" : 81,
    "confidence" : 2
  }
},{
  "dateTime" : "11/22/23 16:41:07",
  "value" : {
    "bpm" : 80,
    "confidence" : 2
  }
},{
  "dateTime" : "11/22/23 16:41:17",
  "value" : {
    "bpm" : 79,
    "confidence" : 2
  }
},{
  "dateTime" : "11/22/23 16:41:32",
  "value" : {
    "bpm" : 80,
    "confidence" : 2
  }
},{
  "dateTime" : "11/22/23 16:41:37",
  "value" : {
    "bpm" : 81,
    "confidence" : 2
  }
},{
  "dateTime" : "11/22/23 16:41:42",
  "value" : {
    "bpm" : 80,
    "confidence" : 2
  }
},{
  "dateTime" : "11/22/23 16:41:47",
  "value" : {
    "bpm" : 79,
    "confidence" : 2
  }
},{
  "dateTime" : "11/22/23 16:42:02",
  "value" : {
    "bpm" : 79,
    "confidence" : 2
  }
},{
  "dateTime" : "11/22/23 16:42:07",
  "value" : {
    "bpm" : 80,
    "confidence" : 2
  }
},{
  "dateTime" : "11/22/23 16:42:12",
  "value" : {
    "bpm" : 79,
    "confidence" : 2
  }
},{
  "dateTime" : "11/22/23 16:42:22",
  "value" : {
    "bpm" : 82,
    "confidence" : 2
  }
},{
  "dateTime" : "11/22/23 16:42:37",
  "value" : {
    "bpm" : 81,
    "confidence" : 2
  }
},{
  "dateTime" : "11/22/23 16:42:42",
  "value" : {
    "bpm" : 82,
    "confidence" : 2
  }
},{
  "dateTime" : "11/22/23 16:42:47",
  "value" : {
    "bpm" : 81,
    "confidence" : 2
  }
},{
  "dateTime" : "11/22/23 16:42:57",
  "value" : {
    "bpm" : 80,
    "confidence" : 2
  }
},{
  "dateTime" : "11/22/23 16:43:02",
  "value" : {
    "bpm" : 79,
    "confidence" : 2
  }
},{
  "dateTime" : "11/22/23 16:43:12",
  "value" : {
    "bpm" : 80,
    "confidence" : 2
  }
},{
  "dateTime" : "11/22/23 16:43:17",
  "value" : {
    "bpm" : 79,
    "confidence" : 2
  }
},{
  "dateTime" : "11/22/23 16:43:22",
  "value" : {
    "bpm" : 78,
    "confidence" : 2
  }
},{
  "dateTime" : "11/22/23 16:43:37",
  "value" : {
    "bpm" : 80,
    "confidence" : 2
  }
},{
  "dateTime" : "11/22/23 16:43:42",
  "value" : {
    "bpm" : 82,
    "confidence" : 2
  }
},{
  "dateTime" : "11/22/23 16:43:47",
  "value" : {
    "bpm" : 82,
    "confidence" : 2
  }
},{
  "dateTime" : "11/22/23 16:44:02",
  "value" : {
    "bpm" : 83,
    "confidence" : 2
  }
},{
  "dateTime" : "11/22/23 16:44:07",
  "value" : {
    "bpm" : 84,
    "confidence" : 2
  }
},{
  "dateTime" : "11/22/23 16:44:17",
  "value" : {
    "bpm" : 82,
    "confidence" : 2
  }
},{
  "dateTime" : "11/22/23 16:44:22",
  "value" : {
    "bpm" : 80,
    "confidence" : 2
  }
},{
  "dateTime" : "11/22/23 16:44:27",
  "value" : {
    "bpm" : 77,
    "confidence" : 2
  }
},{
  "dateTime" : "11/22/23 16:44:37",
  "value" : {
    "bpm" : 78,
    "confidence" : 2
  }
},{
  "dateTime" : "11/22/23 16:44:42",
  "value" : {
    "bpm" : 77,
    "confidence" : 2
  }
},{
  "dateTime" : "11/22/23 16:44:47",
  "value" : {
    "bpm" : 73,
    "confidence" : 2
  }
},{
  "dateTime" : "11/22/23 16:44:52",
  "value" : {
    "bpm" : 72,
    "confidence" : 2
  }
},{
  "dateTime" : "11/22/23 16:44:57",
  "value" : {
    "bpm" : 71,
    "confidence" : 2
  }
},{
  "dateTime" : "11/22/23 16:45:07",
  "value" : {
    "bpm" : 69,
    "confidence" : 2
  }
},{
  "dateTime" : "11/22/23 16:45:12",
  "value" : {
    "bpm" : 65,
    "confidence" : 2
  }
},{
  "dateTime" : "11/22/23 16:45:22",
  "value" : {
    "bpm" : 64,
    "confidence" : 2
  }
},{
  "dateTime" : "11/22/23 16:45:27",
  "value" : {
    "bpm" : 63,
    "confidence" : 2
  }
},{
  "dateTime" : "11/22/23 16:45:42",
  "value" : {
    "bpm" : 62,
    "confidence" : 2
  }
},{
  "dateTime" : "11/22/23 16:45:52",
  "value" : {
    "bpm" : 63,
    "confidence" : 2
  }
},{
  "dateTime" : "11/22/23 16:45:57",
  "value" : {
    "bpm" : 61,
    "confidence" : 2
  }
},{
  "dateTime" : "11/22/23 16:46:02",
  "value" : {
    "bpm" : 59,
    "confidence" : 3
  }
},{
  "dateTime" : "11/22/23 16:46:07",
  "value" : {
    "bpm" : 58,
    "confidence" : 3
  }
},{
  "dateTime" : "11/22/23 16:46:12",
  "value" : {
    "bpm" : 59,
    "confidence" : 3
  }
},{
  "dateTime" : "11/22/23 16:46:27",
  "value" : {
    "bpm" : 59,
    "confidence" : 3
  }
},{
  "dateTime" : "11/22/23 16:46:32",
  "value" : {
    "bpm" : 59,
    "confidence" : 2
  }
},{
  "dateTime" : "11/22/23 16:46:37",
  "value" : {
    "bpm" : 60,
    "confidence" : 2
  }
},{
  "dateTime" : "11/22/23 16:46:47",
  "value" : {
    "bpm" : 61,
    "confidence" : 2
  }
},{
  "dateTime" : "11/22/23 16:46:52",
  "value" : {
    "bpm" : 62,
    "confidence" : 2
  }
},{
  "dateTime" : "11/22/23 16:46:57",
  "value" : {
    "bpm" : 64,
    "confidence" : 2
  }
},{
  "dateTime" : "11/22/23 16:47:02",
  "value" : {
    "bpm" : 66,
    "confidence" : 2
  }
},{
  "dateTime" : "11/22/23 16:47:07",
  "value" : {
    "bpm" : 68,
    "confidence" : 2
  }
},{
  "dateTime" : "11/22/23 16:47:12",
  "value" : {
    "bpm" : 69,
    "confidence" : 1
  }
},{
  "dateTime" : "11/22/23 16:47:17",
  "value" : {
    "bpm" : 70,
    "confidence" : 1
  }
},{
  "dateTime" : "11/22/23 16:47:22",
  "value" : {
    "bpm" : 72,
    "confidence" : 2
  }
},{
  "dateTime" : "11/22/23 16:47:32",
  "value" : {
    "bpm" : 73,
    "confidence" : 2
  }
},{
  "dateTime" : "11/22/23 16:47:37",
  "value" : {
    "bpm" : 74,
    "confidence" : 2
  }
},{
  "dateTime" : "11/22/23 16:47:47",
  "value" : {
    "bpm" : 75,
    "confidence" : 2
  }
},{
  "dateTime" : "11/22/23 16:47:57",
  "value" : {
    "bpm" : 76,
    "confidence" : 2
  }
},{
  "dateTime" : "11/22/23 16:48:12",
  "value" : {
    "bpm" : 72,
    "confidence" : 2
  }
},{
  "dateTime" : "11/22/23 16:48:17",
  "value" : {
    "bpm" : 71,
    "confidence" : 2
  }
},{
  "dateTime" : "11/22/23 16:48:27",
  "value" : {
    "bpm" : 70,
    "confidence" : 2
  }
},{
  "dateTime" : "11/22/23 16:48:32",
  "value" : {
    "bpm" : 67,
    "confidence" : 3
  }
},{
  "dateTime" : "11/22/23 16:48:37",
  "value" : {
    "bpm" : 67,
    "confidence" : 2
  }
},{
  "dateTime" : "11/22/23 16:48:52",
  "value" : {
    "bpm" : 68,
    "confidence" : 2
  }
},{
  "dateTime" : "11/22/23 16:48:57",
  "value" : {
    "bpm" : 69,
    "confidence" : 2
  }
},{
  "dateTime" : "11/22/23 16:49:02",
  "value" : {
    "bpm" : 70,
    "confidence" : 1
  }
},{
  "dateTime" : "11/22/23 16:49:07",
  "value" : {
    "bpm" : 72,
    "confidence" : 1
  }
},{
  "dateTime" : "11/22/23 16:49:17",
  "value" : {
    "bpm" : 73,
    "confidence" : 1
  }
},{
  "dateTime" : "11/22/23 16:49:22",
  "value" : {
    "bpm" : 74,
    "confidence" : 1
  }
},{
  "dateTime" : "11/22/23 16:49:27",
  "value" : {
    "bpm" : 75,
    "confidence" : 1
  }
},{
  "dateTime" : "11/22/23 16:49:32",
  "value" : {
    "bpm" : 76,
    "confidence" : 2
  }
},{
  "dateTime" : "11/22/23 16:49:42",
  "value" : {
    "bpm" : 77,
    "confidence" : 2
  }
},{
  "dateTime" : "11/22/23 16:49:52",
  "value" : {
    "bpm" : 78,
    "confidence" : 2
  }
},{
  "dateTime" : "11/22/23 16:49:57",
  "value" : {
    "bpm" : 79,
    "confidence" : 2
  }
},{
  "dateTime" : "11/22/23 16:50:07",
  "value" : {
    "bpm" : 78,
    "confidence" : 2
  }
},{
  "dateTime" : "11/22/23 16:50:12",
  "value" : {
    "bpm" : 77,
    "confidence" : 2
  }
},{
  "dateTime" : "11/22/23 16:50:17",
  "value" : {
    "bpm" : 76,
    "confidence" : 2
  }
},{
  "dateTime" : "11/22/23 16:50:22",
  "value" : {
    "bpm" : 77,
    "confidence" : 2
  }
},{
  "dateTime" : "11/22/23 16:50:27",
  "value" : {
    "bpm" : 78,
    "confidence" : 2
  }
},{
  "dateTime" : "11/22/23 16:50:42",
  "value" : {
    "bpm" : 82,
    "confidence" : 2
  }
},{
  "dateTime" : "11/22/23 16:50:47",
  "value" : {
    "bpm" : 84,
    "confidence" : 2
  }
},{
  "dateTime" : "11/22/23 16:50:52",
  "value" : {
    "bpm" : 82,
    "confidence" : 2
  }
},{
  "dateTime" : "11/22/23 16:51:02",
  "value" : {
    "bpm" : 82,
    "confidence" : 1
  }
},{
  "dateTime" : "11/22/23 16:51:07",
  "value" : {
    "bpm" : 83,
    "confidence" : 1
  }
},{
  "dateTime" : "11/22/23 16:51:17",
  "value" : {
    "bpm" : 82,
    "confidence" : 1
  }
},{
  "dateTime" : "11/22/23 16:51:22",
  "value" : {
    "bpm" : 81,
    "confidence" : 1
  }
},{
  "dateTime" : "11/22/23 16:51:27",
  "value" : {
    "bpm" : 78,
    "confidence" : 1
  }
},{
  "dateTime" : "11/22/23 16:51:37",
  "value" : {
    "bpm" : 79,
    "confidence" : 2
  }
},{
  "dateTime" : "11/22/23 16:51:52",
  "value" : {
    "bpm" : 79,
    "confidence" : 2
  }
},{
  "dateTime" : "11/22/23 16:52:07",
  "value" : {
    "bpm" : 79,
    "confidence" : 2
  }
},{
  "dateTime" : "11/22/23 16:52:12",
  "value" : {
    "bpm" : 81,
    "confidence" : 2
  }
},{
  "dateTime" : "11/22/23 16:52:22",
  "value" : {
    "bpm" : 80,
    "confidence" : 2
  }
},{
  "dateTime" : "11/22/23 16:52:37",
  "value" : {
    "bpm" : 80,
    "confidence" : 2
  }
},{
  "dateTime" : "11/22/23 16:52:47",
  "value" : {
    "bpm" : 79,
    "confidence" : 2
  }
},{
  "dateTime" : "11/22/23 16:52:52",
  "value" : {
    "bpm" : 76,
    "confidence" : 2
  }
},{
  "dateTime" : "11/22/23 16:53:02",
  "value" : {
    "bpm" : 77,
    "confidence" : 2
  }
},{
  "dateTime" : "11/22/23 16:53:17",
  "value" : {
    "bpm" : 78,
    "confidence" : 2
  }
},{
  "dateTime" : "11/22/23 16:53:22",
  "value" : {
    "bpm" : 77,
    "confidence" : 2
  }
},{
  "dateTime" : "11/22/23 16:53:32",
  "value" : {
    "bpm" : 79,
    "confidence" : 2
  }
},{
  "dateTime" : "11/22/23 16:53:37",
  "value" : {
    "bpm" : 78,
    "confidence" : 2
  }
},{
  "dateTime" : "11/22/23 16:53:42",
  "value" : {
    "bpm" : 76,
    "confidence" : 2
  }
},{
  "dateTime" : "11/22/23 16:53:47",
  "value" : {
    "bpm" : 73,
    "confidence" : 2
  }
},{
  "dateTime" : "11/22/23 16:53:57",
  "value" : {
    "bpm" : 74,
    "confidence" : 2
  }
},{
  "dateTime" : "11/22/23 16:54:02",
  "value" : {
    "bpm" : 75,
    "confidence" : 2
  }
},{
  "dateTime" : "11/22/23 16:54:07",
  "value" : {
    "bpm" : 76,
    "confidence" : 2
  }
},{
  "dateTime" : "11/22/23 16:54:12",
  "value" : {
    "bpm" : 75,
    "confidence" : 2
  }
},{
  "dateTime" : "11/22/23 16:54:17",
  "value" : {
    "bpm" : 71,
    "confidence" : 2
  }
},{
  "dateTime" : "11/22/23 16:54:32",
  "value" : {
    "bpm" : 71,
    "confidence" : 2
  }
},{
  "dateTime" : "11/22/23 16:54:42",
  "value" : {
    "bpm" : 70,
    "confidence" : 2
  }
},{
  "dateTime" : "11/22/23 16:54:47",
  "value" : {
    "bpm" : 69,
    "confidence" : 2
  }
},{
  "dateTime" : "11/22/23 16:55:02",
  "value" : {
    "bpm" : 70,
    "confidence" : 2
  }
},{
  "dateTime" : "11/22/23 16:55:17",
  "value" : {
    "bpm" : 70,
    "confidence" : 2
  }
},{
  "dateTime" : "11/22/23 16:55:32",
  "value" : {
    "bpm" : 71,
    "confidence" : 2
  }
},{
  "dateTime" : "11/22/23 16:55:42",
  "value" : {
    "bpm" : 70,
    "confidence" : 2
  }
},{
  "dateTime" : "11/22/23 16:55:47",
  "value" : {
    "bpm" : 69,
    "confidence" : 2
  }
},{
  "dateTime" : "11/22/23 16:56:02",
  "value" : {
    "bpm" : 69,
    "confidence" : 2
  }
},{
  "dateTime" : "11/22/23 16:56:07",
  "value" : {
    "bpm" : 70,
    "confidence" : 3
  }
},{
  "dateTime" : "11/22/23 16:56:12",
  "value" : {
    "bpm" : 69,
    "confidence" : 2
  }
},{
  "dateTime" : "11/22/23 16:56:27",
  "value" : {
    "bpm" : 70,
    "confidence" : 2
  }
},{
  "dateTime" : "11/22/23 16:56:32",
  "value" : {
    "bpm" : 69,
    "confidence" : 2
  }
},{
  "dateTime" : "11/22/23 16:56:37",
  "value" : {
    "bpm" : 66,
    "confidence" : 3
  }
},{
  "dateTime" : "11/22/23 16:56:42",
  "value" : {
    "bpm" : 66,
    "confidence" : 2
  }
},{
  "dateTime" : "11/22/23 16:56:57",
  "value" : {
    "bpm" : 66,
    "confidence" : 2
  }
},{
  "dateTime" : "11/22/23 16:57:07",
  "value" : {
    "bpm" : 67,
    "confidence" : 3
  }
},{
  "dateTime" : "11/22/23 16:57:12",
  "value" : {
    "bpm" : 67,
    "confidence" : 2
  }
},{
  "dateTime" : "11/22/23 16:57:27",
  "value" : {
    "bpm" : 68,
    "confidence" : 2
  }
},{
  "dateTime" : "11/22/23 16:57:32",
  "value" : {
    "bpm" : 67,
    "confidence" : 2
  }
},{
  "dateTime" : "11/22/23 16:57:37",
  "value" : {
    "bpm" : 67,
    "confidence" : 3
  }
},{
  "dateTime" : "11/22/23 16:57:42",
  "value" : {
    "bpm" : 67,
    "confidence" : 2
  }
},{
  "dateTime" : "11/22/23 16:57:52",
  "value" : {
    "bpm" : 68,
    "confidence" : 2
  }
},{
  "dateTime" : "11/22/23 16:57:57",
  "value" : {
    "bpm" : 68,
    "confidence" : 2
  }
},{
  "dateTime" : "11/22/23 16:58:07",
  "value" : {
    "bpm" : 69,
    "confidence" : 2
  }
},{
  "dateTime" : "11/22/23 16:58:22",
  "value" : {
    "bpm" : 69,
    "confidence" : 3
  }
},{
  "dateTime" : "11/22/23 16:58:27",
  "value" : {
    "bpm" : 70,
    "confidence" : 2
  }
},{
  "dateTime" : "11/22/23 16:58:32",
  "value" : {
    "bpm" : 69,
    "confidence" : 2
  }
},{
  "dateTime" : "11/22/23 16:58:47",
  "value" : {
    "bpm" : 67,
    "confidence" : 2
  }
},{
  "dateTime" : "11/22/23 16:58:52",
  "value" : {
    "bpm" : 63,
    "confidence" : 3
  }
},{
  "dateTime" : "11/22/23 16:59:07",
  "value" : {
    "bpm" : 63,
    "confidence" : 2
  }
},{
  "dateTime" : "11/22/23 16:59:22",
  "value" : {
    "bpm" : 64,
    "confidence" : 2
  }
},{
  "dateTime" : "11/22/23 16:59:27",
  "value" : {
    "bpm" : 63,
    "confidence" : 2
  }
},{
  "dateTime" : "11/22/23 16:59:37",
  "value" : {
    "bpm" : 62,
    "confidence" : 2
  }
},{
  "dateTime" : "11/22/23 16:59:52",
  "value" : {
    "bpm" : 63,
    "confidence" : 2
  }
},{
  "dateTime" : "11/22/23 16:59:57",
  "value" : {
    "bpm" : 63,
    "confidence" : 3
  }
},{
  "dateTime" : "11/22/23 17:00:02",
  "value" : {
    "bpm" : 63,
    "confidence" : 2
  }
},{
  "dateTime" : "11/22/23 17:00:17",
  "value" : {
    "bpm" : 64,
    "confidence" : 2
  }
},{
  "dateTime" : "11/22/23 17:00:22",
  "value" : {
    "bpm" : 65,
    "confidence" : 2
  }
},{
  "dateTime" : "11/22/23 17:00:27",
  "value" : {
    "bpm" : 67,
    "confidence" : 2
  }
},{
  "dateTime" : "11/22/23 17:00:32",
  "value" : {
    "bpm" : 68,
    "confidence" : 2
  }
},{
  "dateTime" : "11/22/23 17:00:37",
  "value" : {
    "bpm" : 69,
    "confidence" : 2
  }
},{
  "dateTime" : "11/22/23 17:00:42",
  "value" : {
    "bpm" : 71,
    "confidence" : 2
  }
},{
  "dateTime" : "11/22/23 17:00:47",
  "value" : {
    "bpm" : 75,
    "confidence" : 1
  }
},{
  "dateTime" : "11/22/23 17:00:52",
  "value" : {
    "bpm" : 78,
    "confidence" : 1
  }
},{
  "dateTime" : "11/22/23 17:00:57",
  "value" : {
    "bpm" : 81,
    "confidence" : 1
  }
},{
  "dateTime" : "11/22/23 17:01:02",
  "value" : {
    "bpm" : 84,
    "confidence" : 1
  }
},{
  "dateTime" : "11/22/23 17:01:07",
  "value" : {
    "bpm" : 86,
    "confidence" : 1
  }
},{
  "dateTime" : "11/22/23 17:01:12",
  "value" : {
    "bpm" : 88,
    "confidence" : 1
  }
},{
  "dateTime" : "11/22/23 17:01:17",
  "value" : {
    "bpm" : 90,
    "confidence" : 1
  }
},{
  "dateTime" : "11/22/23 17:01:22",
  "value" : {
    "bpm" : 86,
    "confidence" : 2
  }
},{
  "dateTime" : "11/22/23 17:01:27",
  "value" : {
    "bpm" : 79,
    "confidence" : 3
  }
},{
  "dateTime" : "11/22/23 17:01:32",
  "value" : {
    "bpm" : 78,
    "confidence" : 3
  }
},{
  "dateTime" : "11/22/23 17:01:37",
  "value" : {
    "bpm" : 78,
    "confidence" : 2
  }
},{
  "dateTime" : "11/22/23 17:01:52",
  "value" : {
    "bpm" : 78,
    "confidence" : 2
  }
},{
  "dateTime" : "11/22/23 17:01:57",
  "value" : {
    "bpm" : 77,
    "confidence" : 2
  }
},{
  "dateTime" : "11/22/23 17:02:07",
  "value" : {
    "bpm" : 76,
    "confidence" : 2
  }
},{
  "dateTime" : "11/22/23 17:02:12",
  "value" : {
    "bpm" : 75,
    "confidence" : 2
  }
},{
  "dateTime" : "11/22/23 17:02:22",
  "value" : {
    "bpm" : 72,
    "confidence" : 2
  }
},{
  "dateTime" : "11/22/23 17:02:27",
  "value" : {
    "bpm" : 71,
    "confidence" : 2
  }
},{
  "dateTime" : "11/22/23 17:02:32",
  "value" : {
    "bpm" : 72,
    "confidence" : 2
  }
},{
  "dateTime" : "11/22/23 17:02:42",
  "value" : {
    "bpm" : 70,
    "confidence" : 2
  }
},{
  "dateTime" : "11/22/23 17:02:47",
  "value" : {
    "bpm" : 70,
    "confidence" : 3
  }
},{
  "dateTime" : "11/22/23 17:02:52",
  "value" : {
    "bpm" : 70,
    "confidence" : 2
  }
},{
  "dateTime" : "11/22/23 17:03:02",
  "value" : {
    "bpm" : 71,
    "confidence" : 2
  }
},{
  "dateTime" : "11/22/23 17:03:07",
  "value" : {
    "bpm" : 72,
    "confidence" : 2
  }
},{
  "dateTime" : "11/22/23 17:03:12",
  "value" : {
    "bpm" : 73,
    "confidence" : 2
  }
},{
  "dateTime" : "11/22/23 17:03:17",
  "value" : {
    "bpm" : 72,
    "confidence" : 2
  }
},{
  "dateTime" : "11/22/23 17:03:22",
  "value" : {
    "bpm" : 68,
    "confidence" : 2
  }
},{
  "dateTime" : "11/22/23 17:03:27",
  "value" : {
    "bpm" : 68,
    "confidence" : 3
  }
},{
  "dateTime" : "11/22/23 17:03:32",
  "value" : {
    "bpm" : 67,
    "confidence" : 2
  }
},{
  "dateTime" : "11/22/23 17:03:37",
  "value" : {
    "bpm" : 68,
    "confidence" : 2
  }
},{
  "dateTime" : "11/22/23 17:03:50",
  "value" : {
    "bpm" : 68,
    "confidence" : 2
  }
},{
  "dateTime" : "11/22/23 17:04:05",
  "value" : {
    "bpm" : 67,
    "confidence" : 2
  }
},{
  "dateTime" : "11/22/23 17:04:20",
  "value" : {
    "bpm" : 67,
    "confidence" : 2
  }
},{
  "dateTime" : "11/22/23 17:04:30",
  "value" : {
    "bpm" : 69,
    "confidence" : 2
  }
},{
  "dateTime" : "11/22/23 17:04:45",
  "value" : {
    "bpm" : 68,
    "confidence" : 2
  }
},{
  "dateTime" : "11/22/23 17:05:00",
  "value" : {
    "bpm" : 68,
    "confidence" : 2
  }
},{
  "dateTime" : "11/22/23 17:05:05",
  "value" : {
    "bpm" : 67,
    "confidence" : 2
  }
},{
  "dateTime" : "11/22/23 17:05:20",
  "value" : {
    "bpm" : 67,
    "confidence" : 2
  }
},{
  "dateTime" : "11/22/23 17:05:35",
  "value" : {
    "bpm" : 67,
    "confidence" : 2
  }
},{
  "dateTime" : "11/22/23 17:05:50",
  "value" : {
    "bpm" : 68,
    "confidence" : 2
  }
},{
  "dateTime" : "11/22/23 17:06:00",
  "value" : {
    "bpm" : 69,
    "confidence" : 2
  }
},{
  "dateTime" : "11/22/23 17:06:15",
  "value" : {
    "bpm" : 66,
    "confidence" : 3
  }
},{
  "dateTime" : "11/22/23 17:06:20",
  "value" : {
    "bpm" : 65,
    "confidence" : 3
  }
},{
  "dateTime" : "11/22/23 17:06:25",
  "value" : {
    "bpm" : 65,
    "confidence" : 2
  }
},{
  "dateTime" : "11/22/23 17:06:30",
  "value" : {
    "bpm" : 66,
    "confidence" : 2
  }
},{
  "dateTime" : "11/22/23 17:06:45",
  "value" : {
    "bpm" : 66,
    "confidence" : 2
  }
},{
  "dateTime" : "11/22/23 17:06:50",
  "value" : {
    "bpm" : 65,
    "confidence" : 2
  }
},{
  "dateTime" : "11/22/23 17:07:05",
  "value" : {
    "bpm" : 66,
    "confidence" : 2
  }
},{
  "dateTime" : "11/22/23 17:07:10",
  "value" : {
    "bpm" : 67,
    "confidence" : 2
  }
},{
  "dateTime" : "11/22/23 17:07:15",
  "value" : {
    "bpm" : 66,
    "confidence" : 2
  }
},{
  "dateTime" : "11/22/23 17:07:20",
  "value" : {
    "bpm" : 67,
    "confidence" : 2
  }
},{
  "dateTime" : "11/22/23 17:07:25",
  "value" : {
    "bpm" : 65,
    "confidence" : 2
  }
},{
  "dateTime" : "11/22/23 17:07:40",
  "value" : {
    "bpm" : 66,
    "confidence" : 2
  }
},{
  "dateTime" : "11/22/23 17:07:45",
  "value" : {
    "bpm" : 67,
    "confidence" : 1
  }
},{
  "dateTime" : "11/22/23 17:07:55",
  "value" : {
    "bpm" : 67,
    "confidence" : 2
  }
},{
  "dateTime" : "11/22/23 17:08:05",
  "value" : {
    "bpm" : 68,
    "confidence" : 2
  }
},{
  "dateTime" : "11/22/23 17:08:10",
  "value" : {
    "bpm" : 69,
    "confidence" : 2
  }
},{
  "dateTime" : "11/22/23 17:08:15",
  "value" : {
    "bpm" : 69,
    "confidence" : 2
  }
},{
  "dateTime" : "11/22/23 17:08:30",
  "value" : {
    "bpm" : 69,
    "confidence" : 2
  }
},{
  "dateTime" : "11/22/23 17:08:40",
  "value" : {
    "bpm" : 70,
    "confidence" : 2
  }
},{
  "dateTime" : "11/22/23 17:08:50",
  "value" : {
    "bpm" : 71,
    "confidence" : 2
  }
},{
  "dateTime" : "11/22/23 17:09:05",
  "value" : {
    "bpm" : 70,
    "confidence" : 2
  }
},{
  "dateTime" : "11/22/23 17:09:20",
  "value" : {
    "bpm" : 70,
    "confidence" : 2
  }
},{
  "dateTime" : "11/22/23 17:09:25",
  "value" : {
    "bpm" : 71,
    "confidence" : 2
  }
},{
  "dateTime" : "11/22/23 17:09:40",
  "value" : {
    "bpm" : 71,
    "confidence" : 2
  }
},{
  "dateTime" : "11/22/23 17:09:45",
  "value" : {
    "bpm" : 72,
    "confidence" : 3
  }
},{
  "dateTime" : "11/22/23 17:09:50",
  "value" : {
    "bpm" : 71,
    "confidence" : 2
  }
},{
  "dateTime" : "11/22/23 17:10:05",
  "value" : {
    "bpm" : 70,
    "confidence" : 2
  }
},{
  "dateTime" : "11/22/23 17:10:20",
  "value" : {
    "bpm" : 70,
    "confidence" : 2
  }
},{
  "dateTime" : "11/22/23 17:10:30",
  "value" : {
    "bpm" : 71,
    "confidence" : 2
  }
},{
  "dateTime" : "11/22/23 17:10:35",
  "value" : {
    "bpm" : 72,
    "confidence" : 2
  }
},{
  "dateTime" : "11/22/23 17:10:40",
  "value" : {
    "bpm" : 74,
    "confidence" : 2
  }
},{
  "dateTime" : "11/22/23 17:10:45",
  "value" : {
    "bpm" : 76,
    "confidence" : 2
  }
},{
  "dateTime" : "11/22/23 17:10:50",
  "value" : {
    "bpm" : 77,
    "confidence" : 2
  }
},{
  "dateTime" : "11/22/23 17:10:55",
  "value" : {
    "bpm" : 78,
    "confidence" : 2
  }
},{
  "dateTime" : "11/22/23 17:11:10",
  "value" : {
    "bpm" : 80,
    "confidence" : 2
  }
},{
  "dateTime" : "11/22/23 17:11:15",
  "value" : {
    "bpm" : 81,
    "confidence" : 2
  }
},{
  "dateTime" : "11/22/23 17:11:25",
  "value" : {
    "bpm" : 80,
    "confidence" : 2
  }
},{
  "dateTime" : "11/22/23 17:11:30",
  "value" : {
    "bpm" : 81,
    "confidence" : 2
  }
},{
  "dateTime" : "11/22/23 17:11:35",
  "value" : {
    "bpm" : 83,
    "confidence" : 2
  }
},{
  "dateTime" : "11/22/23 17:11:50",
  "value" : {
    "bpm" : 82,
    "confidence" : 2
  }
},{
  "dateTime" : "11/22/23 17:11:55",
  "value" : {
    "bpm" : 81,
    "confidence" : 2
  }
},{
  "dateTime" : "11/22/23 17:12:00",
  "value" : {
    "bpm" : 83,
    "confidence" : 2
  }
},{
  "dateTime" : "11/22/23 17:12:10",
  "value" : {
    "bpm" : 81,
    "confidence" : 2
  }
},{
  "dateTime" : "11/22/23 17:12:15",
  "value" : {
    "bpm" : 80,
    "confidence" : 2
  }
},{
  "dateTime" : "11/22/23 17:12:30",
  "value" : {
    "bpm" : 79,
    "confidence" : 2
  }
},{
  "dateTime" : "11/22/23 17:12:45",
  "value" : {
    "bpm" : 78,
    "confidence" : 2
  }
},{
  "dateTime" : "11/22/23 17:12:50",
  "value" : {
    "bpm" : 79,
    "confidence" : 2
  }
},{
  "dateTime" : "11/22/23 17:12:55",
  "value" : {
    "bpm" : 80,
    "confidence" : 2
  }
},{
  "dateTime" : "11/22/23 17:13:05",
  "value" : {
    "bpm" : 81,
    "confidence" : 2
  }
},{
  "dateTime" : "11/22/23 17:13:20",
  "value" : {
    "bpm" : 80,
    "confidence" : 2
  }
},{
  "dateTime" : "11/22/23 17:13:25",
  "value" : {
    "bpm" : 78,
    "confidence" : 2
  }
},{
  "dateTime" : "11/22/23 17:13:40",
  "value" : {
    "bpm" : 78,
    "confidence" : 2
  }
},{
  "dateTime" : "11/22/23 17:13:50",
  "value" : {
    "bpm" : 80,
    "confidence" : 2
  }
},{
  "dateTime" : "11/22/23 17:13:55",
  "value" : {
    "bpm" : 82,
    "confidence" : 2
  }
},{
  "dateTime" : "11/22/23 17:14:05",
  "value" : {
    "bpm" : 83,
    "confidence" : 2
  }
},{
  "dateTime" : "11/22/23 17:14:10",
  "value" : {
    "bpm" : 84,
    "confidence" : 2
  }
},{
  "dateTime" : "11/22/23 17:14:15",
  "value" : {
    "bpm" : 83,
    "confidence" : 2
  }
},{
  "dateTime" : "11/22/23 17:14:25",
  "value" : {
    "bpm" : 81,
    "confidence" : 2
  }
},{
  "dateTime" : "11/22/23 17:14:30",
  "value" : {
    "bpm" : 79,
    "confidence" : 2
  }
},{
  "dateTime" : "11/22/23 17:14:40",
  "value" : {
    "bpm" : 78,
    "confidence" : 2
  }
},{
  "dateTime" : "11/22/23 17:14:45",
  "value" : {
    "bpm" : 79,
    "confidence" : 2
  }
},{
  "dateTime" : "11/22/23 17:14:51",
  "value" : {
    "bpm" : 80,
    "confidence" : 2
  }
},{
  "dateTime" : "11/22/23 17:14:56",
  "value" : {
    "bpm" : 79,
    "confidence" : 2
  }
},{
  "dateTime" : "11/22/23 17:15:01",
  "value" : {
    "bpm" : 77,
    "confidence" : 2
  }
},{
  "dateTime" : "11/22/23 17:15:16",
  "value" : {
    "bpm" : 78,
    "confidence" : 2
  }
},{
  "dateTime" : "11/22/23 17:15:21",
  "value" : {
    "bpm" : 77,
    "confidence" : 2
  }
},{
  "dateTime" : "11/22/23 17:15:36",
  "value" : {
    "bpm" : 77,
    "confidence" : 3
  }
},{
  "dateTime" : "11/22/23 17:15:41",
  "value" : {
    "bpm" : 79,
    "confidence" : 3
  }
},{
  "dateTime" : "11/22/23 17:15:46",
  "value" : {
    "bpm" : 80,
    "confidence" : 2
  }
},{
  "dateTime" : "11/22/23 17:15:56",
  "value" : {
    "bpm" : 81,
    "confidence" : 2
  }
},{
  "dateTime" : "11/22/23 17:16:01",
  "value" : {
    "bpm" : 83,
    "confidence" : 2
  }
},{
  "dateTime" : "11/22/23 17:16:06",
  "value" : {
    "bpm" : 84,
    "confidence" : 2
  }
},{
  "dateTime" : "11/22/23 17:16:11",
  "value" : {
    "bpm" : 85,
    "confidence" : 2
  }
},{
  "dateTime" : "11/22/23 17:16:21",
  "value" : {
    "bpm" : 84,
    "confidence" : 2
  }
},{
  "dateTime" : "11/22/23 17:16:31",
  "value" : {
    "bpm" : 83,
    "confidence" : 2
  }
},{
  "dateTime" : "11/22/23 17:16:41",
  "value" : {
    "bpm" : 81,
    "confidence" : 2
  }
},{
  "dateTime" : "11/22/23 17:16:46",
  "value" : {
    "bpm" : 80,
    "confidence" : 2
  }
},{
  "dateTime" : "11/22/23 17:16:51",
  "value" : {
    "bpm" : 79,
    "confidence" : 2
  }
},{
  "dateTime" : "11/22/23 17:17:01",
  "value" : {
    "bpm" : 80,
    "confidence" : 2
  }
},{
  "dateTime" : "11/22/23 17:17:11",
  "value" : {
    "bpm" : 82,
    "confidence" : 2
  }
},{
  "dateTime" : "11/22/23 17:17:26",
  "value" : {
    "bpm" : 82,
    "confidence" : 2
  }
},{
  "dateTime" : "11/22/23 17:17:31",
  "value" : {
    "bpm" : 81,
    "confidence" : 2
  }
},{
  "dateTime" : "11/22/23 17:17:36",
  "value" : {
    "bpm" : 80,
    "confidence" : 2
  }
},{
  "dateTime" : "11/22/23 17:17:41",
  "value" : {
    "bpm" : 82,
    "confidence" : 2
  }
},{
  "dateTime" : "11/22/23 17:17:46",
  "value" : {
    "bpm" : 82,
    "confidence" : 3
  }
},{
  "dateTime" : "11/22/23 17:17:51",
  "value" : {
    "bpm" : 80,
    "confidence" : 2
  }
},{
  "dateTime" : "11/22/23 17:18:06",
  "value" : {
    "bpm" : 80,
    "confidence" : 2
  }
},{
  "dateTime" : "11/22/23 17:18:16",
  "value" : {
    "bpm" : 79,
    "confidence" : 2
  }
},{
  "dateTime" : "11/22/23 17:18:21",
  "value" : {
    "bpm" : 79,
    "confidence" : 2
  }
},{
  "dateTime" : "11/22/23 17:18:36",
  "value" : {
    "bpm" : 80,
    "confidence" : 2
  }
},{
  "dateTime" : "11/22/23 17:18:46",
  "value" : {
    "bpm" : 79,
    "confidence" : 2
  }
},{
  "dateTime" : "11/22/23 17:18:51",
  "value" : {
    "bpm" : 72,
    "confidence" : 3
  }
},{
  "dateTime" : "11/22/23 17:18:56",
  "value" : {
    "bpm" : 70,
    "confidence" : 2
  }
},{
  "dateTime" : "11/22/23 17:19:01",
  "value" : {
    "bpm" : 71,
    "confidence" : 2
  }
},{
  "dateTime" : "11/22/23 17:19:06",
  "value" : {
    "bpm" : 72,
    "confidence" : 2
  }
},{
  "dateTime" : "11/22/23 17:19:21",
  "value" : {
    "bpm" : 72,
    "confidence" : 2
  }
},{
  "dateTime" : "11/22/23 17:19:26",
  "value" : {
    "bpm" : 71,
    "confidence" : 2
  }
},{
  "dateTime" : "11/22/23 17:19:31",
  "value" : {
    "bpm" : 70,
    "confidence" : 2
  }
},{
  "dateTime" : "11/22/23 17:19:41",
  "value" : {
    "bpm" : 71,
    "confidence" : 2
  }
},{
  "dateTime" : "11/22/23 17:19:46",
  "value" : {
    "bpm" : 74,
    "confidence" : 3
  }
},{
  "dateTime" : "11/22/23 17:19:52",
  "value" : {
    "bpm" : 74,
    "confidence" : 3
  }
},{
  "dateTime" : "11/22/23 17:19:57",
  "value" : {
    "bpm" : 73,
    "confidence" : 3
  }
},{
  "dateTime" : "11/22/23 17:20:02",
  "value" : {
    "bpm" : 72,
    "confidence" : 3
  }
},{
  "dateTime" : "11/22/23 17:20:07",
  "value" : {
    "bpm" : 70,
    "confidence" : 3
  }
},{
  "dateTime" : "11/22/23 17:20:12",
  "value" : {
    "bpm" : 69,
    "confidence" : 3
  }
},{
  "dateTime" : "11/22/23 17:20:27",
  "value" : {
    "bpm" : 70,
    "confidence" : 3
  }
},{
  "dateTime" : "11/22/23 17:20:37",
  "value" : {
    "bpm" : 71,
    "confidence" : 2
  }
},{
  "dateTime" : "11/22/23 17:20:42",
  "value" : {
    "bpm" : 72,
    "confidence" : 2
  }
},{
  "dateTime" : "11/22/23 17:20:47",
  "value" : {
    "bpm" : 70,
    "confidence" : 2
  }
},{
  "dateTime" : "11/22/23 17:20:52",
  "value" : {
    "bpm" : 69,
    "confidence" : 3
  }
},{
  "dateTime" : "11/22/23 17:20:57",
  "value" : {
    "bpm" : 69,
    "confidence" : 2
  }
},{
  "dateTime" : "11/22/23 17:21:07",
  "value" : {
    "bpm" : 68,
    "confidence" : 2
  }
},{
  "dateTime" : "11/22/23 17:21:22",
  "value" : {
    "bpm" : 68,
    "confidence" : 2
  }
},{
  "dateTime" : "11/22/23 17:21:27",
  "value" : {
    "bpm" : 69,
    "confidence" : 2
  }
},{
  "dateTime" : "11/22/23 17:21:37",
  "value" : {
    "bpm" : 70,
    "confidence" : 2
  }
},{
  "dateTime" : "11/22/23 17:21:42",
  "value" : {
    "bpm" : 71,
    "confidence" : 2
  }
},{
  "dateTime" : "11/22/23 17:21:47",
  "value" : {
    "bpm" : 72,
    "confidence" : 2
  }
},{
  "dateTime" : "11/22/23 17:21:52",
  "value" : {
    "bpm" : 73,
    "confidence" : 2
  }
},{
  "dateTime" : "11/22/23 17:22:02",
  "value" : {
    "bpm" : 74,
    "confidence" : 2
  }
},{
  "dateTime" : "11/22/23 17:22:12",
  "value" : {
    "bpm" : 73,
    "confidence" : 2
  }
},{
  "dateTime" : "11/22/23 17:22:22",
  "value" : {
    "bpm" : 74,
    "confidence" : 2
  }
},{
  "dateTime" : "11/22/23 17:22:37",
  "value" : {
    "bpm" : 74,
    "confidence" : 2
  }
},{
  "dateTime" : "11/22/23 17:22:42",
  "value" : {
    "bpm" : 75,
    "confidence" : 3
  }
},{
  "dateTime" : "11/22/23 17:22:47",
  "value" : {
    "bpm" : 76,
    "confidence" : 2
  }
},{
  "dateTime" : "11/22/23 17:22:52",
  "value" : {
    "bpm" : 74,
    "confidence" : 3
  }
},{
  "dateTime" : "11/22/23 17:22:57",
  "value" : {
    "bpm" : 72,
    "confidence" : 3
  }
},{
  "dateTime" : "11/22/23 17:23:02",
  "value" : {
    "bpm" : 71,
    "confidence" : 3
  }
},{
  "dateTime" : "11/22/23 17:23:07",
  "value" : {
    "bpm" : 71,
    "confidence" : 2
  }
},{
  "dateTime" : "11/22/23 17:23:22",
  "value" : {
    "bpm" : 72,
    "confidence" : 3
  }
},{
  "dateTime" : "11/22/23 17:23:37",
  "value" : {
    "bpm" : 72,
    "confidence" : 3
  }
},{
  "dateTime" : "11/22/23 17:23:42",
  "value" : {
    "bpm" : 71,
    "confidence" : 3
  }
},{
  "dateTime" : "11/22/23 17:23:57",
  "value" : {
    "bpm" : 71,
    "confidence" : 3
  }
},{
  "dateTime" : "11/22/23 17:24:12",
  "value" : {
    "bpm" : 71,
    "confidence" : 2
  }
},{
  "dateTime" : "11/22/23 17:24:22",
  "value" : {
    "bpm" : 71,
    "confidence" : 3
  }
},{
  "dateTime" : "11/22/23 17:24:27",
  "value" : {
    "bpm" : 72,
    "confidence" : 2
  }
},{
  "dateTime" : "11/22/23 17:24:37",
  "value" : {
    "bpm" : 71,
    "confidence" : 2
  }
},{
  "dateTime" : "11/22/23 17:24:42",
  "value" : {
    "bpm" : 70,
    "confidence" : 2
  }
},{
  "dateTime" : "11/22/23 17:24:57",
  "value" : {
    "bpm" : 70,
    "confidence" : 2
  }
},{
  "dateTime" : "11/22/23 17:25:02",
  "value" : {
    "bpm" : 69,
    "confidence" : 3
  }
},{
  "dateTime" : "11/22/23 17:25:07",
  "value" : {
    "bpm" : 69,
    "confidence" : 2
  }
},{
  "dateTime" : "11/22/23 17:25:12",
  "value" : {
    "bpm" : 70,
    "confidence" : 2
  }
},{
  "dateTime" : "11/22/23 17:25:27",
  "value" : {
    "bpm" : 71,
    "confidence" : 3
  }
},{
  "dateTime" : "11/22/23 17:25:32",
  "value" : {
    "bpm" : 71,
    "confidence" : 2
  }
},{
  "dateTime" : "11/22/23 17:25:37",
  "value" : {
    "bpm" : 72,
    "confidence" : 3
  }
},{
  "dateTime" : "11/22/23 17:25:42",
  "value" : {
    "bpm" : 71,
    "confidence" : 3
  }
},{
  "dateTime" : "11/22/23 17:25:52",
  "value" : {
    "bpm" : 72,
    "confidence" : 2
  }
},{
  "dateTime" : "11/22/23 17:26:07",
  "value" : {
    "bpm" : 72,
    "confidence" : 2
  }
},{
  "dateTime" : "11/22/23 17:26:12",
  "value" : {
    "bpm" : 72,
    "confidence" : 3
  }
},{
  "dateTime" : "11/22/23 17:26:17",
  "value" : {
    "bpm" : 72,
    "confidence" : 2
  }
},{
  "dateTime" : "11/22/23 17:26:22",
  "value" : {
    "bpm" : 71,
    "confidence" : 2
  }
},{
  "dateTime" : "11/22/23 17:26:27",
  "value" : {
    "bpm" : 71,
    "confidence" : 3
  }
},{
  "dateTime" : "11/22/23 17:26:37",
  "value" : {
    "bpm" : 70,
    "confidence" : 3
  }
},{
  "dateTime" : "11/22/23 17:26:42",
  "value" : {
    "bpm" : 70,
    "confidence" : 2
  }
},{
  "dateTime" : "11/22/23 17:26:47",
  "value" : {
    "bpm" : 71,
    "confidence" : 2
  }
},{
  "dateTime" : "11/22/23 17:26:52",
  "value" : {
    "bpm" : 70,
    "confidence" : 3
  }
},{
  "dateTime" : "11/22/23 17:26:57",
  "value" : {
    "bpm" : 70,
    "confidence" : 2
  }
},{
  "dateTime" : "11/22/23 17:27:02",
  "value" : {
    "bpm" : 71,
    "confidence" : 2
  }
},{
  "dateTime" : "11/22/23 17:27:07",
  "value" : {
    "bpm" : 72,
    "confidence" : 2
  }
},{
  "dateTime" : "11/22/23 17:27:22",
  "value" : {
    "bpm" : 72,
    "confidence" : 2
  }
},{
  "dateTime" : "11/22/23 17:27:37",
  "value" : {
    "bpm" : 73,
    "confidence" : 3
  }
},{
  "dateTime" : "11/22/23 17:27:47",
  "value" : {
    "bpm" : 74,
    "confidence" : 2
  }
},{
  "dateTime" : "11/22/23 17:28:02",
  "value" : {
    "bpm" : 74,
    "confidence" : 2
  }
},{
  "dateTime" : "11/22/23 17:28:07",
  "value" : {
    "bpm" : 75,
    "confidence" : 2
  }
},{
  "dateTime" : "11/22/23 17:28:17",
  "value" : {
    "bpm" : 74,
    "confidence" : 2
  }
},{
  "dateTime" : "11/22/23 17:28:32",
  "value" : {
    "bpm" : 74,
    "confidence" : 2
  }
},{
  "dateTime" : "11/22/23 17:28:37",
  "value" : {
    "bpm" : 75,
    "confidence" : 3
  }
},{
  "dateTime" : "11/22/23 17:28:42",
  "value" : {
    "bpm" : 74,
    "confidence" : 3
  }
},{
  "dateTime" : "11/22/23 17:28:47",
  "value" : {
    "bpm" : 74,
    "confidence" : 2
  }
},{
  "dateTime" : "11/22/23 17:29:02",
  "value" : {
    "bpm" : 74,
    "confidence" : 2
  }
},{
  "dateTime" : "11/22/23 17:29:17",
  "value" : {
    "bpm" : 73,
    "confidence" : 2
  }
},{
  "dateTime" : "11/22/23 17:29:22",
  "value" : {
    "bpm" : 71,
    "confidence" : 2
  }
},{
  "dateTime" : "11/22/23 17:29:27",
  "value" : {
    "bpm" : 70,
    "confidence" : 2
  }
},{
  "dateTime" : "11/22/23 17:29:32",
  "value" : {
    "bpm" : 70,
    "confidence" : 3
  }
},{
  "dateTime" : "11/22/23 17:29:47",
  "value" : {
    "bpm" : 69,
    "confidence" : 3
  }
},{
  "dateTime" : "11/22/23 17:29:52",
  "value" : {
    "bpm" : 69,
    "confidence" : 2
  }
},{
  "dateTime" : "11/22/23 17:30:07",
  "value" : {
    "bpm" : 70,
    "confidence" : 3
  }
},{
  "dateTime" : "11/22/23 17:30:12",
  "value" : {
    "bpm" : 71,
    "confidence" : 3
  }
},{
  "dateTime" : "11/22/23 17:30:17",
  "value" : {
    "bpm" : 72,
    "confidence" : 3
  }
},{
  "dateTime" : "11/22/23 17:30:27",
  "value" : {
    "bpm" : 70,
    "confidence" : 3
  }
},{
  "dateTime" : "11/22/23 17:30:32",
  "value" : {
    "bpm" : 70,
    "confidence" : 2
  }
},{
  "dateTime" : "11/22/23 17:30:47",
  "value" : {
    "bpm" : 70,
    "confidence" : 2
  }
},{
  "dateTime" : "11/22/23 17:30:52",
  "value" : {
    "bpm" : 70,
    "confidence" : 3
  }
},{
  "dateTime" : "11/22/23 17:31:07",
  "value" : {
    "bpm" : 70,
    "confidence" : 3
  }
},{
  "dateTime" : "11/22/23 17:31:12",
  "value" : {
    "bpm" : 70,
    "confidence" : 2
  }
},{
  "dateTime" : "11/22/23 17:31:27",
  "value" : {
    "bpm" : 70,
    "confidence" : 2
  }
},{
  "dateTime" : "11/22/23 17:31:37",
  "value" : {
    "bpm" : 70,
    "confidence" : 3
  }
},{
  "dateTime" : "11/22/23 17:31:42",
  "value" : {
    "bpm" : 70,
    "confidence" : 2
  }
},{
  "dateTime" : "11/22/23 17:31:47",
  "value" : {
    "bpm" : 70,
    "confidence" : 3
  }
},{
  "dateTime" : "11/22/23 17:31:52",
  "value" : {
    "bpm" : 71,
    "confidence" : 2
  }
},{
  "dateTime" : "11/22/23 17:32:02",
  "value" : {
    "bpm" : 71,
    "confidence" : 3
  }
},{
  "dateTime" : "11/22/23 17:32:07",
  "value" : {
    "bpm" : 72,
    "confidence" : 3
  }
},{
  "dateTime" : "11/22/23 17:32:22",
  "value" : {
    "bpm" : 72,
    "confidence" : 3
  }
},{
  "dateTime" : "11/22/23 17:32:32",
  "value" : {
    "bpm" : 71,
    "confidence" : 3
  }
},{
  "dateTime" : "11/22/23 17:32:42",
  "value" : {
    "bpm" : 72,
    "confidence" : 2
  }
},{
  "dateTime" : "11/22/23 17:32:52",
  "value" : {
    "bpm" : 72,
    "confidence" : 3
  }
},{
  "dateTime" : "11/22/23 17:33:02",
  "value" : {
    "bpm" : 73,
    "confidence" : 3
  }
},{
  "dateTime" : "11/22/23 17:33:17",
  "value" : {
    "bpm" : 73,
    "confidence" : 3
  }
},{
  "dateTime" : "11/22/23 17:33:32",
  "value" : {
    "bpm" : 73,
    "confidence" : 3
  }
},{
  "dateTime" : "11/22/23 17:33:37",
  "value" : {
    "bpm" : 73,
    "confidence" : 2
  }
},{
  "dateTime" : "11/22/23 17:33:52",
  "value" : {
    "bpm" : 73,
    "confidence" : 2
  }
},{
  "dateTime" : "11/22/23 17:34:07",
  "value" : {
    "bpm" : 73,
    "confidence" : 2
  }
},{
  "dateTime" : "11/22/23 17:34:17",
  "value" : {
    "bpm" : 74,
    "confidence" : 2
  }
},{
  "dateTime" : "11/22/23 17:34:27",
  "value" : {
    "bpm" : 75,
    "confidence" : 2
  }
},{
  "dateTime" : "11/22/23 17:34:32",
  "value" : {
    "bpm" : 75,
    "confidence" : 1
  }
},{
  "dateTime" : "11/22/23 17:34:47",
  "value" : {
    "bpm" : 76,
    "confidence" : 1
  }
},{
  "dateTime" : "11/22/23 17:34:52",
  "value" : {
    "bpm" : 77,
    "confidence" : 2
  }
},{
  "dateTime" : "11/22/23 17:34:57",
  "value" : {
    "bpm" : 78,
    "confidence" : 2
  }
},{
  "dateTime" : "11/22/23 17:35:07",
  "value" : {
    "bpm" : 79,
    "confidence" : 1
  }
},{
  "dateTime" : "11/22/23 17:35:13",
  "value" : {
    "bpm" : 77,
    "confidence" : 1
  }
},{
  "dateTime" : "11/22/23 17:35:18",
  "value" : {
    "bpm" : 75,
    "confidence" : 1
  }
},{
  "dateTime" : "11/22/23 17:35:23",
  "value" : {
    "bpm" : 75,
    "confidence" : 2
  }
},{
  "dateTime" : "11/22/23 17:35:28",
  "value" : {
    "bpm" : 76,
    "confidence" : 2
  }
},{
  "dateTime" : "11/22/23 17:35:33",
  "value" : {
    "bpm" : 76,
    "confidence" : 1
  }
},{
  "dateTime" : "11/22/23 17:35:38",
  "value" : {
    "bpm" : 77,
    "confidence" : 2
  }
},{
  "dateTime" : "11/22/23 17:35:43",
  "value" : {
    "bpm" : 78,
    "confidence" : 2
  }
},{
  "dateTime" : "11/22/23 17:35:47",
  "value" : {
    "bpm" : 76,
    "confidence" : 2
  }
},{
  "dateTime" : "11/22/23 17:35:54",
  "value" : {
    "bpm" : 76,
    "confidence" : 1
  }
},{
  "dateTime" : "11/22/23 17:36:09",
  "value" : {
    "bpm" : 76,
    "confidence" : 1
  }
},{
  "dateTime" : "11/22/23 17:36:19",
  "value" : {
    "bpm" : 75,
    "confidence" : 1
  }
},{
  "dateTime" : "11/22/23 17:36:34",
  "value" : {
    "bpm" : 75,
    "confidence" : 1
  }
},{
  "dateTime" : "11/22/23 17:36:39",
  "value" : {
    "bpm" : 73,
    "confidence" : 1
  }
},{
  "dateTime" : "11/22/23 17:36:44",
  "value" : {
    "bpm" : 72,
    "confidence" : 1
  }
},{
  "dateTime" : "11/22/23 17:36:49",
  "value" : {
    "bpm" : 77,
    "confidence" : 1
  }
},{
  "dateTime" : "11/22/23 17:36:54",
  "value" : {
    "bpm" : 80,
    "confidence" : 1
  }
},{
  "dateTime" : "11/22/23 17:36:59",
  "value" : {
    "bpm" : 79,
    "confidence" : 1
  }
},{
  "dateTime" : "11/22/23 17:37:04",
  "value" : {
    "bpm" : 77,
    "confidence" : 1
  }
},{
  "dateTime" : "11/22/23 17:37:09",
  "value" : {
    "bpm" : 75,
    "confidence" : 1
  }
},{
  "dateTime" : "11/22/23 17:37:14",
  "value" : {
    "bpm" : 74,
    "confidence" : 1
  }
},{
  "dateTime" : "11/22/23 17:37:24",
  "value" : {
    "bpm" : 73,
    "confidence" : 1
  }
},{
  "dateTime" : "11/22/23 17:37:29",
  "value" : {
    "bpm" : 72,
    "confidence" : 1
  }
},{
  "dateTime" : "11/22/23 17:37:34",
  "value" : {
    "bpm" : 73,
    "confidence" : 1
  }
},{
  "dateTime" : "11/22/23 17:37:39",
  "value" : {
    "bpm" : 75,
    "confidence" : 1
  }
},{
  "dateTime" : "11/22/23 17:37:44",
  "value" : {
    "bpm" : 77,
    "confidence" : 1
  }
},{
  "dateTime" : "11/22/23 17:37:59",
  "value" : {
    "bpm" : 76,
    "confidence" : 1
  }
},{
  "dateTime" : "11/22/23 17:38:04",
  "value" : {
    "bpm" : 75,
    "confidence" : 1
  }
},{
  "dateTime" : "11/22/23 17:38:09",
  "value" : {
    "bpm" : 76,
    "confidence" : 1
  }
},{
  "dateTime" : "11/22/23 17:38:19",
  "value" : {
    "bpm" : 75,
    "confidence" : 1
  }
},{
  "dateTime" : "11/22/23 17:38:24",
  "value" : {
    "bpm" : 73,
    "confidence" : 1
  }
},{
  "dateTime" : "11/22/23 17:38:29",
  "value" : {
    "bpm" : 77,
    "confidence" : 1
  }
},{
  "dateTime" : "11/22/23 17:38:44",
  "value" : {
    "bpm" : 76,
    "confidence" : 2
  }
},{
  "dateTime" : "11/22/23 17:38:49",
  "value" : {
    "bpm" : 78,
    "confidence" : 2
  }
},{
  "dateTime" : "11/22/23 17:38:54",
  "value" : {
    "bpm" : 80,
    "confidence" : 2
  }
},{
  "dateTime" : "11/22/23 17:38:59",
  "value" : {
    "bpm" : 79,
    "confidence" : 2
  }
},{
  "dateTime" : "11/22/23 17:39:04",
  "value" : {
    "bpm" : 81,
    "confidence" : 2
  }
},{
  "dateTime" : "11/22/23 17:39:09",
  "value" : {
    "bpm" : 82,
    "confidence" : 2
  }
},{
  "dateTime" : "11/22/23 17:39:14",
  "value" : {
    "bpm" : 84,
    "confidence" : 2
  }
},{
  "dateTime" : "11/22/23 17:39:19",
  "value" : {
    "bpm" : 85,
    "confidence" : 2
  }
},{
  "dateTime" : "11/22/23 17:39:24",
  "value" : {
    "bpm" : 84,
    "confidence" : 2
  }
},{
  "dateTime" : "11/22/23 17:39:29",
  "value" : {
    "bpm" : 81,
    "confidence" : 2
  }
},{
  "dateTime" : "11/22/23 17:39:44",
  "value" : {
    "bpm" : 82,
    "confidence" : 2
  }
},{
  "dateTime" : "11/22/23 17:39:49",
  "value" : {
    "bpm" : 83,
    "confidence" : 2
  }
},{
  "dateTime" : "11/22/23 17:40:04",
  "value" : {
    "bpm" : 84,
    "confidence" : 2
  }
},{
  "dateTime" : "11/22/23 17:40:09",
  "value" : {
    "bpm" : 85,
    "confidence" : 2
  }
},{
  "dateTime" : "11/22/23 17:40:19",
  "value" : {
    "bpm" : 84,
    "confidence" : 2
  }
},{
  "dateTime" : "11/22/23 17:40:24",
  "value" : {
    "bpm" : 82,
    "confidence" : 2
  }
},{
  "dateTime" : "11/22/23 17:40:29",
  "value" : {
    "bpm" : 81,
    "confidence" : 1
  }
},{
  "dateTime" : "11/22/23 17:40:34",
  "value" : {
    "bpm" : 85,
    "confidence" : 1
  }
},{
  "dateTime" : "11/22/23 17:40:39",
  "value" : {
    "bpm" : 86,
    "confidence" : 2
  }
},{
  "dateTime" : "11/22/23 17:40:49",
  "value" : {
    "bpm" : 93,
    "confidence" : 1
  }
},{
  "dateTime" : "11/22/23 17:40:54",
  "value" : {
    "bpm" : 107,
    "confidence" : 1
  }
},{
  "dateTime" : "11/22/23 17:40:59",
  "value" : {
    "bpm" : 120,
    "confidence" : 1
  }
},{
  "dateTime" : "11/22/23 17:41:04",
  "value" : {
    "bpm" : 122,
    "confidence" : 1
  }
},{
  "dateTime" : "11/22/23 17:41:14",
  "value" : {
    "bpm" : 120,
    "confidence" : 1
  }
},{
  "dateTime" : "11/22/23 17:41:19",
  "value" : {
    "bpm" : 119,
    "confidence" : 1
  }
},{
  "dateTime" : "11/22/23 17:41:24",
  "value" : {
    "bpm" : 115,
    "confidence" : 1
  }
},{
  "dateTime" : "11/22/23 17:41:29",
  "value" : {
    "bpm" : 112,
    "confidence" : 1
  }
},{
  "dateTime" : "11/22/23 17:41:34",
  "value" : {
    "bpm" : 111,
    "confidence" : 1
  }
},{
  "dateTime" : "11/22/23 17:41:44",
  "value" : {
    "bpm" : 100,
    "confidence" : 1
  }
},{
  "dateTime" : "11/22/23 17:41:49",
  "value" : {
    "bpm" : 99,
    "confidence" : 1
  }
},{
  "dateTime" : "11/22/23 17:41:54",
  "value" : {
    "bpm" : 98,
    "confidence" : 1
  }
},{
  "dateTime" : "11/22/23 17:42:04",
  "value" : {
    "bpm" : 99,
    "confidence" : 1
  }
},{
  "dateTime" : "11/22/23 17:42:14",
  "value" : {
    "bpm" : 94,
    "confidence" : 1
  }
},{
  "dateTime" : "11/22/23 17:42:19",
  "value" : {
    "bpm" : 93,
    "confidence" : 1
  }
},{
  "dateTime" : "11/22/23 17:42:24",
  "value" : {
    "bpm" : 91,
    "confidence" : 1
  }
},{
  "dateTime" : "11/22/23 17:42:29",
  "value" : {
    "bpm" : 90,
    "confidence" : 1
  }
},{
  "dateTime" : "11/22/23 17:42:34",
  "value" : {
    "bpm" : 88,
    "confidence" : 2
  }
},{
  "dateTime" : "11/22/23 17:42:44",
  "value" : {
    "bpm" : 89,
    "confidence" : 2
  }
},{
  "dateTime" : "11/22/23 17:42:49",
  "value" : {
    "bpm" : 88,
    "confidence" : 2
  }
},{
  "dateTime" : "11/22/23 17:42:54",
  "value" : {
    "bpm" : 87,
    "confidence" : 2
  }
},{
  "dateTime" : "11/22/23 17:42:59",
  "value" : {
    "bpm" : 85,
    "confidence" : 2
  }
},{
  "dateTime" : "11/22/23 17:43:05",
  "value" : {
    "bpm" : 85,
    "confidence" : 2
  }
},{
  "dateTime" : "11/22/23 17:43:15",
  "value" : {
    "bpm" : 84,
    "confidence" : 2
  }
},{
  "dateTime" : "11/22/23 17:43:20",
  "value" : {
    "bpm" : 83,
    "confidence" : 2
  }
},{
  "dateTime" : "11/22/23 17:43:25",
  "value" : {
    "bpm" : 84,
    "confidence" : 2
  }
},{
  "dateTime" : "11/22/23 17:43:30",
  "value" : {
    "bpm" : 85,
    "confidence" : 2
  }
},{
  "dateTime" : "11/22/23 17:43:35",
  "value" : {
    "bpm" : 86,
    "confidence" : 2
  }
},{
  "dateTime" : "11/22/23 17:43:40",
  "value" : {
    "bpm" : 87,
    "confidence" : 2
  }
},{
  "dateTime" : "11/22/23 17:43:45",
  "value" : {
    "bpm" : 88,
    "confidence" : 2
  }
},{
  "dateTime" : "11/22/23 17:43:55",
  "value" : {
    "bpm" : 89,
    "confidence" : 2
  }
},{
  "dateTime" : "11/22/23 17:44:10",
  "value" : {
    "bpm" : 89,
    "confidence" : 2
  }
},{
  "dateTime" : "11/22/23 17:44:25",
  "value" : {
    "bpm" : 89,
    "confidence" : 2
  }
},{
  "dateTime" : "11/22/23 17:44:40",
  "value" : {
    "bpm" : 90,
    "confidence" : 2
  }
},{
  "dateTime" : "11/22/23 17:44:50",
  "value" : {
    "bpm" : 89,
    "confidence" : 2
  }
},{
  "dateTime" : "11/22/23 17:44:55",
  "value" : {
    "bpm" : 88,
    "confidence" : 2
  }
},{
  "dateTime" : "11/22/23 17:45:00",
  "value" : {
    "bpm" : 87,
    "confidence" : 2
  }
},{
  "dateTime" : "11/22/23 17:45:05",
  "value" : {
    "bpm" : 88,
    "confidence" : 2
  }
},{
  "dateTime" : "11/22/23 17:45:15",
  "value" : {
    "bpm" : 87,
    "confidence" : 2
  }
},{
  "dateTime" : "11/22/23 17:45:20",
  "value" : {
    "bpm" : 85,
    "confidence" : 1
  }
},{
  "dateTime" : "11/22/23 17:45:25",
  "value" : {
    "bpm" : 86,
    "confidence" : 1
  }
},{
  "dateTime" : "11/22/23 17:45:30",
  "value" : {
    "bpm" : 88,
    "confidence" : 1
  }
},{
  "dateTime" : "11/22/23 17:45:45",
  "value" : {
    "bpm" : 88,
    "confidence" : 1
  }
},{
  "dateTime" : "11/22/23 17:45:50",
  "value" : {
    "bpm" : 89,
    "confidence" : 1
  }
},{
  "dateTime" : "11/22/23 17:45:55",
  "value" : {
    "bpm" : 88,
    "confidence" : 1
  }
},{
  "dateTime" : "11/22/23 17:46:00",
  "value" : {
    "bpm" : 86,
    "confidence" : 1
  }
},{
  "dateTime" : "11/22/23 17:46:05",
  "value" : {
    "bpm" : 87,
    "confidence" : 2
  }
},{
  "dateTime" : "11/22/23 17:46:10",
  "value" : {
    "bpm" : 85,
    "confidence" : 2
  }
},{
  "dateTime" : "11/22/23 17:46:20",
  "value" : {
    "bpm" : 85,
    "confidence" : 1
  }
},{
  "dateTime" : "11/22/23 17:46:25",
  "value" : {
    "bpm" : 85,
    "confidence" : 1
  }
},{
  "dateTime" : "11/22/23 17:46:30",
  "value" : {
    "bpm" : 86,
    "confidence" : 2
  }
},{
  "dateTime" : "11/22/23 17:46:35",
  "value" : {
    "bpm" : 87,
    "confidence" : 2
  }
},{
  "dateTime" : "11/22/23 17:46:40",
  "value" : {
    "bpm" : 86,
    "confidence" : 2
  }
},{
  "dateTime" : "11/22/23 17:46:45",
  "value" : {
    "bpm" : 87,
    "confidence" : 2
  }
},{
  "dateTime" : "11/22/23 17:46:50",
  "value" : {
    "bpm" : 88,
    "confidence" : 2
  }
},{
  "dateTime" : "11/22/23 17:47:05",
  "value" : {
    "bpm" : 90,
    "confidence" : 2
  }
},{
  "dateTime" : "11/22/23 17:47:15",
  "value" : {
    "bpm" : 89,
    "confidence" : 2
  }
},{
  "dateTime" : "11/22/23 17:47:30",
  "value" : {
    "bpm" : 89,
    "confidence" : 1
  }
},{
  "dateTime" : "11/22/23 17:47:35",
  "value" : {
    "bpm" : 90,
    "confidence" : 1
  }
},{
  "dateTime" : "11/22/23 17:47:40",
  "value" : {
    "bpm" : 89,
    "confidence" : 1
  }
},{
  "dateTime" : "11/22/23 17:47:55",
  "value" : {
    "bpm" : 89,
    "confidence" : 1
  }
},{
  "dateTime" : "11/22/23 17:48:00",
  "value" : {
    "bpm" : 91,
    "confidence" : 1
  }
},{
  "dateTime" : "11/22/23 17:48:05",
  "value" : {
    "bpm" : 92,
    "confidence" : 2
  }
},{
  "dateTime" : "11/22/23 17:48:15",
  "value" : {
    "bpm" : 91,
    "confidence" : 2
  }
},{
  "dateTime" : "11/22/23 17:48:25",
  "value" : {
    "bpm" : 95,
    "confidence" : 1
  }
},{
  "dateTime" : "11/22/23 17:48:30",
  "value" : {
    "bpm" : 100,
    "confidence" : 1
  }
},{
  "dateTime" : "11/22/23 17:48:35",
  "value" : {
    "bpm" : 103,
    "confidence" : 1
  }
},{
  "dateTime" : "11/22/23 17:48:45",
  "value" : {
    "bpm" : 104,
    "confidence" : 1
  }
},{
  "dateTime" : "11/22/23 17:48:50",
  "value" : {
    "bpm" : 105,
    "confidence" : 1
  }
},{
  "dateTime" : "11/22/23 17:49:05",
  "value" : {
    "bpm" : 105,
    "confidence" : 1
  }
},{
  "dateTime" : "11/22/23 17:49:20",
  "value" : {
    "bpm" : 103,
    "confidence" : 1
  }
},{
  "dateTime" : "11/22/23 17:49:25",
  "value" : {
    "bpm" : 102,
    "confidence" : 1
  }
},{
  "dateTime" : "11/22/23 17:49:30",
  "value" : {
    "bpm" : 104,
    "confidence" : 1
  }
},{
  "dateTime" : "11/22/23 17:49:35",
  "value" : {
    "bpm" : 103,
    "confidence" : 1
  }
},{
  "dateTime" : "11/22/23 17:49:50",
  "value" : {
    "bpm" : 103,
    "confidence" : 1
  }
},{
  "dateTime" : "11/22/23 17:49:55",
  "value" : {
    "bpm" : 101,
    "confidence" : 0
  }
},{
  "dateTime" : "11/22/23 17:50:00",
  "value" : {
    "bpm" : 100,
    "confidence" : 0
  }
},{
  "dateTime" : "11/22/23 17:50:05",
  "value" : {
    "bpm" : 102,
    "confidence" : 1
  }
},{
  "dateTime" : "11/22/23 17:50:20",
  "value" : {
    "bpm" : 101,
    "confidence" : 1
  }
},{
  "dateTime" : "11/22/23 17:50:25",
  "value" : {
    "bpm" : 99,
    "confidence" : 1
  }
},{
  "dateTime" : "11/22/23 17:50:30",
  "value" : {
    "bpm" : 98,
    "confidence" : 1
  }
},{
  "dateTime" : "11/22/23 17:50:35",
  "value" : {
    "bpm" : 97,
    "confidence" : 1
  }
},{
  "dateTime" : "11/22/23 17:50:45",
  "value" : {
    "bpm" : 96,
    "confidence" : 1
  }
},{
  "dateTime" : "11/22/23 17:51:00",
  "value" : {
    "bpm" : 95,
    "confidence" : 1
  }
},{
  "dateTime" : "11/22/23 17:51:05",
  "value" : {
    "bpm" : 94,
    "confidence" : 1
  }
},{
  "dateTime" : "11/22/23 17:51:15",
  "value" : {
    "bpm" : 95,
    "confidence" : 2
  }
},{
  "dateTime" : "11/22/23 17:51:20",
  "value" : {
    "bpm" : 97,
    "confidence" : 2
  }
},{
  "dateTime" : "11/22/23 17:51:35",
  "value" : {
    "bpm" : 94,
    "confidence" : 2
  }
},{
  "dateTime" : "11/22/23 17:51:40",
  "value" : {
    "bpm" : 92,
    "confidence" : 2
  }
},{
  "dateTime" : "11/22/23 17:51:46",
  "value" : {
    "bpm" : 92,
    "confidence" : 2
  }
},{
  "dateTime" : "11/22/23 17:51:53",
  "value" : {
    "bpm" : 92,
    "confidence" : 2
  }
},{
  "dateTime" : "11/22/23 17:51:58",
  "value" : {
    "bpm" : 91,
    "confidence" : 1
  }
},{
  "dateTime" : "11/22/23 17:52:03",
  "value" : {
    "bpm" : 89,
    "confidence" : 1
  }
},{
  "dateTime" : "11/22/23 17:52:08",
  "value" : {
    "bpm" : 91,
    "confidence" : 1
  }
},{
  "dateTime" : "11/22/23 17:52:13",
  "value" : {
    "bpm" : 92,
    "confidence" : 1
  }
},{
  "dateTime" : "11/22/23 17:52:18",
  "value" : {
    "bpm" : 93,
    "confidence" : 2
  }
},{
  "dateTime" : "11/22/23 17:52:28",
  "value" : {
    "bpm" : 92,
    "confidence" : 2
  }
},{
  "dateTime" : "11/22/23 17:52:38",
  "value" : {
    "bpm" : 93,
    "confidence" : 2
  }
},{
  "dateTime" : "11/22/23 17:52:43",
  "value" : {
    "bpm" : 92,
    "confidence" : 2
  }
},{
  "dateTime" : "11/22/23 17:52:48",
  "value" : {
    "bpm" : 91,
    "confidence" : 2
  }
},{
  "dateTime" : "11/22/23 17:52:53",
  "value" : {
    "bpm" : 90,
    "confidence" : 2
  }
},{
  "dateTime" : "11/22/23 17:52:58",
  "value" : {
    "bpm" : 91,
    "confidence" : 2
  }
},{
  "dateTime" : "11/22/23 17:53:13",
  "value" : {
    "bpm" : 91,
    "confidence" : 2
  }
},{
  "dateTime" : "11/22/23 17:53:23",
  "value" : {
    "bpm" : 94,
    "confidence" : 2
  }
},{
  "dateTime" : "11/22/23 17:53:28",
  "value" : {
    "bpm" : 95,
    "confidence" : 2
  }
},{
  "dateTime" : "11/22/23 17:53:33",
  "value" : {
    "bpm" : 94,
    "confidence" : 2
  }
},{
  "dateTime" : "11/22/23 17:53:38",
  "value" : {
    "bpm" : 92,
    "confidence" : 2
  }
},{
  "dateTime" : "11/22/23 17:53:43",
  "value" : {
    "bpm" : 93,
    "confidence" : 2
  }
},{
  "dateTime" : "11/22/23 17:53:48",
  "value" : {
    "bpm" : 95,
    "confidence" : 2
  }
},{
  "dateTime" : "11/22/23 17:53:53",
  "value" : {
    "bpm" : 96,
    "confidence" : 2
  }
},{
  "dateTime" : "11/22/23 17:53:58",
  "value" : {
    "bpm" : 94,
    "confidence" : 2
  }
},{
  "dateTime" : "11/22/23 17:54:03",
  "value" : {
    "bpm" : 92,
    "confidence" : 2
  }
},{
  "dateTime" : "11/22/23 17:54:08",
  "value" : {
    "bpm" : 93,
    "confidence" : 2
  }
},{
  "dateTime" : "11/22/23 17:54:18",
  "value" : {
    "bpm" : 94,
    "confidence" : 1
  }
},{
  "dateTime" : "11/22/23 17:54:28",
  "value" : {
    "bpm" : 96,
    "confidence" : 1
  }
},{
  "dateTime" : "11/22/23 17:54:33",
  "value" : {
    "bpm" : 98,
    "confidence" : 1
  }
},{
  "dateTime" : "11/22/23 17:54:43",
  "value" : {
    "bpm" : 100,
    "confidence" : 1
  }
},{
  "dateTime" : "11/22/23 17:54:48",
  "value" : {
    "bpm" : 100,
    "confidence" : 1
  }
},{
  "dateTime" : "11/22/23 17:54:53",
  "value" : {
    "bpm" : 99,
    "confidence" : 1
  }
},{
  "dateTime" : "11/22/23 17:54:58",
  "value" : {
    "bpm" : 97,
    "confidence" : 1
  }
},{
  "dateTime" : "11/22/23 17:55:03",
  "value" : {
    "bpm" : 91,
    "confidence" : 1
  }
},{
  "dateTime" : "11/22/23 17:55:08",
  "value" : {
    "bpm" : 88,
    "confidence" : 1
  }
},{
  "dateTime" : "11/22/23 17:55:13",
  "value" : {
    "bpm" : 87,
    "confidence" : 1
  }
},{
  "dateTime" : "11/22/23 17:55:28",
  "value" : {
    "bpm" : 90,
    "confidence" : 1
  }
},{
  "dateTime" : "11/22/23 17:55:33",
  "value" : {
    "bpm" : 92,
    "confidence" : 1
  }
},{
  "dateTime" : "11/22/23 17:55:38",
  "value" : {
    "bpm" : 94,
    "confidence" : 1
  }
},{
  "dateTime" : "11/22/23 17:55:43",
  "value" : {
    "bpm" : 92,
    "confidence" : 1
  }
},{
  "dateTime" : "11/22/23 17:55:48",
  "value" : {
    "bpm" : 90,
    "confidence" : 1
  }
},{
  "dateTime" : "11/22/23 17:55:53",
  "value" : {
    "bpm" : 89,
    "confidence" : 1
  }
},{
  "dateTime" : "11/22/23 17:56:03",
  "value" : {
    "bpm" : 87,
    "confidence" : 1
  }
},{
  "dateTime" : "11/22/23 17:56:08",
  "value" : {
    "bpm" : 86,
    "confidence" : 1
  }
},{
  "dateTime" : "11/22/23 17:56:23",
  "value" : {
    "bpm" : 88,
    "confidence" : 1
  }
},{
  "dateTime" : "11/22/23 17:56:28",
  "value" : {
    "bpm" : 89,
    "confidence" : 1
  }
},{
  "dateTime" : "11/22/23 17:56:38",
  "value" : {
    "bpm" : 89,
    "confidence" : 2
  }
},{
  "dateTime" : "11/22/23 17:56:53",
  "value" : {
    "bpm" : 89,
    "confidence" : 2
  }
},{
  "dateTime" : "11/22/23 17:57:03",
  "value" : {
    "bpm" : 89,
    "confidence" : 1
  }
},{
  "dateTime" : "11/22/23 17:57:08",
  "value" : {
    "bpm" : 88,
    "confidence" : 1
  }
},{
  "dateTime" : "11/22/23 17:57:13",
  "value" : {
    "bpm" : 86,
    "confidence" : 2
  }
},{
  "dateTime" : "11/22/23 17:57:18",
  "value" : {
    "bpm" : 87,
    "confidence" : 2
  }
},{
  "dateTime" : "11/22/23 17:57:23",
  "value" : {
    "bpm" : 89,
    "confidence" : 2
  }
},{
  "dateTime" : "11/22/23 17:57:28",
  "value" : {
    "bpm" : 88,
    "confidence" : 2
  }
},{
  "dateTime" : "11/22/23 17:57:33",
  "value" : {
    "bpm" : 87,
    "confidence" : 2
  }
},{
  "dateTime" : "11/22/23 17:57:43",
  "value" : {
    "bpm" : 88,
    "confidence" : 2
  }
},{
  "dateTime" : "11/22/23 17:57:58",
  "value" : {
    "bpm" : 88,
    "confidence" : 2
  }
},{
  "dateTime" : "11/22/23 17:58:03",
  "value" : {
    "bpm" : 88,
    "confidence" : 2
  }
},{
  "dateTime" : "11/22/23 17:58:13",
  "value" : {
    "bpm" : 89,
    "confidence" : 2
  }
},{
  "dateTime" : "11/22/23 17:58:18",
  "value" : {
    "bpm" : 89,
    "confidence" : 1
  }
},{
  "dateTime" : "11/22/23 17:58:23",
  "value" : {
    "bpm" : 91,
    "confidence" : 1
  }
},{
  "dateTime" : "11/22/23 17:58:28",
  "value" : {
    "bpm" : 92,
    "confidence" : 1
  }
},{
  "dateTime" : "11/22/23 17:58:33",
  "value" : {
    "bpm" : 94,
    "confidence" : 1
  }
},{
  "dateTime" : "11/22/23 17:58:43",
  "value" : {
    "bpm" : 95,
    "confidence" : 1
  }
},{
  "dateTime" : "11/22/23 17:58:53",
  "value" : {
    "bpm" : 94,
    "confidence" : 1
  }
},{
  "dateTime" : "11/22/23 17:59:08",
  "value" : {
    "bpm" : 94,
    "confidence" : 1
  }
},{
  "dateTime" : "11/22/23 17:59:13",
  "value" : {
    "bpm" : 96,
    "confidence" : 2
  }
},{
  "dateTime" : "11/22/23 17:59:18",
  "value" : {
    "bpm" : 95,
    "confidence" : 2
  }
},{
  "dateTime" : "11/22/23 17:59:23",
  "value" : {
    "bpm" : 94,
    "confidence" : 2
  }
},{
  "dateTime" : "11/22/23 17:59:28",
  "value" : {
    "bpm" : 92,
    "confidence" : 2
  }
},{
  "dateTime" : "11/22/23 17:59:38",
  "value" : {
    "bpm" : 91,
    "confidence" : 2
  }
},{
  "dateTime" : "11/22/23 17:59:43",
  "value" : {
    "bpm" : 90,
    "confidence" : 2
  }
},{
  "dateTime" : "11/22/23 17:59:53",
  "value" : {
    "bpm" : 87,
    "confidence" : 2
  }
},{
  "dateTime" : "11/22/23 17:59:58",
  "value" : {
    "bpm" : 83,
    "confidence" : 2
  }
},{
  "dateTime" : "11/22/23 18:00:03",
  "value" : {
    "bpm" : 83,
    "confidence" : 1
  }
},{
  "dateTime" : "11/22/23 18:00:13",
  "value" : {
    "bpm" : 86,
    "confidence" : 1
  }
},{
  "dateTime" : "11/22/23 18:00:18",
  "value" : {
    "bpm" : 87,
    "confidence" : 1
  }
},{
  "dateTime" : "11/22/23 18:00:23",
  "value" : {
    "bpm" : 88,
    "confidence" : 2
  }
},{
  "dateTime" : "11/22/23 18:00:33",
  "value" : {
    "bpm" : 90,
    "confidence" : 2
  }
},{
  "dateTime" : "11/22/23 18:00:38",
  "value" : {
    "bpm" : 89,
    "confidence" : 2
  }
},{
  "dateTime" : "11/22/23 18:00:43",
  "value" : {
    "bpm" : 87,
    "confidence" : 2
  }
},{
  "dateTime" : "11/22/23 18:00:48",
  "value" : {
    "bpm" : 85,
    "confidence" : 2
  }
},{
  "dateTime" : "11/22/23 18:01:03",
  "value" : {
    "bpm" : 85,
    "confidence" : 2
  }
},{
  "dateTime" : "11/22/23 18:01:08",
  "value" : {
    "bpm" : 86,
    "confidence" : 2
  }
},{
  "dateTime" : "11/22/23 18:01:13",
  "value" : {
    "bpm" : 86,
    "confidence" : 2
  }
},{
  "dateTime" : "11/22/23 18:01:18",
  "value" : {
    "bpm" : 85,
    "confidence" : 2
  }
},{
  "dateTime" : "11/22/23 18:01:23",
  "value" : {
    "bpm" : 86,
    "confidence" : 2
  }
},{
  "dateTime" : "11/22/23 18:01:28",
  "value" : {
    "bpm" : 90,
    "confidence" : 2
  }
},{
  "dateTime" : "11/22/23 18:01:38",
  "value" : {
    "bpm" : 89,
    "confidence" : 2
  }
},{
  "dateTime" : "11/22/23 18:01:43",
  "value" : {
    "bpm" : 90,
    "confidence" : 2
  }
},{
  "dateTime" : "11/22/23 18:01:48",
  "value" : {
    "bpm" : 89,
    "confidence" : 2
  }
},{
  "dateTime" : "11/22/23 18:01:54",
  "value" : {
    "bpm" : 89,
    "confidence" : 2
  }
},{
  "dateTime" : "11/22/23 18:02:09",
  "value" : {
    "bpm" : 89,
    "confidence" : 2
  }
},{
  "dateTime" : "11/22/23 18:02:14",
  "value" : {
    "bpm" : 88,
    "confidence" : 2
  }
},{
  "dateTime" : "11/22/23 18:02:19",
  "value" : {
    "bpm" : 87,
    "confidence" : 2
  }
},{
  "dateTime" : "11/22/23 18:02:24",
  "value" : {
    "bpm" : 88,
    "confidence" : 2
  }
},{
  "dateTime" : "11/22/23 18:02:29",
  "value" : {
    "bpm" : 89,
    "confidence" : 2
  }
},{
  "dateTime" : "11/22/23 18:02:34",
  "value" : {
    "bpm" : 89,
    "confidence" : 1
  }
},{
  "dateTime" : "11/22/23 18:02:44",
  "value" : {
    "bpm" : 90,
    "confidence" : 2
  }
},{
  "dateTime" : "11/22/23 18:02:54",
  "value" : {
    "bpm" : 89,
    "confidence" : 2
  }
},{
  "dateTime" : "11/22/23 18:02:59",
  "value" : {
    "bpm" : 88,
    "confidence" : 2
  }
},{
  "dateTime" : "11/22/23 18:03:14",
  "value" : {
    "bpm" : 89,
    "confidence" : 2
  }
},{
  "dateTime" : "11/22/23 18:03:24",
  "value" : {
    "bpm" : 90,
    "confidence" : 2
  }
},{
  "dateTime" : "11/22/23 18:03:29",
  "value" : {
    "bpm" : 89,
    "confidence" : 2
  }
},{
  "dateTime" : "11/22/23 18:03:34",
  "value" : {
    "bpm" : 88,
    "confidence" : 2
  }
},{
  "dateTime" : "11/22/23 18:03:39",
  "value" : {
    "bpm" : 89,
    "confidence" : 2
  }
},{
  "dateTime" : "11/22/23 18:03:44",
  "value" : {
    "bpm" : 91,
    "confidence" : 2
  }
},{
  "dateTime" : "11/22/23 18:03:49",
  "value" : {
    "bpm" : 92,
    "confidence" : 2
  }
},{
  "dateTime" : "11/22/23 18:03:54",
  "value" : {
    "bpm" : 94,
    "confidence" : 2
  }
},{
  "dateTime" : "11/22/23 18:03:59",
  "value" : {
    "bpm" : 95,
    "confidence" : 2
  }
},{
  "dateTime" : "11/22/23 18:04:09",
  "value" : {
    "bpm" : 97,
    "confidence" : 2
  }
},{
  "dateTime" : "11/22/23 18:04:14",
  "value" : {
    "bpm" : 95,
    "confidence" : 2
  }
},{
  "dateTime" : "11/22/23 18:04:24",
  "value" : {
    "bpm" : 94,
    "confidence" : 2
  }
},{
  "dateTime" : "11/22/23 18:04:29",
  "value" : {
    "bpm" : 95,
    "confidence" : 2
  }
},{
  "dateTime" : "11/22/23 18:04:34",
  "value" : {
    "bpm" : 95,
    "confidence" : 1
  }
},{
  "dateTime" : "11/22/23 18:04:39",
  "value" : {
    "bpm" : 96,
    "confidence" : 1
  }
},{
  "dateTime" : "11/22/23 18:04:44",
  "value" : {
    "bpm" : 98,
    "confidence" : 2
  }
},{
  "dateTime" : "11/22/23 18:04:59",
  "value" : {
    "bpm" : 97,
    "confidence" : 2
  }
},{
  "dateTime" : "11/22/23 18:05:04",
  "value" : {
    "bpm" : 97,
    "confidence" : 2
  }
},{
  "dateTime" : "11/22/23 18:05:09",
  "value" : {
    "bpm" : 96,
    "confidence" : 2
  }
},{
  "dateTime" : "11/22/23 18:05:19",
  "value" : {
    "bpm" : 95,
    "confidence" : 2
  }
},{
  "dateTime" : "11/22/23 18:05:24",
  "value" : {
    "bpm" : 94,
    "confidence" : 2
  }
},{
  "dateTime" : "11/22/23 18:05:29",
  "value" : {
    "bpm" : 96,
    "confidence" : 2
  }
},{
  "dateTime" : "11/22/23 18:05:34",
  "value" : {
    "bpm" : 95,
    "confidence" : 2
  }
},{
  "dateTime" : "11/22/23 18:05:39",
  "value" : {
    "bpm" : 92,
    "confidence" : 2
  }
},{
  "dateTime" : "11/22/23 18:05:44",
  "value" : {
    "bpm" : 91,
    "confidence" : 2
  }
},{
  "dateTime" : "11/22/23 18:05:59",
  "value" : {
    "bpm" : 92,
    "confidence" : 2
  }
},{
  "dateTime" : "11/22/23 18:06:09",
  "value" : {
    "bpm" : 90,
    "confidence" : 2
  }
},{
  "dateTime" : "11/22/23 18:06:14",
  "value" : {
    "bpm" : 91,
    "confidence" : 2
  }
},{
  "dateTime" : "11/22/23 18:06:19",
  "value" : {
    "bpm" : 90,
    "confidence" : 2
  }
},{
  "dateTime" : "11/22/23 18:06:24",
  "value" : {
    "bpm" : 91,
    "confidence" : 2
  }
},{
  "dateTime" : "11/22/23 18:06:29",
  "value" : {
    "bpm" : 92,
    "confidence" : 2
  }
},{
  "dateTime" : "11/22/23 18:06:34",
  "value" : {
    "bpm" : 94,
    "confidence" : 2
  }
},{
  "dateTime" : "11/22/23 18:06:39",
  "value" : {
    "bpm" : 96,
    "confidence" : 2
  }
},{
  "dateTime" : "11/22/23 18:06:49",
  "value" : {
    "bpm" : 98,
    "confidence" : 2
  }
},{
  "dateTime" : "11/22/23 18:06:54",
  "value" : {
    "bpm" : 99,
    "confidence" : 2
  }
},{
  "dateTime" : "11/22/23 18:06:59",
  "value" : {
    "bpm" : 100,
    "confidence" : 2
  }
},{
  "dateTime" : "11/22/23 18:07:14",
  "value" : {
    "bpm" : 99,
    "confidence" : 2
  }
},{
  "dateTime" : "11/22/23 18:07:19",
  "value" : {
    "bpm" : 97,
    "confidence" : 2
  }
},{
  "dateTime" : "11/22/23 18:07:29",
  "value" : {
    "bpm" : 96,
    "confidence" : 2
  }
},{
  "dateTime" : "11/22/23 18:07:34",
  "value" : {
    "bpm" : 93,
    "confidence" : 2
  }
},{
  "dateTime" : "11/22/23 18:07:44",
  "value" : {
    "bpm" : 94,
    "confidence" : 2
  }
},{
  "dateTime" : "11/22/23 18:07:50",
  "value" : {
    "bpm" : 95,
    "confidence" : 2
  }
},{
  "dateTime" : "11/22/23 18:07:55",
  "value" : {
    "bpm" : 97,
    "confidence" : 2
  }
},{
  "dateTime" : "11/22/23 18:08:00",
  "value" : {
    "bpm" : 98,
    "confidence" : 2
  }
},{
  "dateTime" : "11/22/23 18:08:05",
  "value" : {
    "bpm" : 99,
    "confidence" : 2
  }
},{
  "dateTime" : "11/22/23 18:08:10",
  "value" : {
    "bpm" : 98,
    "confidence" : 2
  }
},{
  "dateTime" : "11/22/23 18:08:25",
  "value" : {
    "bpm" : 98,
    "confidence" : 2
  }
},{
  "dateTime" : "11/22/23 18:08:35",
  "value" : {
    "bpm" : 97,
    "confidence" : 2
  }
},{
  "dateTime" : "11/22/23 18:08:40",
  "value" : {
    "bpm" : 88,
    "confidence" : 2
  }
},{
  "dateTime" : "11/22/23 18:08:45",
  "value" : {
    "bpm" : 82,
    "confidence" : 2
  }
},{
  "dateTime" : "11/22/23 18:09:00",
  "value" : {
    "bpm" : 82,
    "confidence" : 2
  }
},{
  "dateTime" : "11/22/23 18:09:10",
  "value" : {
    "bpm" : 81,
    "confidence" : 2
  }
},{
  "dateTime" : "11/22/23 18:09:25",
  "value" : {
    "bpm" : 83,
    "confidence" : 2
  }
},{
  "dateTime" : "11/22/23 18:09:30",
  "value" : {
    "bpm" : 79,
    "confidence" : 2
  }
},{
  "dateTime" : "11/22/23 18:09:35",
  "value" : {
    "bpm" : 77,
    "confidence" : 2
  }
},{
  "dateTime" : "11/22/23 18:09:45",
  "value" : {
    "bpm" : 76,
    "confidence" : 3
  }
},{
  "dateTime" : "11/22/23 18:09:50",
  "value" : {
    "bpm" : 76,
    "confidence" : 2
  }
},{
  "dateTime" : "11/22/23 18:10:05",
  "value" : {
    "bpm" : 76,
    "confidence" : 2
  }
},{
  "dateTime" : "11/22/23 18:10:15",
  "value" : {
    "bpm" : 75,
    "confidence" : 2
  }
},{
  "dateTime" : "11/22/23 18:10:20",
  "value" : {
    "bpm" : 74,
    "confidence" : 2
  }
},{
  "dateTime" : "11/22/23 18:10:35",
  "value" : {
    "bpm" : 75,
    "confidence" : 2
  }
},{
  "dateTime" : "11/22/23 18:10:40",
  "value" : {
    "bpm" : 76,
    "confidence" : 3
  }
},{
  "dateTime" : "11/22/23 18:10:45",
  "value" : {
    "bpm" : 74,
    "confidence" : 3
  }
},{
  "dateTime" : "11/22/23 18:10:50",
  "value" : {
    "bpm" : 75,
    "confidence" : 2
  }
},{
  "dateTime" : "11/22/23 18:11:05",
  "value" : {
    "bpm" : 76,
    "confidence" : 2
  }
},{
  "dateTime" : "11/22/23 18:11:15",
  "value" : {
    "bpm" : 77,
    "confidence" : 2
  }
},{
  "dateTime" : "11/22/23 18:11:25",
  "value" : {
    "bpm" : 76,
    "confidence" : 2
  }
},{
  "dateTime" : "11/22/23 18:11:30",
  "value" : {
    "bpm" : 73,
    "confidence" : 2
  }
},{
  "dateTime" : "11/22/23 18:11:35",
  "value" : {
    "bpm" : 74,
    "confidence" : 2
  }
},{
  "dateTime" : "11/22/23 18:11:40",
  "value" : {
    "bpm" : 75,
    "confidence" : 2
  }
},{
  "dateTime" : "11/22/23 18:11:55",
  "value" : {
    "bpm" : 77,
    "confidence" : 2
  }
},{
  "dateTime" : "11/22/23 18:12:00",
  "value" : {
    "bpm" : 78,
    "confidence" : 2
  }
},{
  "dateTime" : "11/22/23 18:12:05",
  "value" : {
    "bpm" : 76,
    "confidence" : 2
  }
},{
  "dateTime" : "11/22/23 18:12:15",
  "value" : {
    "bpm" : 75,
    "confidence" : 2
  }
},{
  "dateTime" : "11/22/23 18:12:20",
  "value" : {
    "bpm" : 74,
    "confidence" : 2
  }
},{
  "dateTime" : "11/22/23 18:12:25",
  "value" : {
    "bpm" : 75,
    "confidence" : 2
  }
},{
  "dateTime" : "11/22/23 18:12:30",
  "value" : {
    "bpm" : 76,
    "confidence" : 2
  }
},{
  "dateTime" : "11/22/23 18:12:40",
  "value" : {
    "bpm" : 75,
    "confidence" : 2
  }
},{
  "dateTime" : "11/22/23 18:12:50",
  "value" : {
    "bpm" : 76,
    "confidence" : 2
  }
},{
  "dateTime" : "11/22/23 18:12:55",
  "value" : {
    "bpm" : 75,
    "confidence" : 2
  }
},{
  "dateTime" : "11/22/23 18:13:00",
  "value" : {
    "bpm" : 76,
    "confidence" : 2
  }
},{
  "dateTime" : "11/22/23 18:13:05",
  "value" : {
    "bpm" : 77,
    "confidence" : 2
  }
},{
  "dateTime" : "11/22/23 18:13:10",
  "value" : {
    "bpm" : 74,
    "confidence" : 2
  }
},{
  "dateTime" : "11/22/23 18:13:20",
  "value" : {
    "bpm" : 73,
    "confidence" : 2
  }
},{
  "dateTime" : "11/22/23 18:13:25",
  "value" : {
    "bpm" : 71,
    "confidence" : 3
  }
},{
  "dateTime" : "11/22/23 18:13:30",
  "value" : {
    "bpm" : 71,
    "confidence" : 2
  }
},{
  "dateTime" : "11/22/23 18:13:45",
  "value" : {
    "bpm" : 76,
    "confidence" : 3
  }
},{
  "dateTime" : "11/22/23 18:13:50",
  "value" : {
    "bpm" : 77,
    "confidence" : 2
  }
},{
  "dateTime" : "11/22/23 18:13:55",
  "value" : {
    "bpm" : 75,
    "confidence" : 3
  }
},{
  "dateTime" : "11/22/23 18:14:00",
  "value" : {
    "bpm" : 76,
    "confidence" : 3
  }
},{
  "dateTime" : "11/22/23 18:14:10",
  "value" : {
    "bpm" : 76,
    "confidence" : 2
  }
},{
  "dateTime" : "11/22/23 18:14:15",
  "value" : {
    "bpm" : 75,
    "confidence" : 3
  }
},{
  "dateTime" : "11/22/23 18:14:20",
  "value" : {
    "bpm" : 75,
    "confidence" : 2
  }
},{
  "dateTime" : "11/22/23 18:14:30",
  "value" : {
    "bpm" : 76,
    "confidence" : 2
  }
},{
  "dateTime" : "11/22/23 18:14:35",
  "value" : {
    "bpm" : 77,
    "confidence" : 2
  }
},{
  "dateTime" : "11/22/23 18:14:50",
  "value" : {
    "bpm" : 77,
    "confidence" : 2
  }
},{
  "dateTime" : "11/22/23 18:14:55",
  "value" : {
    "bpm" : 78,
    "confidence" : 2
  }
},{
  "dateTime" : "11/22/23 18:15:10",
  "value" : {
    "bpm" : 76,
    "confidence" : 2
  }
},{
  "dateTime" : "11/22/23 18:15:15",
  "value" : {
    "bpm" : 75,
    "confidence" : 2
  }
},{
  "dateTime" : "11/22/23 18:15:20",
  "value" : {
    "bpm" : 76,
    "confidence" : 2
  }
},{
  "dateTime" : "11/22/23 18:15:30",
  "value" : {
    "bpm" : 75,
    "confidence" : 2
  }
},{
  "dateTime" : "11/22/23 18:15:35",
  "value" : {
    "bpm" : 76,
    "confidence" : 2
  }
},{
  "dateTime" : "11/22/23 18:15:50",
  "value" : {
    "bpm" : 76,
    "confidence" : 2
  }
},{
  "dateTime" : "11/22/23 18:15:55",
  "value" : {
    "bpm" : 77,
    "confidence" : 2
  }
},{
  "dateTime" : "11/22/23 18:16:00",
  "value" : {
    "bpm" : 78,
    "confidence" : 2
  }
},{
  "dateTime" : "11/22/23 18:16:05",
  "value" : {
    "bpm" : 77,
    "confidence" : 2
  }
},{
  "dateTime" : "11/22/23 18:16:20",
  "value" : {
    "bpm" : 77,
    "confidence" : 2
  }
},{
  "dateTime" : "11/22/23 18:16:30",
  "value" : {
    "bpm" : 78,
    "confidence" : 2
  }
},{
  "dateTime" : "11/22/23 18:16:35",
  "value" : {
    "bpm" : 80,
    "confidence" : 2
  }
},{
  "dateTime" : "11/22/23 18:16:50",
  "value" : {
    "bpm" : 81,
    "confidence" : 2
  }
},{
  "dateTime" : "11/22/23 18:16:55",
  "value" : {
    "bpm" : 80,
    "confidence" : 2
  }
},{
  "dateTime" : "11/22/23 18:17:00",
  "value" : {
    "bpm" : 81,
    "confidence" : 2
  }
},{
  "dateTime" : "11/22/23 18:17:10",
  "value" : {
    "bpm" : 82,
    "confidence" : 2
  }
},{
  "dateTime" : "11/22/23 18:17:15",
  "value" : {
    "bpm" : 81,
    "confidence" : 2
  }
},{
  "dateTime" : "11/22/23 18:17:20",
  "value" : {
    "bpm" : 80,
    "confidence" : 2
  }
},{
  "dateTime" : "11/22/23 18:17:25",
  "value" : {
    "bpm" : 79,
    "confidence" : 2
  }
},{
  "dateTime" : "11/22/23 18:17:30",
  "value" : {
    "bpm" : 78,
    "confidence" : 2
  }
},{
  "dateTime" : "11/22/23 18:17:45",
  "value" : {
    "bpm" : 78,
    "confidence" : 2
  }
},{
  "dateTime" : "11/22/23 18:18:00",
  "value" : {
    "bpm" : 77,
    "confidence" : 2
  }
},{
  "dateTime" : "11/22/23 18:18:15",
  "value" : {
    "bpm" : 77,
    "confidence" : 2
  }
},{
  "dateTime" : "11/22/23 18:18:25",
  "value" : {
    "bpm" : 78,
    "confidence" : 2
  }
},{
  "dateTime" : "11/22/23 18:18:30",
  "value" : {
    "bpm" : 78,
    "confidence" : 2
  }
},{
  "dateTime" : "11/22/23 18:18:35",
  "value" : {
    "bpm" : 79,
    "confidence" : 2
  }
},{
  "dateTime" : "11/22/23 18:18:50",
  "value" : {
    "bpm" : 79,
    "confidence" : 2
  }
},{
  "dateTime" : "11/22/23 18:19:05",
  "value" : {
    "bpm" : 80,
    "confidence" : 2
  }
},{
  "dateTime" : "11/22/23 18:19:10",
  "value" : {
    "bpm" : 81,
    "confidence" : 2
  }
},{
  "dateTime" : "11/22/23 18:19:25",
  "value" : {
    "bpm" : 81,
    "confidence" : 2
  }
},{
  "dateTime" : "11/22/23 18:19:40",
  "value" : {
    "bpm" : 81,
    "confidence" : 2
  }
},{
  "dateTime" : "11/22/23 18:19:45",
  "value" : {
    "bpm" : 80,
    "confidence" : 2
  }
},{
  "dateTime" : "11/22/23 18:19:50",
  "value" : {
    "bpm" : 79,
    "confidence" : 2
  }
},{
  "dateTime" : "11/22/23 18:19:55",
  "value" : {
    "bpm" : 78,
    "confidence" : 2
  }
},{
  "dateTime" : "11/22/23 18:20:00",
  "value" : {
    "bpm" : 77,
    "confidence" : 2
  }
},{
  "dateTime" : "11/22/23 18:20:10",
  "value" : {
    "bpm" : 78,
    "confidence" : 2
  }
},{
  "dateTime" : "11/22/23 18:20:26",
  "value" : {
    "bpm" : 78,
    "confidence" : 2
  }
},{
  "dateTime" : "11/22/23 18:20:41",
  "value" : {
    "bpm" : 78,
    "confidence" : 2
  }
},{
  "dateTime" : "11/22/23 18:20:51",
  "value" : {
    "bpm" : 77,
    "confidence" : 2
  }
},{
  "dateTime" : "11/22/23 18:21:06",
  "value" : {
    "bpm" : 77,
    "confidence" : 2
  }
},{
  "dateTime" : "11/22/23 18:21:21",
  "value" : {
    "bpm" : 76,
    "confidence" : 2
  }
},{
  "dateTime" : "11/22/23 18:21:31",
  "value" : {
    "bpm" : 77,
    "confidence" : 2
  }
},{
  "dateTime" : "11/22/23 18:21:36",
  "value" : {
    "bpm" : 76,
    "confidence" : 2
  }
},{
  "dateTime" : "11/22/23 18:21:41",
  "value" : {
    "bpm" : 74,
    "confidence" : 2
  }
},{
  "dateTime" : "11/22/23 18:21:46",
  "value" : {
    "bpm" : 72,
    "confidence" : 2
  }
},{
  "dateTime" : "11/22/23 18:21:51",
  "value" : {
    "bpm" : 69,
    "confidence" : 2
  }
},{
  "dateTime" : "11/22/23 18:21:56",
  "value" : {
    "bpm" : 70,
    "confidence" : 2
  }
},{
  "dateTime" : "11/22/23 18:22:01",
  "value" : {
    "bpm" : 71,
    "confidence" : 2
  }
},{
  "dateTime" : "11/22/23 18:22:16",
  "value" : {
    "bpm" : 72,
    "confidence" : 2
  }
},{
  "dateTime" : "11/22/23 18:22:21",
  "value" : {
    "bpm" : 73,
    "confidence" : 2
  }
},{
  "dateTime" : "11/22/23 18:22:31",
  "value" : {
    "bpm" : 72,
    "confidence" : 2
  }
},{
  "dateTime" : "11/22/23 18:22:36",
  "value" : {
    "bpm" : 71,
    "confidence" : 2
  }
},{
  "dateTime" : "11/22/23 18:22:41",
  "value" : {
    "bpm" : 68,
    "confidence" : 2
  }
},{
  "dateTime" : "11/22/23 18:22:51",
  "value" : {
    "bpm" : 69,
    "confidence" : 2
  }
},{
  "dateTime" : "11/22/23 18:23:06",
  "value" : {
    "bpm" : 70,
    "confidence" : 2
  }
},{
  "dateTime" : "11/22/23 18:23:16",
  "value" : {
    "bpm" : 70,
    "confidence" : 1
  }
},{
  "dateTime" : "11/22/23 18:23:26",
  "value" : {
    "bpm" : 71,
    "confidence" : 1
  }
},{
  "dateTime" : "11/22/23 18:23:31",
  "value" : {
    "bpm" : 73,
    "confidence" : 1
  }
},{
  "dateTime" : "11/22/23 18:23:41",
  "value" : {
    "bpm" : 72,
    "confidence" : 1
  }
},{
  "dateTime" : "11/22/23 18:23:46",
  "value" : {
    "bpm" : 71,
    "confidence" : 2
  }
},{
  "dateTime" : "11/22/23 18:23:56",
  "value" : {
    "bpm" : 72,
    "confidence" : 2
  }
},{
  "dateTime" : "11/22/23 18:24:07",
  "value" : {
    "bpm" : 72,
    "confidence" : 2
  }
},{
  "dateTime" : "11/22/23 18:24:12",
  "value" : {
    "bpm" : 73,
    "confidence" : 2
  }
},{
  "dateTime" : "11/22/23 18:24:17",
  "value" : {
    "bpm" : 72,
    "confidence" : 1
  }
},{
  "dateTime" : "11/22/23 18:24:22",
  "value" : {
    "bpm" : 70,
    "confidence" : 1
  }
},{
  "dateTime" : "11/22/23 18:24:27",
  "value" : {
    "bpm" : 69,
    "confidence" : 1
  }
},{
  "dateTime" : "11/22/23 18:24:37",
  "value" : {
    "bpm" : 70,
    "confidence" : 1
  }
},{
  "dateTime" : "11/22/23 18:24:42",
  "value" : {
    "bpm" : 71,
    "confidence" : 1
  }
},{
  "dateTime" : "11/22/23 18:24:47",
  "value" : {
    "bpm" : 72,
    "confidence" : 2
  }
},{
  "dateTime" : "11/22/23 18:24:52",
  "value" : {
    "bpm" : 71,
    "confidence" : 2
  }
},{
  "dateTime" : "11/22/23 18:25:07",
  "value" : {
    "bpm" : 71,
    "confidence" : 2
  }
},{
  "dateTime" : "11/22/23 18:25:12",
  "value" : {
    "bpm" : 71,
    "confidence" : 1
  }
},{
  "dateTime" : "11/22/23 18:25:27",
  "value" : {
    "bpm" : 65,
    "confidence" : 2
  }
},{
  "dateTime" : "11/22/23 18:25:37",
  "value" : {
    "bpm" : 66,
    "confidence" : 2
  }
},{
  "dateTime" : "11/22/23 18:25:42",
  "value" : {
    "bpm" : 67,
    "confidence" : 2
  }
},{
  "dateTime" : "11/22/23 18:25:47",
  "value" : {
    "bpm" : 68,
    "confidence" : 2
  }
},{
  "dateTime" : "11/22/23 18:25:57",
  "value" : {
    "bpm" : 69,
    "confidence" : 2
  }
},{
  "dateTime" : "11/22/23 18:26:02",
  "value" : {
    "bpm" : 71,
    "confidence" : 2
  }
},{
  "dateTime" : "11/22/23 18:26:12",
  "value" : {
    "bpm" : 72,
    "confidence" : 2
  }
},{
  "dateTime" : "11/22/23 18:26:17",
  "value" : {
    "bpm" : 73,
    "confidence" : 2
  }
},{
  "dateTime" : "11/22/23 18:26:22",
  "value" : {
    "bpm" : 74,
    "confidence" : 2
  }
},{
  "dateTime" : "11/22/23 18:26:37",
  "value" : {
    "bpm" : 75,
    "confidence" : 2
  }
},{
  "dateTime" : "11/22/23 18:26:42",
  "value" : {
    "bpm" : 73,
    "confidence" : 2
  }
},{
  "dateTime" : "11/22/23 18:26:47",
  "value" : {
    "bpm" : 71,
    "confidence" : 2
  }
},{
  "dateTime" : "11/22/23 18:26:52",
  "value" : {
    "bpm" : 69,
    "confidence" : 2
  }
},{
  "dateTime" : "11/22/23 18:26:57",
  "value" : {
    "bpm" : 68,
    "confidence" : 2
  }
},{
  "dateTime" : "11/22/23 18:27:02",
  "value" : {
    "bpm" : 66,
    "confidence" : 1
  }
},{
  "dateTime" : "11/22/23 18:27:07",
  "value" : {
    "bpm" : 66,
    "confidence" : 2
  }
},{
  "dateTime" : "11/22/23 18:27:12",
  "value" : {
    "bpm" : 66,
    "confidence" : 1
  }
},{
  "dateTime" : "11/22/23 18:27:22",
  "value" : {
    "bpm" : 66,
    "confidence" : 2
  }
},{
  "dateTime" : "11/22/23 18:27:27",
  "value" : {
    "bpm" : 65,
    "confidence" : 2
  }
},{
  "dateTime" : "11/22/23 18:27:32",
  "value" : {
    "bpm" : 64,
    "confidence" : 2
  }
},{
  "dateTime" : "11/22/23 18:27:42",
  "value" : {
    "bpm" : 63,
    "confidence" : 1
  }
},{
  "dateTime" : "11/22/23 18:27:47",
  "value" : {
    "bpm" : 62,
    "confidence" : 1
  }
},{
  "dateTime" : "11/22/23 18:27:52",
  "value" : {
    "bpm" : 62,
    "confidence" : 2
  }
},{
  "dateTime" : "11/22/23 18:27:57",
  "value" : {
    "bpm" : 61,
    "confidence" : 2
  }
},{
  "dateTime" : "11/22/23 18:28:02",
  "value" : {
    "bpm" : 58,
    "confidence" : 2
  }
},{
  "dateTime" : "11/22/23 18:28:07",
  "value" : {
    "bpm" : 57,
    "confidence" : 1
  }
},{
  "dateTime" : "11/22/23 18:28:12",
  "value" : {
    "bpm" : 58,
    "confidence" : 1
  }
},{
  "dateTime" : "11/22/23 18:28:17",
  "value" : {
    "bpm" : 59,
    "confidence" : 1
  }
},{
  "dateTime" : "11/22/23 18:28:22",
  "value" : {
    "bpm" : 62,
    "confidence" : 1
  }
},{
  "dateTime" : "11/22/23 18:28:27",
  "value" : {
    "bpm" : 65,
    "confidence" : 1
  }
},{
  "dateTime" : "11/22/23 18:28:32",
  "value" : {
    "bpm" : 66,
    "confidence" : 1
  }
},{
  "dateTime" : "11/22/23 18:28:37",
  "value" : {
    "bpm" : 67,
    "confidence" : 1
  }
},{
  "dateTime" : "11/22/23 18:28:42",
  "value" : {
    "bpm" : 69,
    "confidence" : 1
  }
},{
  "dateTime" : "11/22/23 18:28:47",
  "value" : {
    "bpm" : 71,
    "confidence" : 1
  }
},{
  "dateTime" : "11/22/23 18:28:52",
  "value" : {
    "bpm" : 73,
    "confidence" : 1
  }
},{
  "dateTime" : "11/22/23 18:29:02",
  "value" : {
    "bpm" : 72,
    "confidence" : 2
  }
},{
  "dateTime" : "11/22/23 18:29:07",
  "value" : {
    "bpm" : 71,
    "confidence" : 2
  }
},{
  "dateTime" : "11/22/23 18:29:12",
  "value" : {
    "bpm" : 70,
    "confidence" : 2
  }
},{
  "dateTime" : "11/22/23 18:29:27",
  "value" : {
    "bpm" : 70,
    "confidence" : 2
  }
},{
  "dateTime" : "11/22/23 18:29:42",
  "value" : {
    "bpm" : 67,
    "confidence" : 2
  }
},{
  "dateTime" : "11/22/23 18:29:47",
  "value" : {
    "bpm" : 65,
    "confidence" : 2
  }
},{
  "dateTime" : "11/22/23 18:29:52",
  "value" : {
    "bpm" : 66,
    "confidence" : 2
  }
},{
  "dateTime" : "11/22/23 18:30:02",
  "value" : {
    "bpm" : 68,
    "confidence" : 2
  }
},{
  "dateTime" : "11/22/23 18:30:07",
  "value" : {
    "bpm" : 69,
    "confidence" : 2
  }
},{
  "dateTime" : "11/22/23 18:30:22",
  "value" : {
    "bpm" : 69,
    "confidence" : 2
  }
},{
  "dateTime" : "11/22/23 18:30:27",
  "value" : {
    "bpm" : 70,
    "confidence" : 2
  }
},{
  "dateTime" : "11/22/23 18:30:37",
  "value" : {
    "bpm" : 68,
    "confidence" : 2
  }
},{
  "dateTime" : "11/22/23 18:30:47",
  "value" : {
    "bpm" : 69,
    "confidence" : 2
  }
},{
  "dateTime" : "11/22/23 18:30:57",
  "value" : {
    "bpm" : 70,
    "confidence" : 2
  }
},{
  "dateTime" : "11/22/23 18:31:07",
  "value" : {
    "bpm" : 69,
    "confidence" : 2
  }
},{
  "dateTime" : "11/22/23 18:31:17",
  "value" : {
    "bpm" : 70,
    "confidence" : 2
  }
},{
  "dateTime" : "11/22/23 18:31:23",
  "value" : {
    "bpm" : 71,
    "confidence" : 2
  }
},{
  "dateTime" : "11/22/23 18:31:28",
  "value" : {
    "bpm" : 71,
    "confidence" : 1
  }
},{
  "dateTime" : "11/22/23 18:31:33",
  "value" : {
    "bpm" : 72,
    "confidence" : 1
  }
},{
  "dateTime" : "11/22/23 18:31:38",
  "value" : {
    "bpm" : 73,
    "confidence" : 1
  }
},{
  "dateTime" : "11/22/23 18:31:43",
  "value" : {
    "bpm" : 72,
    "confidence" : 2
  }
},{
  "dateTime" : "11/22/23 18:31:53",
  "value" : {
    "bpm" : 71,
    "confidence" : 2
  }
},{
  "dateTime" : "11/22/23 18:32:03",
  "value" : {
    "bpm" : 72,
    "confidence" : 2
  }
},{
  "dateTime" : "11/22/23 18:32:13",
  "value" : {
    "bpm" : 73,
    "confidence" : 2
  }
},{
  "dateTime" : "11/22/23 18:32:18",
  "value" : {
    "bpm" : 74,
    "confidence" : 2
  }
},{
  "dateTime" : "11/22/23 18:32:23",
  "value" : {
    "bpm" : 75,
    "confidence" : 2
  }
},{
  "dateTime" : "11/22/23 18:32:28",
  "value" : {
    "bpm" : 74,
    "confidence" : 2
  }
},{
  "dateTime" : "11/22/23 18:32:33",
  "value" : {
    "bpm" : 75,
    "confidence" : 2
  }
},{
  "dateTime" : "11/22/23 18:32:38",
  "value" : {
    "bpm" : 76,
    "confidence" : 2
  }
},{
  "dateTime" : "11/22/23 18:32:43",
  "value" : {
    "bpm" : 74,
    "confidence" : 2
  }
},{
  "dateTime" : "11/22/23 18:32:48",
  "value" : {
    "bpm" : 73,
    "confidence" : 2
  }
},{
  "dateTime" : "11/22/23 18:32:58",
  "value" : {
    "bpm" : 74,
    "confidence" : 2
  }
},{
  "dateTime" : "11/22/23 18:33:13",
  "value" : {
    "bpm" : 73,
    "confidence" : 2
  }
},{
  "dateTime" : "11/22/23 18:33:18",
  "value" : {
    "bpm" : 70,
    "confidence" : 2
  }
},{
  "dateTime" : "11/22/23 18:33:28",
  "value" : {
    "bpm" : 72,
    "confidence" : 1
  }
},{
  "dateTime" : "11/22/23 18:33:38",
  "value" : {
    "bpm" : 75,
    "confidence" : 1
  }
},{
  "dateTime" : "11/22/23 18:33:43",
  "value" : {
    "bpm" : 78,
    "confidence" : 1
  }
},{
  "dateTime" : "11/22/23 18:33:48",
  "value" : {
    "bpm" : 79,
    "confidence" : 1
  }
},{
  "dateTime" : "11/22/23 18:33:53",
  "value" : {
    "bpm" : 81,
    "confidence" : 1
  }
},{
  "dateTime" : "11/22/23 18:33:58",
  "value" : {
    "bpm" : 83,
    "confidence" : 1
  }
},{
  "dateTime" : "11/22/23 18:34:03",
  "value" : {
    "bpm" : 85,
    "confidence" : 1
  }
},{
  "dateTime" : "11/22/23 18:34:08",
  "value" : {
    "bpm" : 87,
    "confidence" : 2
  }
},{
  "dateTime" : "11/22/23 18:34:13",
  "value" : {
    "bpm" : 88,
    "confidence" : 2
  }
},{
  "dateTime" : "11/22/23 18:34:18",
  "value" : {
    "bpm" : 88,
    "confidence" : 2
  }
},{
  "dateTime" : "11/22/23 18:34:23",
  "value" : {
    "bpm" : 86,
    "confidence" : 2
  }
},{
  "dateTime" : "11/22/23 18:34:38",
  "value" : {
    "bpm" : 86,
    "confidence" : 2
  }
},{
  "dateTime" : "11/22/23 18:34:43",
  "value" : {
    "bpm" : 85,
    "confidence" : 2
  }
},{
  "dateTime" : "11/22/23 18:34:48",
  "value" : {
    "bpm" : 83,
    "confidence" : 2
  }
},{
  "dateTime" : "11/22/23 18:34:53",
  "value" : {
    "bpm" : 82,
    "confidence" : 2
  }
},{
  "dateTime" : "11/22/23 18:34:58",
  "value" : {
    "bpm" : 80,
    "confidence" : 2
  }
},{
  "dateTime" : "11/22/23 18:35:03",
  "value" : {
    "bpm" : 79,
    "confidence" : 2
  }
},{
  "dateTime" : "11/22/23 18:35:08",
  "value" : {
    "bpm" : 81,
    "confidence" : 2
  }
},{
  "dateTime" : "11/22/23 18:35:13",
  "value" : {
    "bpm" : 83,
    "confidence" : 2
  }
},{
  "dateTime" : "11/22/23 18:35:18",
  "value" : {
    "bpm" : 85,
    "confidence" : 2
  }
},{
  "dateTime" : "11/22/23 18:35:23",
  "value" : {
    "bpm" : 86,
    "confidence" : 2
  }
},{
  "dateTime" : "11/22/23 18:35:33",
  "value" : {
    "bpm" : 85,
    "confidence" : 2
  }
},{
  "dateTime" : "11/22/23 18:35:38",
  "value" : {
    "bpm" : 84,
    "confidence" : 2
  }
},{
  "dateTime" : "11/22/23 18:35:48",
  "value" : {
    "bpm" : 85,
    "confidence" : 2
  }
},{
  "dateTime" : "11/22/23 18:36:03",
  "value" : {
    "bpm" : 86,
    "confidence" : 2
  }
},{
  "dateTime" : "11/22/23 18:36:08",
  "value" : {
    "bpm" : 87,
    "confidence" : 2
  }
},{
  "dateTime" : "11/22/23 18:36:13",
  "value" : {
    "bpm" : 90,
    "confidence" : 2
  }
},{
  "dateTime" : "11/22/23 18:36:18",
  "value" : {
    "bpm" : 91,
    "confidence" : 2
  }
},{
  "dateTime" : "11/22/23 18:36:23",
  "value" : {
    "bpm" : 90,
    "confidence" : 2
  }
},{
  "dateTime" : "11/22/23 18:36:33",
  "value" : {
    "bpm" : 89,
    "confidence" : 2
  }
},{
  "dateTime" : "11/22/23 18:36:48",
  "value" : {
    "bpm" : 89,
    "confidence" : 2
  }
},{
  "dateTime" : "11/22/23 18:37:03",
  "value" : {
    "bpm" : 88,
    "confidence" : 2
  }
},{
  "dateTime" : "11/22/23 18:37:08",
  "value" : {
    "bpm" : 86,
    "confidence" : 2
  }
},{
  "dateTime" : "11/22/23 18:37:13",
  "value" : {
    "bpm" : 87,
    "confidence" : 2
  }
},{
  "dateTime" : "11/22/23 18:37:18",
  "value" : {
    "bpm" : 88,
    "confidence" : 2
  }
},{
  "dateTime" : "11/22/23 19:32:02",
  "value" : {
    "bpm" : 70,
    "confidence" : 0
  }
},{
  "dateTime" : "11/22/23 20:26:39",
  "value" : {
    "bpm" : 70,
    "confidence" : 0
  }
}]