[{
  "dateTime" : "01/19/24 21:19:34",
  "value" : {
    "bpm" : 70,
    "confidence" : 0
  }
},{
  "dateTime" : "01/19/24 21:20:03",
  "value" : {
    "bpm" : 70,
    "confidence" : 0
  }
},{
  "dateTime" : "01/19/24 21:21:18",
  "value" : {
    "bpm" : 70,
    "confidence" : 0
  }
},{
  "dateTime" : "01/19/24 22:17:57",
  "value" : {
    "bpm" : 70,
    "confidence" : 0
  }
},{
  "dateTime" : "01/19/24 23:12:34",
  "value" : {
    "bpm" : 70,
    "confidence" : 0
  }
},{
  "dateTime" : "01/20/24 07:41:21",
  "value" : {
    "bpm" : 70,
    "confidence" : 0
  }
}]