[{
  "dateTime" : "12/27/23 08:43:51",
  "value" : {
    "bpm" : 70,
    "confidence" : 0
  }
},{
  "dateTime" : "12/27/23 09:38:28",
  "value" : {
    "bpm" : 70,
    "confidence" : 0
  }
},{
  "dateTime" : "12/27/23 20:13:48",
  "value" : {
    "bpm" : 70,
    "confidence" : 0
  }
},{
  "dateTime" : "12/27/23 21:08:27",
  "value" : {
    "bpm" : 70,
    "confidence" : 0
  }
},{
  "dateTime" : "12/27/23 22:03:04",
  "value" : {
    "bpm" : 70,
    "confidence" : 0
  }
},{
  "dateTime" : "12/28/23 07:47:35",
  "value" : {
    "bpm" : 70,
    "confidence" : 0
  }
}]