[{
  "dateTime" : "12/10/23 08:00:27",
  "value" : {
    "bpm" : 70,
    "confidence" : 0
  }
},{
  "dateTime" : "12/10/23 18:43:48",
  "value" : {
    "bpm" : 70,
    "confidence" : 0
  }
},{
  "dateTime" : "12/10/23 18:44:07",
  "value" : {
    "bpm" : 70,
    "confidence" : 0
  }
},{
  "dateTime" : "12/10/23 19:09:20",
  "value" : {
    "bpm" : 70,
    "confidence" : 0
  }
},{
  "dateTime" : "12/10/23 19:47:47",
  "value" : {
    "bpm" : 70,
    "confidence" : 0
  }
},{
  "dateTime" : "12/10/23 20:42:23",
  "value" : {
    "bpm" : 70,
    "confidence" : 0
  }
},{
  "dateTime" : "12/10/23 21:37:00",
  "value" : {
    "bpm" : 70,
    "confidence" : 0
  }
}]