[{
  "dateTime" : "12/26/23 08:48:49",
  "value" : {
    "bpm" : 70,
    "confidence" : 0
  }
},{
  "dateTime" : "12/26/23 09:43:25",
  "value" : {
    "bpm" : 70,
    "confidence" : 0
  }
},{
  "dateTime" : "12/26/23 19:01:12",
  "value" : {
    "bpm" : 70,
    "confidence" : 0
  }
},{
  "dateTime" : "12/26/23 19:55:55",
  "value" : {
    "bpm" : 70,
    "confidence" : 0
  }
},{
  "dateTime" : "12/26/23 20:32:23",
  "value" : {
    "bpm" : 70,
    "confidence" : 0
  }
},{
  "dateTime" : "12/26/23 20:32:38",
  "value" : {
    "bpm" : 70,
    "confidence" : 0
  }
},{
  "dateTime" : "12/26/23 20:32:43",
  "value" : {
    "bpm" : 69,
    "confidence" : 1
  }
},{
  "dateTime" : "12/26/23 20:32:48",
  "value" : {
    "bpm" : 66,
    "confidence" : 1
  }
},{
  "dateTime" : "12/26/23 20:32:53",
  "value" : {
    "bpm" : 69,
    "confidence" : 1
  }
},{
  "dateTime" : "12/26/23 20:32:58",
  "value" : {
    "bpm" : 70,
    "confidence" : 1
  }
},{
  "dateTime" : "12/26/23 20:33:03",
  "value" : {
    "bpm" : 69,
    "confidence" : 1
  }
},{
  "dateTime" : "12/26/23 20:33:13",
  "value" : {
    "bpm" : 71,
    "confidence" : 1
  }
},{
  "dateTime" : "12/26/23 20:33:18",
  "value" : {
    "bpm" : 73,
    "confidence" : 1
  }
},{
  "dateTime" : "12/26/23 20:33:23",
  "value" : {
    "bpm" : 74,
    "confidence" : 1
  }
},{
  "dateTime" : "12/26/23 20:33:33",
  "value" : {
    "bpm" : 73,
    "confidence" : 1
  }
},{
  "dateTime" : "12/26/23 21:27:16",
  "value" : {
    "bpm" : 70,
    "confidence" : 0
  }
},{
  "dateTime" : "12/26/23 22:31:01",
  "value" : {
    "bpm" : 70,
    "confidence" : 0
  }
},{
  "dateTime" : "12/26/23 23:25:38",
  "value" : {
    "bpm" : 70,
    "confidence" : 0
  }
},{
  "dateTime" : "12/27/23 00:20:15",
  "value" : {
    "bpm" : 70,
    "confidence" : 0
  }
},{
  "dateTime" : "12/27/23 00:58:01",
  "value" : {
    "bpm" : 70,
    "confidence" : 0
  }
},{
  "dateTime" : "12/27/23 01:52:41",
  "value" : {
    "bpm" : 70,
    "confidence" : 0
  }
},{
  "dateTime" : "12/27/23 02:47:16",
  "value" : {
    "bpm" : 70,
    "confidence" : 0
  }
},{
  "dateTime" : "12/27/23 07:49:14",
  "value" : {
    "bpm" : 70,
    "confidence" : 0
  }
}]