[{
  "dateTime" : "01/21/24 00:00:00",
  "value" : "20"
},{
  "dateTime" : "01/22/24 00:00:00",
  "value" : "0"
},{
  "dateTime" : "01/23/24 00:00:00",
  "value" : "0"
},{
  "dateTime" : "01/24/24 00:00:00",
  "value" : "0"
},{
  "dateTime" : "01/25/24 00:00:00",
  "value" : "0"
},{
  "dateTime" : "01/26/24 00:00:00",
  "value" : "0"
},{
  "dateTime" : "01/27/24 00:00:00",
  "value" : "0"
},{
  "dateTime" : "01/28/24 00:00:00",
  "value" : "0"
},{
  "dateTime" : "01/29/24 00:00:00",
  "value" : "0"
},{
  "dateTime" : "01/30/24 00:00:00",
  "value" : "0"
},{
  "dateTime" : "01/31/24 00:00:00",
  "value" : "0"
},{
  "dateTime" : "02/01/24 00:00:00",
  "value" : "0"
},{
  "dateTime" : "02/02/24 00:00:00",
  "value" : "0"
},{
  "dateTime" : "02/03/24 00:00:00",
  "value" : "0"
},{
  "dateTime" : "02/04/24 00:00:00",
  "value" : "0"
},{
  "dateTime" : "02/05/24 00:00:00",
  "value" : "0"
},{
  "dateTime" : "02/06/24 00:00:00",
  "value" : "0"
},{
  "dateTime" : "02/07/24 00:00:00",
  "value" : "0"
},{
  "dateTime" : "02/08/24 00:00:00",
  "value" : "0"
},{
  "dateTime" : "02/09/24 00:00:00",
  "value" : "0"
},{
  "dateTime" : "02/10/24 00:00:00",
  "value" : "0"
},{
  "dateTime" : "02/11/24 00:00:00",
  "value" : "0"
},{
  "dateTime" : "02/12/24 00:00:00",
  "value" : "0"
},{
  "dateTime" : "02/13/24 00:00:00",
  "value" : "0"
},{
  "dateTime" : "02/14/24 00:00:00",
  "value" : "0"
},{
  "dateTime" : "02/15/24 00:00:00",
  "value" : "0"
},{
  "dateTime" : "02/16/24 00:00:00",
  "value" : "0"
},{
  "dateTime" : "02/17/24 00:00:00",
  "value" : "0"
},{
  "dateTime" : "02/18/24 00:00:00",
  "value" : "0"
},{
  "dateTime" : "02/19/24 00:00:00",
  "value" : "0"
}]