[{
  "dateTime" : "10/23/23 00:00:00",
  "value" : "0"
},{
  "dateTime" : "10/24/23 00:00:00",
  "value" : "0"
},{
  "dateTime" : "10/25/23 00:00:00",
  "value" : "0"
},{
  "dateTime" : "10/26/23 00:00:00",
  "value" : "0"
},{
  "dateTime" : "10/27/23 00:00:00",
  "value" : "0"
},{
  "dateTime" : "10/28/23 00:00:00",
  "value" : "0"
},{
  "dateTime" : "10/29/23 00:00:00",
  "value" : "0"
},{
  "dateTime" : "10/30/23 00:00:00",
  "value" : "13"
},{
  "dateTime" : "10/31/23 00:00:00",
  "value" : "1"
},{
  "dateTime" : "11/01/23 00:00:00",
  "value" : "19"
},{
  "dateTime" : "11/02/23 00:00:00",
  "value" : "14"
},{
  "dateTime" : "11/03/23 00:00:00",
  "value" : "21"
},{
  "dateTime" : "11/04/23 00:00:00",
  "value" : "0"
},{
  "dateTime" : "11/05/23 00:00:00",
  "value" : "0"
},{
  "dateTime" : "11/06/23 00:00:00",
  "value" : "5"
},{
  "dateTime" : "11/07/23 00:00:00",
  "value" : "0"
},{
  "dateTime" : "11/08/23 00:00:00",
  "value" : "0"
},{
  "dateTime" : "11/09/23 00:00:00",
  "value" : "0"
},{
  "dateTime" : "11/10/23 00:00:00",
  "value" : "0"
},{
  "dateTime" : "11/11/23 00:00:00",
  "value" : "3"
},{
  "dateTime" : "11/12/23 00:00:00",
  "value" : "0"
},{
  "dateTime" : "11/13/23 00:00:00",
  "value" : "8"
},{
  "dateTime" : "11/14/23 00:00:00",
  "value" : "5"
},{
  "dateTime" : "11/15/23 00:00:00",
  "value" : "0"
},{
  "dateTime" : "11/16/23 00:00:00",
  "value" : "0"
},{
  "dateTime" : "11/17/23 00:00:00",
  "value" : "4"
},{
  "dateTime" : "11/18/23 00:00:00",
  "value" : "9"
},{
  "dateTime" : "11/19/23 00:00:00",
  "value" : "1"
},{
  "dateTime" : "11/20/23 00:00:00",
  "value" : "16"
},{
  "dateTime" : "11/21/23 00:00:00",
  "value" : "0"
}]