[{
  "dateTime" : "10/23/23 00:00:00",
  "value" : {
    "date" : null,
    "value" : 0.0,
    "error" : 0.0
  }
},{
  "dateTime" : "10/24/23 00:00:00",
  "value" : {
    "date" : null,
    "value" : 0.0,
    "error" : 0.0
  }
},{
  "dateTime" : "10/25/23 00:00:00",
  "value" : {
    "date" : null,
    "value" : 0.0,
    "error" : 0.0
  }
},{
  "dateTime" : "10/26/23 00:00:00",
  "value" : {
    "date" : null,
    "value" : 0.0,
    "error" : 0.0
  }
},{
  "dateTime" : "10/27/23 00:00:00",
  "value" : {
    "date" : null,
    "value" : 0.0,
    "error" : 0.0
  }
},{
  "dateTime" : "10/28/23 00:00:00",
  "value" : {
    "date" : null,
    "value" : 0.0,
    "error" : 0.0
  }
},{
  "dateTime" : "10/29/23 00:00:00",
  "value" : {
    "date" : null,
    "value" : 0.0,
    "error" : 0.0
  }
},{
  "dateTime" : "10/30/23 00:00:00",
  "value" : {
    "date" : "10/30/23",
    "value" : 65.0,
    "error" : 100.0
  }
},{
  "dateTime" : "10/31/23 00:00:00",
  "value" : {
    "date" : "10/31/23",
    "value" : 65.95022583007812,
    "error" : 55.11312198638916
  }
},{
  "dateTime" : "11/01/23 00:00:00",
  "value" : {
    "date" : "11/01/23",
    "value" : 66.3085470199585,
    "error" : 39.59456253051758
  }
},{
  "dateTime" : "11/02/23 00:00:00",
  "value" : {
    "date" : "11/02/23",
    "value" : 65.66749954223633,
    "error" : 32.21135902404785
  }
},{
  "dateTime" : "11/03/23 00:00:00",
  "value" : {
    "date" : "11/03/23",
    "value" : 65.52966690063477,
    "error" : 28.17361354827881
  }
},{
  "dateTime" : "11/04/23 00:00:00",
  "value" : {
    "date" : "11/04/23",
    "value" : 66.8517198562622,
    "error" : 10.79395580291748
  }
},{
  "dateTime" : "11/05/23 00:00:00",
  "value" : {
    "date" : null,
    "value" : 0.0,
    "error" : 0.0
  }
},{
  "dateTime" : "11/06/23 00:00:00",
  "value" : {
    "date" : "11/06/23",
    "value" : 66.8704719543457,
    "error" : 14.670086860656738
  }
},{
  "dateTime" : "11/07/23 00:00:00",
  "value" : {
    "date" : "11/07/23",
    "value" : 65.38142776489258,
    "error" : 8.82311725616455
  }
},{
  "dateTime" : "11/08/23 00:00:00",
  "value" : {
    "date" : null,
    "value" : 0.0,
    "error" : 0.0
  }
},{
  "dateTime" : "11/09/23 00:00:00",
  "value" : {
    "date" : null,
    "value" : 0.0,
    "error" : 0.0
  }
},{
  "dateTime" : "11/10/23 00:00:00",
  "value" : {
    "date" : "11/10/23",
    "value" : 64.9755449295044,
    "error" : 13.923821449279785
  }
},{
  "dateTime" : "11/11/23 00:00:00",
  "value" : {
    "date" : "11/11/23",
    "value" : 64.83871841430664,
    "error" : 16.269649505615234
  }
},{
  "dateTime" : "11/12/23 00:00:00",
  "value" : {
    "date" : "11/12/23",
    "value" : 65.17360401153564,
    "error" : 17.973960876464844
  }
},{
  "dateTime" : "11/13/23 00:00:00",
  "value" : {
    "date" : "11/13/23",
    "value" : 65.4755277633667,
    "error" : 19.176105499267578
  }
},{
  "dateTime" : "11/14/23 00:00:00",
  "value" : {
    "date" : "11/14/23",
    "value" : 65.56598281860352,
    "error" : 20.0064640045166
  }
},{
  "dateTime" : "11/15/23 00:00:00",
  "value" : {
    "date" : null,
    "value" : 0.0,
    "error" : 0.0
  }
},{
  "dateTime" : "11/16/23 00:00:00",
  "value" : {
    "date" : null,
    "value" : 0.0,
    "error" : 0.0
  }
},{
  "dateTime" : "11/17/23 00:00:00",
  "value" : {
    "date" : "11/17/23",
    "value" : 65.45909786224365,
    "error" : 21.90635108947754
  }
},{
  "dateTime" : "11/18/23 00:00:00",
  "value" : {
    "date" : "11/18/23",
    "value" : 66.31405639648438,
    "error" : 21.84043312072754
  }
},{
  "dateTime" : "11/19/23 00:00:00",
  "value" : {
    "date" : "11/19/23",
    "value" : 65.3718900680542,
    "error" : 21.79698085784912
  }
},{
  "dateTime" : "11/20/23 00:00:00",
  "value" : {
    "date" : "11/20/23",
    "value" : 65.1144437789917,
    "error" : 21.768315315246582
  }
},{
  "dateTime" : "11/21/23 00:00:00",
  "value" : {
    "date" : null,
    "value" : 0.0,
    "error" : 0.0
  }
},{
  "dateTime" : "11/22/23 00:00:00",
  "value" : {
    "date" : null,
    "value" : 0.0,
    "error" : 0.0
  }
},{
  "dateTime" : "11/23/23 00:00:00",
  "value" : {
    "date" : null,
    "value" : 0.0,
    "error" : 0.0
  }
},{
  "dateTime" : "11/24/23 00:00:00",
  "value" : {
    "date" : "11/24/23",
    "value" : 65.29528903961182,
    "error" : 23.68912982940674
  }
},{
  "dateTime" : "11/25/23 00:00:00",
  "value" : {
    "date" : "11/25/23",
    "value" : 65.45484733581543,
    "error" : 23.000615119934082
  }
},{
  "dateTime" : "11/26/23 00:00:00",
  "value" : {
    "date" : null,
    "value" : 0.0,
    "error" : 0.0
  }
},{
  "dateTime" : "11/27/23 00:00:00",
  "value" : {
    "date" : "11/27/23",
    "value" : 64.09630870819092,
    "error" : 24.34075164794922
  }
},{
  "dateTime" : "11/28/23 00:00:00",
  "value" : {
    "date" : "11/28/23",
    "value" : 64.42005443572998,
    "error" : 23.417569160461426
  }
},{
  "dateTime" : "11/29/23 00:00:00",
  "value" : {
    "date" : null,
    "value" : 0.0,
    "error" : 0.0
  }
},{
  "dateTime" : "11/30/23 00:00:00",
  "value" : {
    "date" : "11/30/23",
    "value" : 64.53737545013428,
    "error" : 23.466476440429688
  }
},{
  "dateTime" : "12/01/23 00:00:00",
  "value" : {
    "date" : "12/01/23",
    "value" : 65.61376094818115,
    "error" : 22.85728359222412
  }
},{
  "dateTime" : "12/02/23 00:00:00",
  "value" : {
    "date" : "12/02/23",
    "value" : 65.88219928741455,
    "error" : 22.462851524353027
  }
},{
  "dateTime" : "12/03/23 00:00:00",
  "value" : {
    "date" : null,
    "value" : 0.0,
    "error" : 0.0
  }
},{
  "dateTime" : "12/04/23 00:00:00",
  "value" : {
    "date" : null,
    "value" : 0.0,
    "error" : 0.0
  }
},{
  "dateTime" : "12/05/23 00:00:00",
  "value" : {
    "date" : null,
    "value" : 0.0,
    "error" : 0.0
  }
},{
  "dateTime" : "12/06/23 00:00:00",
  "value" : {
    "date" : "12/06/23",
    "value" : 66.53067111968994,
    "error" : 24.12687397003174
  }
},{
  "dateTime" : "12/07/23 00:00:00",
  "value" : {
    "date" : null,
    "value" : 0.0,
    "error" : 0.0
  }
},{
  "dateTime" : "12/08/23 00:00:00",
  "value" : {
    "date" : "12/08/23",
    "value" : 66.62743186950684,
    "error" : 23.915637016296387
  }
},{
  "dateTime" : "12/09/23 00:00:00",
  "value" : {
    "date" : "12/09/23",
    "value" : 65.9036340713501,
    "error" : 23.145976066589355
  }
},{
  "dateTime" : "12/10/23 00:00:00",
  "value" : {
    "date" : null,
    "value" : 0.0,
    "error" : 0.0
  }
},{
  "dateTime" : "12/11/23 00:00:00",
  "value" : {
    "date" : "12/11/23",
    "value" : 66.12378883361816,
    "error" : 23.293330192565918
  }
},{
  "dateTime" : "12/12/23 00:00:00",
  "value" : {
    "date" : null,
    "value" : 0.0,
    "error" : 0.0
  }
},{
  "dateTime" : "12/13/23 00:00:00",
  "value" : {
    "date" : "12/13/23",
    "value" : 66.90529155731201,
    "error" : 23.387351989746094
  }
},{
  "dateTime" : "12/14/23 00:00:00",
  "value" : {
    "date" : null,
    "value" : 0.0,
    "error" : 0.0
  }
},{
  "dateTime" : "12/15/23 00:00:00",
  "value" : {
    "date" : "12/15/23",
    "value" : 67.12656593322754,
    "error" : 23.44724464416504
  }
},{
  "dateTime" : "12/16/23 00:00:00",
  "value" : {
    "date" : "12/16/23",
    "value" : 66.51082420349121,
    "error" : 22.844882011413574
  }
},{
  "dateTime" : "12/17/23 00:00:00",
  "value" : {
    "date" : null,
    "value" : 0.0,
    "error" : 0.0
  }
},{
  "dateTime" : "12/18/23 00:00:00",
  "value" : {
    "date" : "12/18/23",
    "value" : 66.60824012756348,
    "error" : 23.10061740875244
  }
},{
  "dateTime" : "12/19/23 00:00:00",
  "value" : {
    "date" : null,
    "value" : 0.0,
    "error" : 0.0
  }
},{
  "dateTime" : "12/20/23 00:00:00",
  "value" : {
    "date" : null,
    "value" : 0.0,
    "error" : 0.0
  }
},{
  "dateTime" : "12/21/23 00:00:00",
  "value" : {
    "date" : null,
    "value" : 0.0,
    "error" : 0.0
  }
},{
  "dateTime" : "12/22/23 00:00:00",
  "value" : {
    "date" : "12/22/23",
    "value" : 66.05679512023926,
    "error" : 24.525196075439453
  }
},{
  "dateTime" : "12/23/23 00:00:00",
  "value" : {
    "date" : "12/23/23",
    "value" : 65.23372268676758,
    "error" : 23.534912109375
  }
},{
  "dateTime" : "12/24/23 00:00:00",
  "value" : {
    "date" : null,
    "value" : 0.0,
    "error" : 0.0
  }
},{
  "dateTime" : "12/25/23 00:00:00",
  "value" : {
    "date" : null,
    "value" : 0.0,
    "error" : 0.0
  }
},{
  "dateTime" : "12/26/23 00:00:00",
  "value" : {
    "date" : null,
    "value" : 0.0,
    "error" : 0.0
  }
},{
  "dateTime" : "12/27/23 00:00:00",
  "value" : {
    "date" : null,
    "value" : 0.0,
    "error" : 0.0
  }
},{
  "dateTime" : "12/28/23 00:00:00",
  "value" : {
    "date" : "12/28/23",
    "value" : 64.96348857879639,
    "error" : 25.40850257873535
  }
},{
  "dateTime" : "12/29/23 00:00:00",
  "value" : {
    "date" : null,
    "value" : 0.0,
    "error" : 0.0
  }
},{
  "dateTime" : "12/30/23 00:00:00",
  "value" : {
    "date" : "12/30/23",
    "value" : 64.5025110244751,
    "error" : 24.71625518798828
  }
},{
  "dateTime" : "12/31/23 00:00:00",
  "value" : {
    "date" : null,
    "value" : 0.0,
    "error" : 0.0
  }
},{
  "dateTime" : "01/01/24 00:00:00",
  "value" : {
    "date" : "01/01/24",
    "value" : 64.6904067993164,
    "error" : 24.28555393218994
  }
},{
  "dateTime" : "01/02/24 00:00:00",
  "value" : {
    "date" : null,
    "value" : 0.0,
    "error" : 0.0
  }
},{
  "dateTime" : "01/03/24 00:00:00",
  "value" : {
    "date" : "01/03/24",
    "value" : 65.04434394836426,
    "error" : 24.01552391052246
  }
},{
  "dateTime" : "01/04/24 00:00:00",
  "value" : {
    "date" : null,
    "value" : 0.0,
    "error" : 0.0
  }
},{
  "dateTime" : "01/05/24 00:00:00",
  "value" : {
    "date" : "01/05/24",
    "value" : 65.13801002502441,
    "error" : 23.84541416168213
  }
},{
  "dateTime" : "01/06/24 00:00:00",
  "value" : {
    "date" : "01/06/24",
    "value" : 65.4889030456543,
    "error" : 23.100958824157715
  }
},{
  "dateTime" : "01/07/24 00:00:00",
  "value" : {
    "date" : null,
    "value" : 0.0,
    "error" : 0.0
  }
},{
  "dateTime" : "01/08/24 00:00:00",
  "value" : {
    "date" : "01/08/24",
    "value" : 65.79196262359619,
    "error" : 23.264568328857422
  }
},{
  "dateTime" : "01/09/24 00:00:00",
  "value" : {
    "date" : null,
    "value" : 0.0,
    "error" : 0.0
  }
},{
  "dateTime" : "01/10/24 00:00:00",
  "value" : {
    "date" : "01/10/24",
    "value" : 65.43095874786377,
    "error" : 23.369014739990234
  }
},{
  "dateTime" : "01/11/24 00:00:00",
  "value" : {
    "date" : null,
    "value" : 0.0,
    "error" : 0.0
  }
},{
  "dateTime" : "01/12/24 00:00:00",
  "value" : {
    "date" : null,
    "value" : 0.0,
    "error" : 0.0
  }
},{
  "dateTime" : "01/13/24 00:00:00",
  "value" : {
    "date" : null,
    "value" : 0.0,
    "error" : 0.0
  }
},{
  "dateTime" : "01/14/24 00:00:00",
  "value" : {
    "date" : null,
    "value" : 0.0,
    "error" : 0.0
  }
},{
  "dateTime" : "01/15/24 00:00:00",
  "value" : {
    "date" : null,
    "value" : 0.0,
    "error" : 0.0
  }
},{
  "dateTime" : "01/16/24 00:00:00",
  "value" : {
    "date" : "01/16/24",
    "value" : 66.22828197479248,
    "error" : 25.914381980895996
  }
},{
  "dateTime" : "01/17/24 00:00:00",
  "value" : {
    "date" : null,
    "value" : 0.0,
    "error" : 0.0
  }
},{
  "dateTime" : "01/18/24 00:00:00",
  "value" : {
    "date" : null,
    "value" : 0.0,
    "error" : 0.0
  }
},{
  "dateTime" : "01/19/24 00:00:00",
  "value" : {
    "date" : null,
    "value" : 0.0,
    "error" : 0.0
  }
},{
  "dateTime" : "01/20/24 00:00:00",
  "value" : {
    "date" : null,
    "value" : 0.0,
    "error" : 0.0
  }
},{
  "dateTime" : "01/21/24 00:00:00",
  "value" : {
    "date" : "01/21/24",
    "value" : 65.48141098022461,
    "error" : 26.83686065673828
  }
},{
  "dateTime" : "01/22/24 00:00:00",
  "value" : {
    "date" : null,
    "value" : 0.0,
    "error" : 0.0
  }
},{
  "dateTime" : "01/23/24 00:00:00",
  "value" : {
    "date" : null,
    "value" : 0.0,
    "error" : 0.0
  }
},{
  "dateTime" : "01/24/24 00:00:00",
  "value" : {
    "date" : "01/24/24",
    "value" : 65.37269592285156,
    "error" : 26.19566249847412
  }
},{
  "dateTime" : "01/25/24 00:00:00",
  "value" : {
    "date" : null,
    "value" : 0.0,
    "error" : 0.0
  }
},{
  "dateTime" : "01/26/24 00:00:00",
  "value" : {
    "date" : null,
    "value" : 0.0,
    "error" : 0.0
  }
},{
  "dateTime" : "01/27/24 00:00:00",
  "value" : {
    "date" : null,
    "value" : 0.0,
    "error" : 0.0
  }
},{
  "dateTime" : "01/28/24 00:00:00",
  "value" : {
    "date" : null,
    "value" : 0.0,
    "error" : 0.0
  }
},{
  "dateTime" : "01/29/24 00:00:00",
  "value" : {
    "date" : null,
    "value" : 0.0,
    "error" : 0.0
  }
},{
  "dateTime" : "01/30/24 00:00:00",
  "value" : {
    "date" : null,
    "value" : 0.0,
    "error" : 0.0
  }
},{
  "dateTime" : "01/31/24 00:00:00",
  "value" : {
    "date" : null,
    "value" : 0.0,
    "error" : 0.0
  }
},{
  "dateTime" : "02/01/24 00:00:00",
  "value" : {
    "date" : null,
    "value" : 0.0,
    "error" : 0.0
  }
},{
  "dateTime" : "02/02/24 00:00:00",
  "value" : {
    "date" : null,
    "value" : 0.0,
    "error" : 0.0
  }
},{
  "dateTime" : "02/03/24 00:00:00",
  "value" : {
    "date" : null,
    "value" : 0.0,
    "error" : 0.0
  }
},{
  "dateTime" : "02/04/24 00:00:00",
  "value" : {
    "date" : null,
    "value" : 0.0,
    "error" : 0.0
  }
},{
  "dateTime" : "02/05/24 00:00:00",
  "value" : {
    "date" : null,
    "value" : 0.0,
    "error" : 0.0
  }
},{
  "dateTime" : "02/06/24 00:00:00",
  "value" : {
    "date" : null,
    "value" : 0.0,
    "error" : 0.0
  }
},{
  "dateTime" : "02/07/24 00:00:00",
  "value" : {
    "date" : null,
    "value" : 0.0,
    "error" : 0.0
  }
},{
  "dateTime" : "02/08/24 00:00:00",
  "value" : {
    "date" : null,
    "value" : 0.0,
    "error" : 0.0
  }
},{
  "dateTime" : "02/09/24 00:00:00",
  "value" : {
    "date" : null,
    "value" : 0.0,
    "error" : 0.0
  }
},{
  "dateTime" : "02/10/24 00:00:00",
  "value" : {
    "date" : null,
    "value" : 0.0,
    "error" : 0.0
  }
},{
  "dateTime" : "02/11/24 00:00:00",
  "value" : {
    "date" : null,
    "value" : 0.0,
    "error" : 0.0
  }
},{
  "dateTime" : "02/12/24 00:00:00",
  "value" : {
    "date" : null,
    "value" : 0.0,
    "error" : 0.0
  }
},{
  "dateTime" : "02/13/24 00:00:00",
  "value" : {
    "date" : null,
    "value" : 0.0,
    "error" : 0.0
  }
},{
  "dateTime" : "02/14/24 00:00:00",
  "value" : {
    "date" : null,
    "value" : 0.0,
    "error" : 0.0
  }
},{
  "dateTime" : "02/15/24 00:00:00",
  "value" : {
    "date" : null,
    "value" : 0.0,
    "error" : 0.0
  }
},{
  "dateTime" : "02/16/24 00:00:00",
  "value" : {
    "date" : null,
    "value" : 0.0,
    "error" : 0.0
  }
},{
  "dateTime" : "02/17/24 00:00:00",
  "value" : {
    "date" : null,
    "value" : 0.0,
    "error" : 0.0
  }
},{
  "dateTime" : "02/18/24 00:00:00",
  "value" : {
    "date" : null,
    "value" : 0.0,
    "error" : 0.0
  }
},{
  "dateTime" : "02/19/24 00:00:00",
  "value" : {
    "date" : null,
    "value" : 0.0,
    "error" : 0.0
  }
},{
  "dateTime" : "02/20/24 00:00:00",
  "value" : {
    "date" : null,
    "value" : 0.0,
    "error" : 0.0
  }
},{
  "dateTime" : "02/21/24 00:00:00",
  "value" : {
    "date" : null,
    "value" : 0.0,
    "error" : 0.0
  }
},{
  "dateTime" : "02/22/24 00:00:00",
  "value" : {
    "date" : null,
    "value" : 0.0,
    "error" : 0.0
  }
},{
  "dateTime" : "02/23/24 00:00:00",
  "value" : {
    "date" : null,
    "value" : 0.0,
    "error" : 0.0
  }
},{
  "dateTime" : "02/24/24 00:00:00",
  "value" : {
    "date" : null,
    "value" : 0.0,
    "error" : 0.0
  }
},{
  "dateTime" : "02/25/24 00:00:00",
  "value" : {
    "date" : null,
    "value" : 0.0,
    "error" : 0.0
  }
},{
  "dateTime" : "02/26/24 00:00:00",
  "value" : {
    "date" : null,
    "value" : 0.0,
    "error" : 0.0
  }
},{
  "dateTime" : "02/27/24 00:00:00",
  "value" : {
    "date" : null,
    "value" : 0.0,
    "error" : 0.0
  }
},{
  "dateTime" : "02/28/24 00:00:00",
  "value" : {
    "date" : null,
    "value" : 0.0,
    "error" : 0.0
  }
},{
  "dateTime" : "02/29/24 00:00:00",
  "value" : {
    "date" : null,
    "value" : 0.0,
    "error" : 0.0
  }
},{
  "dateTime" : "03/01/24 00:00:00",
  "value" : {
    "date" : null,
    "value" : 0.0,
    "error" : 0.0
  }
},{
  "dateTime" : "03/02/24 00:00:00",
  "value" : {
    "date" : null,
    "value" : 0.0,
    "error" : 0.0
  }
},{
  "dateTime" : "03/03/24 00:00:00",
  "value" : {
    "date" : null,
    "value" : 0.0,
    "error" : 0.0
  }
},{
  "dateTime" : "03/04/24 00:00:00",
  "value" : {
    "date" : null,
    "value" : 0.0,
    "error" : 0.0
  }
},{
  "dateTime" : "03/05/24 00:00:00",
  "value" : {
    "date" : null,
    "value" : 0.0,
    "error" : 0.0
  }
},{
  "dateTime" : "03/06/24 00:00:00",
  "value" : {
    "date" : null,
    "value" : 0.0,
    "error" : 0.0
  }
},{
  "dateTime" : "03/07/24 00:00:00",
  "value" : {
    "date" : null,
    "value" : 0.0,
    "error" : 0.0
  }
},{
  "dateTime" : "03/08/24 00:00:00",
  "value" : {
    "date" : null,
    "value" : 0.0,
    "error" : 0.0
  }
},{
  "dateTime" : "03/09/24 00:00:00",
  "value" : {
    "date" : null,
    "value" : 0.0,
    "error" : 0.0
  }
},{
  "dateTime" : "03/10/24 00:00:00",
  "value" : {
    "date" : null,
    "value" : 0.0,
    "error" : 0.0
  }
},{
  "dateTime" : "03/11/24 00:00:00",
  "value" : {
    "date" : null,
    "value" : 0.0,
    "error" : 0.0
  }
},{
  "dateTime" : "03/12/24 00:00:00",
  "value" : {
    "date" : null,
    "value" : 0.0,
    "error" : 0.0
  }
},{
  "dateTime" : "03/13/24 00:00:00",
  "value" : {
    "date" : null,
    "value" : 0.0,
    "error" : 0.0
  }
},{
  "dateTime" : "03/14/24 00:00:00",
  "value" : {
    "date" : null,
    "value" : 0.0,
    "error" : 0.0
  }
},{
  "dateTime" : "03/15/24 00:00:00",
  "value" : {
    "date" : null,
    "value" : 0.0,
    "error" : 0.0
  }
},{
  "dateTime" : "03/16/24 00:00:00",
  "value" : {
    "date" : null,
    "value" : 0.0,
    "error" : 0.0
  }
},{
  "dateTime" : "03/17/24 00:00:00",
  "value" : {
    "date" : null,
    "value" : 0.0,
    "error" : 0.0
  }
},{
  "dateTime" : "03/18/24 00:00:00",
  "value" : {
    "date" : null,
    "value" : 0.0,
    "error" : 0.0
  }
},{
  "dateTime" : "03/19/24 00:00:00",
  "value" : {
    "date" : null,
    "value" : 0.0,
    "error" : 0.0
  }
},{
  "dateTime" : "03/20/24 00:00:00",
  "value" : {
    "date" : null,
    "value" : 0.0,
    "error" : 0.0
  }
},{
  "dateTime" : "03/21/24 00:00:00",
  "value" : {
    "date" : null,
    "value" : 0.0,
    "error" : 0.0
  }
},{
  "dateTime" : "03/22/24 00:00:00",
  "value" : {
    "date" : null,
    "value" : 0.0,
    "error" : 0.0
  }
},{
  "dateTime" : "03/23/24 00:00:00",
  "value" : {
    "date" : null,
    "value" : 0.0,
    "error" : 0.0
  }
},{
  "dateTime" : "03/24/24 00:00:00",
  "value" : {
    "date" : null,
    "value" : 0.0,
    "error" : 0.0
  }
},{
  "dateTime" : "03/25/24 00:00:00",
  "value" : {
    "date" : null,
    "value" : 0.0,
    "error" : 0.0
  }
},{
  "dateTime" : "03/26/24 00:00:00",
  "value" : {
    "date" : null,
    "value" : 0.0,
    "error" : 0.0
  }
},{
  "dateTime" : "03/27/24 00:00:00",
  "value" : {
    "date" : null,
    "value" : 0.0,
    "error" : 0.0
  }
},{
  "dateTime" : "03/28/24 00:00:00",
  "value" : {
    "date" : null,
    "value" : 0.0,
    "error" : 0.0
  }
},{
  "dateTime" : "03/29/24 00:00:00",
  "value" : {
    "date" : null,
    "value" : 0.0,
    "error" : 0.0
  }
},{
  "dateTime" : "03/30/24 00:00:00",
  "value" : {
    "date" : null,
    "value" : 0.0,
    "error" : 0.0
  }
},{
  "dateTime" : "03/31/24 00:00:00",
  "value" : {
    "date" : null,
    "value" : 0.0,
    "error" : 0.0
  }
},{
  "dateTime" : "04/01/24 00:00:00",
  "value" : {
    "date" : null,
    "value" : 0.0,
    "error" : 0.0
  }
},{
  "dateTime" : "04/02/24 00:00:00",
  "value" : {
    "date" : null,
    "value" : 0.0,
    "error" : 0.0
  }
},{
  "dateTime" : "04/03/24 00:00:00",
  "value" : {
    "date" : null,
    "value" : 0.0,
    "error" : 0.0
  }
},{
  "dateTime" : "04/04/24 00:00:00",
  "value" : {
    "date" : null,
    "value" : 0.0,
    "error" : 0.0
  }
},{
  "dateTime" : "04/05/24 00:00:00",
  "value" : {
    "date" : null,
    "value" : 0.0,
    "error" : 0.0
  }
},{
  "dateTime" : "04/06/24 00:00:00",
  "value" : {
    "date" : null,
    "value" : 0.0,
    "error" : 0.0
  }
},{
  "dateTime" : "04/07/24 00:00:00",
  "value" : {
    "date" : null,
    "value" : 0.0,
    "error" : 0.0
  }
},{
  "dateTime" : "04/08/24 00:00:00",
  "value" : {
    "date" : null,
    "value" : 0.0,
    "error" : 0.0
  }
},{
  "dateTime" : "04/09/24 00:00:00",
  "value" : {
    "date" : null,
    "value" : 0.0,
    "error" : 0.0
  }
},{
  "dateTime" : "04/10/24 00:00:00",
  "value" : {
    "date" : null,
    "value" : 0.0,
    "error" : 0.0
  }
},{
  "dateTime" : "04/11/24 00:00:00",
  "value" : {
    "date" : null,
    "value" : 0.0,
    "error" : 0.0
  }
},{
  "dateTime" : "04/12/24 00:00:00",
  "value" : {
    "date" : null,
    "value" : 0.0,
    "error" : 0.0
  }
},{
  "dateTime" : "04/13/24 00:00:00",
  "value" : {
    "date" : null,
    "value" : 0.0,
    "error" : 0.0
  }
},{
  "dateTime" : "04/14/24 00:00:00",
  "value" : {
    "date" : null,
    "value" : 0.0,
    "error" : 0.0
  }
},{
  "dateTime" : "04/15/24 00:00:00",
  "value" : {
    "date" : null,
    "value" : 0.0,
    "error" : 0.0
  }
},{
  "dateTime" : "04/16/24 00:00:00",
  "value" : {
    "date" : null,
    "value" : 0.0,
    "error" : 0.0
  }
},{
  "dateTime" : "04/17/24 00:00:00",
  "value" : {
    "date" : null,
    "value" : 0.0,
    "error" : 0.0
  }
},{
  "dateTime" : "04/18/24 00:00:00",
  "value" : {
    "date" : null,
    "value" : 0.0,
    "error" : 0.0
  }
},{
  "dateTime" : "04/19/24 00:00:00",
  "value" : {
    "date" : null,
    "value" : 0.0,
    "error" : 0.0
  }
},{
  "dateTime" : "04/20/24 00:00:00",
  "value" : {
    "date" : null,
    "value" : 0.0,
    "error" : 0.0
  }
},{
  "dateTime" : "04/21/24 00:00:00",
  "value" : {
    "date" : null,
    "value" : 0.0,
    "error" : 0.0
  }
},{
  "dateTime" : "04/22/24 00:00:00",
  "value" : {
    "date" : null,
    "value" : 0.0,
    "error" : 0.0
  }
},{
  "dateTime" : "04/23/24 00:00:00",
  "value" : {
    "date" : null,
    "value" : 0.0,
    "error" : 0.0
  }
},{
  "dateTime" : "04/24/24 00:00:00",
  "value" : {
    "date" : null,
    "value" : 0.0,
    "error" : 0.0
  }
},{
  "dateTime" : "04/25/24 00:00:00",
  "value" : {
    "date" : null,
    "value" : 0.0,
    "error" : 0.0
  }
},{
  "dateTime" : "04/26/24 00:00:00",
  "value" : {
    "date" : null,
    "value" : 0.0,
    "error" : 0.0
  }
},{
  "dateTime" : "04/27/24 00:00:00",
  "value" : {
    "date" : null,
    "value" : 0.0,
    "error" : 0.0
  }
},{
  "dateTime" : "04/28/24 00:00:00",
  "value" : {
    "date" : null,
    "value" : 0.0,
    "error" : 0.0
  }
},{
  "dateTime" : "04/29/24 00:00:00",
  "value" : {
    "date" : null,
    "value" : 0.0,
    "error" : 0.0
  }
},{
  "dateTime" : "04/30/24 00:00:00",
  "value" : {
    "date" : null,
    "value" : 0.0,
    "error" : 0.0
  }
},{
  "dateTime" : "05/01/24 00:00:00",
  "value" : {
    "date" : null,
    "value" : 0.0,
    "error" : 0.0
  }
},{
  "dateTime" : "05/02/24 00:00:00",
  "value" : {
    "date" : null,
    "value" : 0.0,
    "error" : 0.0
  }
},{
  "dateTime" : "05/03/24 00:00:00",
  "value" : {
    "date" : null,
    "value" : 0.0,
    "error" : 0.0
  }
},{
  "dateTime" : "05/04/24 00:00:00",
  "value" : {
    "date" : null,
    "value" : 0.0,
    "error" : 0.0
  }
},{
  "dateTime" : "05/05/24 00:00:00",
  "value" : {
    "date" : null,
    "value" : 0.0,
    "error" : 0.0
  }
},{
  "dateTime" : "05/06/24 00:00:00",
  "value" : {
    "date" : null,
    "value" : 0.0,
    "error" : 0.0
  }
},{
  "dateTime" : "05/07/24 00:00:00",
  "value" : {
    "date" : null,
    "value" : 0.0,
    "error" : 0.0
  }
},{
  "dateTime" : "05/08/24 00:00:00",
  "value" : {
    "date" : null,
    "value" : 0.0,
    "error" : 0.0
  }
},{
  "dateTime" : "05/09/24 00:00:00",
  "value" : {
    "date" : null,
    "value" : 0.0,
    "error" : 0.0
  }
},{
  "dateTime" : "05/10/24 00:00:00",
  "value" : {
    "date" : null,
    "value" : 0.0,
    "error" : 0.0
  }
},{
  "dateTime" : "05/11/24 00:00:00",
  "value" : {
    "date" : null,
    "value" : 0.0,
    "error" : 0.0
  }
},{
  "dateTime" : "05/12/24 00:00:00",
  "value" : {
    "date" : null,
    "value" : 0.0,
    "error" : 0.0
  }
},{
  "dateTime" : "05/13/24 00:00:00",
  "value" : {
    "date" : null,
    "value" : 0.0,
    "error" : 0.0
  }
},{
  "dateTime" : "05/14/24 00:00:00",
  "value" : {
    "date" : null,
    "value" : 0.0,
    "error" : 0.0
  }
},{
  "dateTime" : "05/15/24 00:00:00",
  "value" : {
    "date" : null,
    "value" : 0.0,
    "error" : 0.0
  }
},{
  "dateTime" : "05/16/24 00:00:00",
  "value" : {
    "date" : null,
    "value" : 0.0,
    "error" : 0.0
  }
},{
  "dateTime" : "05/17/24 00:00:00",
  "value" : {
    "date" : null,
    "value" : 0.0,
    "error" : 0.0
  }
},{
  "dateTime" : "05/18/24 00:00:00",
  "value" : {
    "date" : null,
    "value" : 0.0,
    "error" : 0.0
  }
},{
  "dateTime" : "05/19/24 00:00:00",
  "value" : {
    "date" : null,
    "value" : 0.0,
    "error" : 0.0
  }
},{
  "dateTime" : "05/20/24 00:00:00",
  "value" : {
    "date" : null,
    "value" : 0.0,
    "error" : 0.0
  }
},{
  "dateTime" : "05/21/24 00:00:00",
  "value" : {
    "date" : null,
    "value" : 0.0,
    "error" : 0.0
  }
},{
  "dateTime" : "05/22/24 00:00:00",
  "value" : {
    "date" : null,
    "value" : 0.0,
    "error" : 0.0
  }
},{
  "dateTime" : "05/23/24 00:00:00",
  "value" : {
    "date" : null,
    "value" : 0.0,
    "error" : 0.0
  }
},{
  "dateTime" : "05/24/24 00:00:00",
  "value" : {
    "date" : null,
    "value" : 0.0,
    "error" : 0.0
  }
},{
  "dateTime" : "05/25/24 00:00:00",
  "value" : {
    "date" : null,
    "value" : 0.0,
    "error" : 0.0
  }
},{
  "dateTime" : "05/26/24 00:00:00",
  "value" : {
    "date" : null,
    "value" : 0.0,
    "error" : 0.0
  }
},{
  "dateTime" : "05/27/24 00:00:00",
  "value" : {
    "date" : null,
    "value" : 0.0,
    "error" : 0.0
  }
},{
  "dateTime" : "05/28/24 00:00:00",
  "value" : {
    "date" : null,
    "value" : 0.0,
    "error" : 0.0
  }
},{
  "dateTime" : "05/29/24 00:00:00",
  "value" : {
    "date" : null,
    "value" : 0.0,
    "error" : 0.0
  }
},{
  "dateTime" : "05/30/24 00:00:00",
  "value" : {
    "date" : null,
    "value" : 0.0,
    "error" : 0.0
  }
},{
  "dateTime" : "05/31/24 00:00:00",
  "value" : {
    "date" : null,
    "value" : 0.0,
    "error" : 0.0
  }
},{
  "dateTime" : "06/01/24 00:00:00",
  "value" : {
    "date" : null,
    "value" : 0.0,
    "error" : 0.0
  }
},{
  "dateTime" : "06/02/24 00:00:00",
  "value" : {
    "date" : null,
    "value" : 0.0,
    "error" : 0.0
  }
},{
  "dateTime" : "06/03/24 00:00:00",
  "value" : {
    "date" : null,
    "value" : 0.0,
    "error" : 0.0
  }
},{
  "dateTime" : "06/04/24 00:00:00",
  "value" : {
    "date" : null,
    "value" : 0.0,
    "error" : 0.0
  }
},{
  "dateTime" : "06/05/24 00:00:00",
  "value" : {
    "date" : null,
    "value" : 0.0,
    "error" : 0.0
  }
},{
  "dateTime" : "06/06/24 00:00:00",
  "value" : {
    "date" : null,
    "value" : 0.0,
    "error" : 0.0
  }
},{
  "dateTime" : "06/07/24 00:00:00",
  "value" : {
    "date" : null,
    "value" : 0.0,
    "error" : 0.0
  }
},{
  "dateTime" : "06/08/24 00:00:00",
  "value" : {
    "date" : null,
    "value" : 0.0,
    "error" : 0.0
  }
},{
  "dateTime" : "06/09/24 00:00:00",
  "value" : {
    "date" : null,
    "value" : 0.0,
    "error" : 0.0
  }
},{
  "dateTime" : "06/10/24 00:00:00",
  "value" : {
    "date" : null,
    "value" : 0.0,
    "error" : 0.0
  }
},{
  "dateTime" : "06/11/24 00:00:00",
  "value" : {
    "date" : null,
    "value" : 0.0,
    "error" : 0.0
  }
},{
  "dateTime" : "06/12/24 00:00:00",
  "value" : {
    "date" : null,
    "value" : 0.0,
    "error" : 0.0
  }
},{
  "dateTime" : "06/13/24 00:00:00",
  "value" : {
    "date" : null,
    "value" : 0.0,
    "error" : 0.0
  }
},{
  "dateTime" : "06/14/24 00:00:00",
  "value" : {
    "date" : null,
    "value" : 0.0,
    "error" : 0.0
  }
},{
  "dateTime" : "06/15/24 00:00:00",
  "value" : {
    "date" : null,
    "value" : 0.0,
    "error" : 0.0
  }
},{
  "dateTime" : "06/16/24 00:00:00",
  "value" : {
    "date" : null,
    "value" : 0.0,
    "error" : 0.0
  }
},{
  "dateTime" : "06/17/24 00:00:00",
  "value" : {
    "date" : null,
    "value" : 0.0,
    "error" : 0.0
  }
},{
  "dateTime" : "06/18/24 00:00:00",
  "value" : {
    "date" : null,
    "value" : 0.0,
    "error" : 0.0
  }
},{
  "dateTime" : "06/19/24 00:00:00",
  "value" : {
    "date" : null,
    "value" : 0.0,
    "error" : 0.0
  }
},{
  "dateTime" : "06/20/24 00:00:00",
  "value" : {
    "date" : null,
    "value" : 0.0,
    "error" : 0.0
  }
},{
  "dateTime" : "06/21/24 00:00:00",
  "value" : {
    "date" : null,
    "value" : 0.0,
    "error" : 0.0
  }
},{
  "dateTime" : "06/22/24 00:00:00",
  "value" : {
    "date" : null,
    "value" : 0.0,
    "error" : 0.0
  }
},{
  "dateTime" : "06/23/24 00:00:00",
  "value" : {
    "date" : null,
    "value" : 0.0,
    "error" : 0.0
  }
},{
  "dateTime" : "06/24/24 00:00:00",
  "value" : {
    "date" : null,
    "value" : 0.0,
    "error" : 0.0
  }
},{
  "dateTime" : "06/25/24 00:00:00",
  "value" : {
    "date" : null,
    "value" : 0.0,
    "error" : 0.0
  }
},{
  "dateTime" : "06/26/24 00:00:00",
  "value" : {
    "date" : null,
    "value" : 0.0,
    "error" : 0.0
  }
},{
  "dateTime" : "06/27/24 00:00:00",
  "value" : {
    "date" : null,
    "value" : 0.0,
    "error" : 0.0
  }
},{
  "dateTime" : "06/28/24 00:00:00",
  "value" : {
    "date" : null,
    "value" : 0.0,
    "error" : 0.0
  }
},{
  "dateTime" : "06/29/24 00:00:00",
  "value" : {
    "date" : null,
    "value" : 0.0,
    "error" : 0.0
  }
},{
  "dateTime" : "06/30/24 00:00:00",
  "value" : {
    "date" : null,
    "value" : 0.0,
    "error" : 0.0
  }
},{
  "dateTime" : "07/01/24 00:00:00",
  "value" : {
    "date" : null,
    "value" : 0.0,
    "error" : 0.0
  }
},{
  "dateTime" : "07/02/24 00:00:00",
  "value" : {
    "date" : null,
    "value" : 0.0,
    "error" : 0.0
  }
},{
  "dateTime" : "07/03/24 00:00:00",
  "value" : {
    "date" : null,
    "value" : 0.0,
    "error" : 0.0
  }
},{
  "dateTime" : "07/04/24 00:00:00",
  "value" : {
    "date" : null,
    "value" : 0.0,
    "error" : 0.0
  }
},{
  "dateTime" : "07/05/24 00:00:00",
  "value" : {
    "date" : null,
    "value" : 0.0,
    "error" : 0.0
  }
},{
  "dateTime" : "07/06/24 00:00:00",
  "value" : {
    "date" : null,
    "value" : 0.0,
    "error" : 0.0
  }
},{
  "dateTime" : "07/07/24 00:00:00",
  "value" : {
    "date" : null,
    "value" : 0.0,
    "error" : 0.0
  }
},{
  "dateTime" : "07/08/24 00:00:00",
  "value" : {
    "date" : null,
    "value" : 0.0,
    "error" : 0.0
  }
},{
  "dateTime" : "07/09/24 00:00:00",
  "value" : {
    "date" : null,
    "value" : 0.0,
    "error" : 0.0
  }
},{
  "dateTime" : "07/10/24 00:00:00",
  "value" : {
    "date" : null,
    "value" : 0.0,
    "error" : 0.0
  }
},{
  "dateTime" : "07/11/24 00:00:00",
  "value" : {
    "date" : null,
    "value" : 0.0,
    "error" : 0.0
  }
},{
  "dateTime" : "07/12/24 00:00:00",
  "value" : {
    "date" : null,
    "value" : 0.0,
    "error" : 0.0
  }
},{
  "dateTime" : "07/13/24 00:00:00",
  "value" : {
    "date" : null,
    "value" : 0.0,
    "error" : 0.0
  }
},{
  "dateTime" : "07/14/24 00:00:00",
  "value" : {
    "date" : null,
    "value" : 0.0,
    "error" : 0.0
  }
},{
  "dateTime" : "07/15/24 00:00:00",
  "value" : {
    "date" : null,
    "value" : 0.0,
    "error" : 0.0
  }
},{
  "dateTime" : "07/16/24 00:00:00",
  "value" : {
    "date" : null,
    "value" : 0.0,
    "error" : 0.0
  }
},{
  "dateTime" : "07/17/24 00:00:00",
  "value" : {
    "date" : null,
    "value" : 0.0,
    "error" : 0.0
  }
},{
  "dateTime" : "07/18/24 00:00:00",
  "value" : {
    "date" : null,
    "value" : 0.0,
    "error" : 0.0
  }
},{
  "dateTime" : "07/19/24 00:00:00",
  "value" : {
    "date" : null,
    "value" : 0.0,
    "error" : 0.0
  }
},{
  "dateTime" : "07/20/24 00:00:00",
  "value" : {
    "date" : null,
    "value" : 0.0,
    "error" : 0.0
  }
},{
  "dateTime" : "07/21/24 00:00:00",
  "value" : {
    "date" : null,
    "value" : 0.0,
    "error" : 0.0
  }
},{
  "dateTime" : "07/22/24 00:00:00",
  "value" : {
    "date" : null,
    "value" : 0.0,
    "error" : 0.0
  }
},{
  "dateTime" : "07/23/24 00:00:00",
  "value" : {
    "date" : null,
    "value" : 0.0,
    "error" : 0.0
  }
},{
  "dateTime" : "07/24/24 00:00:00",
  "value" : {
    "date" : null,
    "value" : 0.0,
    "error" : 0.0
  }
},{
  "dateTime" : "07/25/24 00:00:00",
  "value" : {
    "date" : null,
    "value" : 0.0,
    "error" : 0.0
  }
},{
  "dateTime" : "07/26/24 00:00:00",
  "value" : {
    "date" : null,
    "value" : 0.0,
    "error" : 0.0
  }
},{
  "dateTime" : "07/27/24 00:00:00",
  "value" : {
    "date" : null,
    "value" : 0.0,
    "error" : 0.0
  }
},{
  "dateTime" : "07/28/24 00:00:00",
  "value" : {
    "date" : null,
    "value" : 0.0,
    "error" : 0.0
  }
},{
  "dateTime" : "07/29/24 00:00:00",
  "value" : {
    "date" : null,
    "value" : 0.0,
    "error" : 0.0
  }
},{
  "dateTime" : "07/30/24 00:00:00",
  "value" : {
    "date" : null,
    "value" : 0.0,
    "error" : 0.0
  }
},{
  "dateTime" : "07/31/24 00:00:00",
  "value" : {
    "date" : null,
    "value" : 0.0,
    "error" : 0.0
  }
},{
  "dateTime" : "08/01/24 00:00:00",
  "value" : {
    "date" : null,
    "value" : 0.0,
    "error" : 0.0
  }
},{
  "dateTime" : "08/02/24 00:00:00",
  "value" : {
    "date" : null,
    "value" : 0.0,
    "error" : 0.0
  }
},{
  "dateTime" : "08/03/24 00:00:00",
  "value" : {
    "date" : null,
    "value" : 0.0,
    "error" : 0.0
  }
},{
  "dateTime" : "08/04/24 00:00:00",
  "value" : {
    "date" : null,
    "value" : 0.0,
    "error" : 0.0
  }
},{
  "dateTime" : "08/05/24 00:00:00",
  "value" : {
    "date" : null,
    "value" : 0.0,
    "error" : 0.0
  }
},{
  "dateTime" : "08/06/24 00:00:00",
  "value" : {
    "date" : null,
    "value" : 0.0,
    "error" : 0.0
  }
},{
  "dateTime" : "08/07/24 00:00:00",
  "value" : {
    "date" : null,
    "value" : 0.0,
    "error" : 0.0
  }
},{
  "dateTime" : "08/08/24 00:00:00",
  "value" : {
    "date" : null,
    "value" : 0.0,
    "error" : 0.0
  }
},{
  "dateTime" : "08/09/24 00:00:00",
  "value" : {
    "date" : null,
    "value" : 0.0,
    "error" : 0.0
  }
},{
  "dateTime" : "08/10/24 00:00:00",
  "value" : {
    "date" : null,
    "value" : 0.0,
    "error" : 0.0
  }
},{
  "dateTime" : "08/11/24 00:00:00",
  "value" : {
    "date" : null,
    "value" : 0.0,
    "error" : 0.0
  }
},{
  "dateTime" : "08/12/24 00:00:00",
  "value" : {
    "date" : null,
    "value" : 0.0,
    "error" : 0.0
  }
},{
  "dateTime" : "08/13/24 00:00:00",
  "value" : {
    "date" : null,
    "value" : 0.0,
    "error" : 0.0
  }
},{
  "dateTime" : "08/14/24 00:00:00",
  "value" : {
    "date" : null,
    "value" : 0.0,
    "error" : 0.0
  }
},{
  "dateTime" : "08/15/24 00:00:00",
  "value" : {
    "date" : null,
    "value" : 0.0,
    "error" : 0.0
  }
},{
  "dateTime" : "08/16/24 00:00:00",
  "value" : {
    "date" : null,
    "value" : 0.0,
    "error" : 0.0
  }
},{
  "dateTime" : "08/17/24 00:00:00",
  "value" : {
    "date" : null,
    "value" : 0.0,
    "error" : 0.0
  }
},{
  "dateTime" : "08/18/24 00:00:00",
  "value" : {
    "date" : null,
    "value" : 0.0,
    "error" : 0.0
  }
},{
  "dateTime" : "08/19/24 00:00:00",
  "value" : {
    "date" : null,
    "value" : 0.0,
    "error" : 0.0
  }
},{
  "dateTime" : "08/20/24 00:00:00",
  "value" : {
    "date" : null,
    "value" : 0.0,
    "error" : 0.0
  }
},{
  "dateTime" : "08/21/24 00:00:00",
  "value" : {
    "date" : null,
    "value" : 0.0,
    "error" : 0.0
  }
},{
  "dateTime" : "08/22/24 00:00:00",
  "value" : {
    "date" : null,
    "value" : 0.0,
    "error" : 0.0
  }
},{
  "dateTime" : "08/23/24 00:00:00",
  "value" : {
    "date" : null,
    "value" : 0.0,
    "error" : 0.0
  }
},{
  "dateTime" : "08/24/24 00:00:00",
  "value" : {
    "date" : null,
    "value" : 0.0,
    "error" : 0.0
  }
},{
  "dateTime" : "08/25/24 00:00:00",
  "value" : {
    "date" : null,
    "value" : 0.0,
    "error" : 0.0
  }
},{
  "dateTime" : "08/26/24 00:00:00",
  "value" : {
    "date" : null,
    "value" : 0.0,
    "error" : 0.0
  }
},{
  "dateTime" : "08/27/24 00:00:00",
  "value" : {
    "date" : null,
    "value" : 0.0,
    "error" : 0.0
  }
},{
  "dateTime" : "08/28/24 00:00:00",
  "value" : {
    "date" : null,
    "value" : 0.0,
    "error" : 0.0
  }
},{
  "dateTime" : "08/29/24 00:00:00",
  "value" : {
    "date" : null,
    "value" : 0.0,
    "error" : 0.0
  }
},{
  "dateTime" : "08/30/24 00:00:00",
  "value" : {
    "date" : null,
    "value" : 0.0,
    "error" : 0.0
  }
},{
  "dateTime" : "08/31/24 00:00:00",
  "value" : {
    "date" : null,
    "value" : 0.0,
    "error" : 0.0
  }
},{
  "dateTime" : "09/01/24 00:00:00",
  "value" : {
    "date" : null,
    "value" : 0.0,
    "error" : 0.0
  }
},{
  "dateTime" : "09/02/24 00:00:00",
  "value" : {
    "date" : null,
    "value" : 0.0,
    "error" : 0.0
  }
},{
  "dateTime" : "09/03/24 00:00:00",
  "value" : {
    "date" : null,
    "value" : 0.0,
    "error" : 0.0
  }
},{
  "dateTime" : "09/04/24 00:00:00",
  "value" : {
    "date" : null,
    "value" : 0.0,
    "error" : 0.0
  }
},{
  "dateTime" : "09/05/24 00:00:00",
  "value" : {
    "date" : null,
    "value" : 0.0,
    "error" : 0.0
  }
},{
  "dateTime" : "09/06/24 00:00:00",
  "value" : {
    "date" : null,
    "value" : 0.0,
    "error" : 0.0
  }
},{
  "dateTime" : "09/07/24 00:00:00",
  "value" : {
    "date" : null,
    "value" : 0.0,
    "error" : 0.0
  }
},{
  "dateTime" : "09/08/24 00:00:00",
  "value" : {
    "date" : null,
    "value" : 0.0,
    "error" : 0.0
  }
},{
  "dateTime" : "09/09/24 00:00:00",
  "value" : {
    "date" : null,
    "value" : 0.0,
    "error" : 0.0
  }
},{
  "dateTime" : "09/10/24 00:00:00",
  "value" : {
    "date" : null,
    "value" : 0.0,
    "error" : 0.0
  }
},{
  "dateTime" : "09/11/24 00:00:00",
  "value" : {
    "date" : null,
    "value" : 0.0,
    "error" : 0.0
  }
},{
  "dateTime" : "09/12/24 00:00:00",
  "value" : {
    "date" : null,
    "value" : 0.0,
    "error" : 0.0
  }
},{
  "dateTime" : "09/13/24 00:00:00",
  "value" : {
    "date" : null,
    "value" : 0.0,
    "error" : 0.0
  }
},{
  "dateTime" : "09/14/24 00:00:00",
  "value" : {
    "date" : null,
    "value" : 0.0,
    "error" : 0.0
  }
},{
  "dateTime" : "09/15/24 00:00:00",
  "value" : {
    "date" : null,
    "value" : 0.0,
    "error" : 0.0
  }
},{
  "dateTime" : "09/16/24 00:00:00",
  "value" : {
    "date" : null,
    "value" : 0.0,
    "error" : 0.0
  }
},{
  "dateTime" : "09/17/24 00:00:00",
  "value" : {
    "date" : null,
    "value" : 0.0,
    "error" : 0.0
  }
},{
  "dateTime" : "09/18/24 00:00:00",
  "value" : {
    "date" : null,
    "value" : 0.0,
    "error" : 0.0
  }
},{
  "dateTime" : "09/19/24 00:00:00",
  "value" : {
    "date" : null,
    "value" : 0.0,
    "error" : 0.0
  }
},{
  "dateTime" : "09/20/24 00:00:00",
  "value" : {
    "date" : null,
    "value" : 0.0,
    "error" : 0.0
  }
},{
  "dateTime" : "09/21/24 00:00:00",
  "value" : {
    "date" : null,
    "value" : 0.0,
    "error" : 0.0
  }
},{
  "dateTime" : "09/22/24 00:00:00",
  "value" : {
    "date" : null,
    "value" : 0.0,
    "error" : 0.0
  }
},{
  "dateTime" : "09/23/24 00:00:00",
  "value" : {
    "date" : null,
    "value" : 0.0,
    "error" : 0.0
  }
},{
  "dateTime" : "09/24/24 00:00:00",
  "value" : {
    "date" : null,
    "value" : 0.0,
    "error" : 0.0
  }
},{
  "dateTime" : "09/25/24 00:00:00",
  "value" : {
    "date" : null,
    "value" : 0.0,
    "error" : 0.0
  }
},{
  "dateTime" : "09/26/24 00:00:00",
  "value" : {
    "date" : null,
    "value" : 0.0,
    "error" : 0.0
  }
},{
  "dateTime" : "09/27/24 00:00:00",
  "value" : {
    "date" : null,
    "value" : 0.0,
    "error" : 0.0
  }
},{
  "dateTime" : "09/28/24 00:00:00",
  "value" : {
    "date" : null,
    "value" : 0.0,
    "error" : 0.0
  }
},{
  "dateTime" : "09/29/24 00:00:00",
  "value" : {
    "date" : null,
    "value" : 0.0,
    "error" : 0.0
  }
},{
  "dateTime" : "09/30/24 00:00:00",
  "value" : {
    "date" : null,
    "value" : 0.0,
    "error" : 0.0
  }
},{
  "dateTime" : "10/01/24 00:00:00",
  "value" : {
    "date" : null,
    "value" : 0.0,
    "error" : 0.0
  }
},{
  "dateTime" : "10/02/24 00:00:00",
  "value" : {
    "date" : null,
    "value" : 0.0,
    "error" : 0.0
  }
},{
  "dateTime" : "10/03/24 00:00:00",
  "value" : {
    "date" : null,
    "value" : 0.0,
    "error" : 0.0
  }
},{
  "dateTime" : "10/04/24 00:00:00",
  "value" : {
    "date" : null,
    "value" : 0.0,
    "error" : 0.0
  }
},{
  "dateTime" : "10/05/24 00:00:00",
  "value" : {
    "date" : null,
    "value" : 0.0,
    "error" : 0.0
  }
},{
  "dateTime" : "10/06/24 00:00:00",
  "value" : {
    "date" : null,
    "value" : 0.0,
    "error" : 0.0
  }
},{
  "dateTime" : "10/07/24 00:00:00",
  "value" : {
    "date" : null,
    "value" : 0.0,
    "error" : 0.0
  }
},{
  "dateTime" : "10/08/24 00:00:00",
  "value" : {
    "date" : null,
    "value" : 0.0,
    "error" : 0.0
  }
},{
  "dateTime" : "10/09/24 00:00:00",
  "value" : {
    "date" : null,
    "value" : 0.0,
    "error" : 0.0
  }
},{
  "dateTime" : "10/10/24 00:00:00",
  "value" : {
    "date" : null,
    "value" : 0.0,
    "error" : 0.0
  }
},{
  "dateTime" : "10/11/24 00:00:00",
  "value" : {
    "date" : null,
    "value" : 0.0,
    "error" : 0.0
  }
},{
  "dateTime" : "10/12/24 00:00:00",
  "value" : {
    "date" : null,
    "value" : 0.0,
    "error" : 0.0
  }
},{
  "dateTime" : "10/13/24 00:00:00",
  "value" : {
    "date" : null,
    "value" : 0.0,
    "error" : 0.0
  }
},{
  "dateTime" : "10/14/24 00:00:00",
  "value" : {
    "date" : null,
    "value" : 0.0,
    "error" : 0.0
  }
},{
  "dateTime" : "10/15/24 00:00:00",
  "value" : {
    "date" : null,
    "value" : 0.0,
    "error" : 0.0
  }
},{
  "dateTime" : "10/16/24 00:00:00",
  "value" : {
    "date" : null,
    "value" : 0.0,
    "error" : 0.0
  }
},{
  "dateTime" : "10/17/24 00:00:00",
  "value" : {
    "date" : null,
    "value" : 0.0,
    "error" : 0.0
  }
},{
  "dateTime" : "10/18/24 00:00:00",
  "value" : {
    "date" : null,
    "value" : 0.0,
    "error" : 0.0
  }
},{
  "dateTime" : "10/19/24 00:00:00",
  "value" : {
    "date" : null,
    "value" : 0.0,
    "error" : 0.0
  }
},{
  "dateTime" : "10/20/24 00:00:00",
  "value" : {
    "date" : null,
    "value" : 0.0,
    "error" : 0.0
  }
},{
  "dateTime" : "10/21/24 00:00:00",
  "value" : {
    "date" : null,
    "value" : 0.0,
    "error" : 0.0
  }
}]