[{
  "dateTime" : "11/22/23 00:00:00",
  "value" : "1372"
},{
  "dateTime" : "11/23/23 00:00:00",
  "value" : "1440"
},{
  "dateTime" : "11/24/23 00:00:00",
  "value" : "1118"
},{
  "dateTime" : "11/25/23 00:00:00",
  "value" : "1149"
},{
  "dateTime" : "11/26/23 00:00:00",
  "value" : "1440"
},{
  "dateTime" : "11/27/23 00:00:00",
  "value" : "1129"
},{
  "dateTime" : "11/28/23 00:00:00",
  "value" : "1125"
},{
  "dateTime" : "11/29/23 00:00:00",
  "value" : "1440"
},{
  "dateTime" : "11/30/23 00:00:00",
  "value" : "1231"
},{
  "dateTime" : "12/01/23 00:00:00",
  "value" : "1141"
},{
  "dateTime" : "12/02/23 00:00:00",
  "value" : "1077"
},{
  "dateTime" : "12/03/23 00:00:00",
  "value" : "1439"
},{
  "dateTime" : "12/04/23 00:00:00",
  "value" : "1440"
},{
  "dateTime" : "12/05/23 00:00:00",
  "value" : "1440"
},{
  "dateTime" : "12/06/23 00:00:00",
  "value" : "1148"
},{
  "dateTime" : "12/07/23 00:00:00",
  "value" : "1440"
},{
  "dateTime" : "12/08/23 00:00:00",
  "value" : "1016"
},{
  "dateTime" : "12/09/23 00:00:00",
  "value" : "1135"
},{
  "dateTime" : "12/10/23 00:00:00",
  "value" : "1440"
},{
  "dateTime" : "12/11/23 00:00:00",
  "value" : "1150"
},{
  "dateTime" : "12/12/23 00:00:00",
  "value" : "1440"
},{
  "dateTime" : "12/13/23 00:00:00",
  "value" : "1137"
},{
  "dateTime" : "12/14/23 00:00:00",
  "value" : "1437"
},{
  "dateTime" : "12/15/23 00:00:00",
  "value" : "1170"
},{
  "dateTime" : "12/16/23 00:00:00",
  "value" : "1206"
},{
  "dateTime" : "12/17/23 00:00:00",
  "value" : "1440"
},{
  "dateTime" : "12/18/23 00:00:00",
  "value" : "1213"
},{
  "dateTime" : "12/19/23 00:00:00",
  "value" : "1440"
},{
  "dateTime" : "12/20/23 00:00:00",
  "value" : "1440"
},{
  "dateTime" : "12/21/23 00:00:00",
  "value" : "1440"
}]