[{
  "dateTime" : "12/22/23 00:00:00",
  "value" : "1190"
},{
  "dateTime" : "12/23/23 00:00:00",
  "value" : "1127"
},{
  "dateTime" : "12/24/23 00:00:00",
  "value" : "1439"
},{
  "dateTime" : "12/25/23 00:00:00",
  "value" : "1440"
},{
  "dateTime" : "12/26/23 00:00:00",
  "value" : "1440"
},{
  "dateTime" : "12/27/23 00:00:00",
  "value" : "1440"
},{
  "dateTime" : "12/28/23 00:00:00",
  "value" : "1146"
},{
  "dateTime" : "12/29/23 00:00:00",
  "value" : "1437"
},{
  "dateTime" : "12/30/23 00:00:00",
  "value" : "1172"
},{
  "dateTime" : "12/31/23 00:00:00",
  "value" : "1440"
},{
  "dateTime" : "01/01/24 00:00:00",
  "value" : "1190"
},{
  "dateTime" : "01/02/24 00:00:00",
  "value" : "1440"
},{
  "dateTime" : "01/03/24 00:00:00",
  "value" : "1179"
},{
  "dateTime" : "01/04/24 00:00:00",
  "value" : "1440"
},{
  "dateTime" : "01/05/24 00:00:00",
  "value" : "1145"
},{
  "dateTime" : "01/06/24 00:00:00",
  "value" : "1250"
},{
  "dateTime" : "01/07/24 00:00:00",
  "value" : "1439"
},{
  "dateTime" : "01/08/24 00:00:00",
  "value" : "1237"
},{
  "dateTime" : "01/09/24 00:00:00",
  "value" : "1438"
},{
  "dateTime" : "01/10/24 00:00:00",
  "value" : "1167"
},{
  "dateTime" : "01/11/24 00:00:00",
  "value" : "1440"
},{
  "dateTime" : "01/12/24 00:00:00",
  "value" : "1440"
},{
  "dateTime" : "01/13/24 00:00:00",
  "value" : "1440"
},{
  "dateTime" : "01/14/24 00:00:00",
  "value" : "1440"
},{
  "dateTime" : "01/15/24 00:00:00",
  "value" : "1440"
},{
  "dateTime" : "01/16/24 00:00:00",
  "value" : "1183"
},{
  "dateTime" : "01/17/24 00:00:00",
  "value" : "1439"
},{
  "dateTime" : "01/18/24 00:00:00",
  "value" : "1440"
},{
  "dateTime" : "01/19/24 00:00:00",
  "value" : "1440"
},{
  "dateTime" : "01/20/24 00:00:00",
  "value" : "1385"
}]