[{
  "logId" : 43395849905,
  "dateOfSleep" : "2023-11-07",
  "startTime" : "2023-11-07T01:45:30.000",
  "endTime" : "2023-11-07T08:07:30.000",
  "duration" : 22920000,
  "minutesToFallAsleep" : 0,
  "minutesAsleep" : 340,
  "minutesAwake" : 42,
  "minutesAfterWakeup" : 0,
  "timeInBed" : 382,
  "efficiency" : 94,
  "type" : "stages",
  "infoCode" : 0,
  "logType" : "auto_detected",
  "levels" : {
    "summary" : {
      "deep" : {
        "count" : 6,
        "minutes" : 73,
        "thirtyDayAvgMinutes" : 96
      },
      "wake" : {
        "count" : 18,
        "minutes" : 42,
        "thirtyDayAvgMinutes" : 36
      },
      "light" : {
        "count" : 19,
        "minutes" : 210,
        "thirtyDayAvgMinutes" : 224
      },
      "rem" : {
        "count" : 5,
        "minutes" : 57,
        "thirtyDayAvgMinutes" : 110
      }
    },
    "data" : [{
      "dateTime" : "2023-11-07T01:45:30.000",
      "level" : "wake",
      "seconds" : 720
    },{
      "dateTime" : "2023-11-07T01:57:30.000",
      "level" : "light",
      "seconds" : 1920
    },{
      "dateTime" : "2023-11-07T02:29:30.000",
      "level" : "deep",
      "seconds" : 1050
    },{
      "dateTime" : "2023-11-07T02:47:00.000",
      "level" : "wake",
      "seconds" : 210
    },{
      "dateTime" : "2023-11-07T02:50:30.000",
      "level" : "light",
      "seconds" : 2190
    },{
      "dateTime" : "2023-11-07T03:27:00.000",
      "level" : "deep",
      "seconds" : 390
    },{
      "dateTime" : "2023-11-07T03:33:30.000",
      "level" : "light",
      "seconds" : 270
    },{
      "dateTime" : "2023-11-07T03:38:00.000",
      "level" : "deep",
      "seconds" : 1380
    },{
      "dateTime" : "2023-11-07T04:01:00.000",
      "level" : "wake",
      "seconds" : 240
    },{
      "dateTime" : "2023-11-07T04:05:00.000",
      "level" : "light",
      "seconds" : 180
    },{
      "dateTime" : "2023-11-07T04:08:00.000",
      "level" : "deep",
      "seconds" : 330
    },{
      "dateTime" : "2023-11-07T04:13:30.000",
      "level" : "light",
      "seconds" : 1680
    },{
      "dateTime" : "2023-11-07T04:41:30.000",
      "level" : "deep",
      "seconds" : 270
    },{
      "dateTime" : "2023-11-07T04:46:00.000",
      "level" : "light",
      "seconds" : 810
    },{
      "dateTime" : "2023-11-07T04:59:30.000",
      "level" : "wake",
      "seconds" : 300
    },{
      "dateTime" : "2023-11-07T05:04:30.000",
      "level" : "light",
      "seconds" : 1950
    },{
      "dateTime" : "2023-11-07T05:37:00.000",
      "level" : "wake",
      "seconds" : 450
    },{
      "dateTime" : "2023-11-07T05:44:30.000",
      "level" : "light",
      "seconds" : 1110
    },{
      "dateTime" : "2023-11-07T06:03:00.000",
      "level" : "rem",
      "seconds" : 1860
    },{
      "dateTime" : "2023-11-07T06:34:00.000",
      "level" : "light",
      "seconds" : 690
    },{
      "dateTime" : "2023-11-07T06:45:30.000",
      "level" : "deep",
      "seconds" : 990
    },{
      "dateTime" : "2023-11-07T07:02:00.000",
      "level" : "light",
      "seconds" : 300
    },{
      "dateTime" : "2023-11-07T07:07:00.000",
      "level" : "rem",
      "seconds" : 1650
    },{
      "dateTime" : "2023-11-07T07:34:30.000",
      "level" : "light",
      "seconds" : 1980
    }],
    "shortData" : [{
      "dateTime" : "2023-11-07T03:03:00.000",
      "level" : "wake",
      "seconds" : 30
    },{
      "dateTime" : "2023-11-07T04:17:00.000",
      "level" : "wake",
      "seconds" : 60
    },{
      "dateTime" : "2023-11-07T05:07:00.000",
      "level" : "wake",
      "seconds" : 30
    },{
      "dateTime" : "2023-11-07T05:19:00.000",
      "level" : "wake",
      "seconds" : 150
    },{
      "dateTime" : "2023-11-07T05:28:30.000",
      "level" : "wake",
      "seconds" : 30
    },{
      "dateTime" : "2023-11-07T06:06:30.000",
      "level" : "wake",
      "seconds" : 30
    },{
      "dateTime" : "2023-11-07T06:28:30.000",
      "level" : "wake",
      "seconds" : 30
    },{
      "dateTime" : "2023-11-07T06:36:00.000",
      "level" : "wake",
      "seconds" : 30
    },{
      "dateTime" : "2023-11-07T07:01:30.000",
      "level" : "wake",
      "seconds" : 30
    },{
      "dateTime" : "2023-11-07T07:12:30.000",
      "level" : "wake",
      "seconds" : 30
    },{
      "dateTime" : "2023-11-07T07:37:00.000",
      "level" : "wake",
      "seconds" : 30
    },{
      "dateTime" : "2023-11-07T08:03:30.000",
      "level" : "wake",
      "seconds" : 30
    },{
      "dateTime" : "2023-11-07T08:06:00.000",
      "level" : "wake",
      "seconds" : 90
    }]
  },
  "mainSleep" : true
},{
  "logId" : 43360160477,
  "dateOfSleep" : "2023-11-04",
  "startTime" : "2023-11-04T00:27:00.000",
  "endTime" : "2023-11-04T08:13:30.000",
  "duration" : 27960000,
  "minutesToFallAsleep" : 0,
  "minutesAsleep" : 430,
  "minutesAwake" : 36,
  "minutesAfterWakeup" : 0,
  "timeInBed" : 466,
  "efficiency" : 94,
  "type" : "stages",
  "infoCode" : 0,
  "logType" : "auto_detected",
  "levels" : {
    "summary" : {
      "deep" : {
        "count" : 5,
        "minutes" : 96,
        "thirtyDayAvgMinutes" : 0
      },
      "wake" : {
        "count" : 19,
        "minutes" : 36,
        "thirtyDayAvgMinutes" : 0
      },
      "light" : {
        "count" : 19,
        "minutes" : 224,
        "thirtyDayAvgMinutes" : 0
      },
      "rem" : {
        "count" : 5,
        "minutes" : 110,
        "thirtyDayAvgMinutes" : 0
      }
    },
    "data" : [{
      "dateTime" : "2023-11-04T00:27:00.000",
      "level" : "wake",
      "seconds" : 30
    },{
      "dateTime" : "2023-11-04T00:27:30.000",
      "level" : "light",
      "seconds" : 1140
    },{
      "dateTime" : "2023-11-04T00:46:30.000",
      "level" : "deep",
      "seconds" : 2430
    },{
      "dateTime" : "2023-11-04T01:27:00.000",
      "level" : "light",
      "seconds" : 450
    },{
      "dateTime" : "2023-11-04T01:34:30.000",
      "level" : "deep",
      "seconds" : 1650
    },{
      "dateTime" : "2023-11-04T02:02:00.000",
      "level" : "light",
      "seconds" : 1200
    },{
      "dateTime" : "2023-11-04T02:22:00.000",
      "level" : "deep",
      "seconds" : 1020
    },{
      "dateTime" : "2023-11-04T02:39:00.000",
      "level" : "light",
      "seconds" : 1350
    },{
      "dateTime" : "2023-11-04T03:01:30.000",
      "level" : "deep",
      "seconds" : 480
    },{
      "dateTime" : "2023-11-04T03:09:30.000",
      "level" : "light",
      "seconds" : 2340
    },{
      "dateTime" : "2023-11-04T03:48:30.000",
      "level" : "wake",
      "seconds" : 420
    },{
      "dateTime" : "2023-11-04T03:55:30.000",
      "level" : "light",
      "seconds" : 1500
    },{
      "dateTime" : "2023-11-04T04:20:30.000",
      "level" : "deep",
      "seconds" : 270
    },{
      "dateTime" : "2023-11-04T04:25:00.000",
      "level" : "light",
      "seconds" : 1620
    },{
      "dateTime" : "2023-11-04T04:52:00.000",
      "level" : "rem",
      "seconds" : 1620
    },{
      "dateTime" : "2023-11-04T05:19:00.000",
      "level" : "light",
      "seconds" : 3450
    },{
      "dateTime" : "2023-11-04T06:16:30.000",
      "level" : "rem",
      "seconds" : 2880
    },{
      "dateTime" : "2023-11-04T07:04:30.000",
      "level" : "light",
      "seconds" : 600
    },{
      "dateTime" : "2023-11-04T07:14:30.000",
      "level" : "wake",
      "seconds" : 330
    },{
      "dateTime" : "2023-11-04T07:20:00.000",
      "level" : "light",
      "seconds" : 360
    },{
      "dateTime" : "2023-11-04T07:26:00.000",
      "level" : "wake",
      "seconds" : 660
    },{
      "dateTime" : "2023-11-04T07:37:00.000",
      "level" : "rem",
      "seconds" : 2190
    }],
    "shortData" : [{
      "dateTime" : "2023-11-04T00:27:00.000",
      "level" : "wake",
      "seconds" : 180
    },{
      "dateTime" : "2023-11-04T01:26:30.000",
      "level" : "wake",
      "seconds" : 30
    },{
      "dateTime" : "2023-11-04T02:01:30.000",
      "level" : "wake",
      "seconds" : 30
    },{
      "dateTime" : "2023-11-04T02:08:00.000",
      "level" : "wake",
      "seconds" : 30
    },{
      "dateTime" : "2023-11-04T02:39:00.000",
      "level" : "wake",
      "seconds" : 30
    },{
      "dateTime" : "2023-11-04T03:09:00.000",
      "level" : "wake",
      "seconds" : 30
    },{
      "dateTime" : "2023-11-04T03:17:00.000",
      "level" : "wake",
      "seconds" : 30
    },{
      "dateTime" : "2023-11-04T03:21:30.000",
      "level" : "wake",
      "seconds" : 30
    },{
      "dateTime" : "2023-11-04T04:25:30.000",
      "level" : "wake",
      "seconds" : 120
    },{
      "dateTime" : "2023-11-04T04:31:00.000",
      "level" : "wake",
      "seconds" : 30
    },{
      "dateTime" : "2023-11-04T05:39:00.000",
      "level" : "wake",
      "seconds" : 30
    },{
      "dateTime" : "2023-11-04T05:41:00.000",
      "level" : "wake",
      "seconds" : 30
    },{
      "dateTime" : "2023-11-04T05:59:30.000",
      "level" : "wake",
      "seconds" : 60
    },{
      "dateTime" : "2023-11-04T07:09:30.000",
      "level" : "wake",
      "seconds" : 30
    },{
      "dateTime" : "2023-11-04T07:50:00.000",
      "level" : "wake",
      "seconds" : 30
    },{
      "dateTime" : "2023-11-04T07:56:30.000",
      "level" : "wake",
      "seconds" : 30
    }]
  },
  "mainSleep" : true
}]