[{
  "dateTime" : "01/21/24 18:44:00",
  "value" : "0"
},{
  "dateTime" : "01/21/24 18:45:00",
  "value" : "33"
},{
  "dateTime" : "01/21/24 18:46:00",
  "value" : "59"
},{
  "dateTime" : "01/21/24 18:47:00",
  "value" : "157"
},{
  "dateTime" : "01/21/24 18:48:00",
  "value" : "162"
},{
  "dateTime" : "01/21/24 18:49:00",
  "value" : "163"
},{
  "dateTime" : "01/21/24 18:50:00",
  "value" : "160"
},{
  "dateTime" : "01/21/24 18:51:00",
  "value" : "157"
},{
  "dateTime" : "01/21/24 18:52:00",
  "value" : "159"
},{
  "dateTime" : "01/21/24 18:53:00",
  "value" : "153"
},{
  "dateTime" : "01/21/24 18:54:00",
  "value" : "157"
},{
  "dateTime" : "01/21/24 18:55:00",
  "value" : "156"
},{
  "dateTime" : "01/21/24 18:56:00",
  "value" : "163"
},{
  "dateTime" : "01/21/24 18:57:00",
  "value" : "153"
},{
  "dateTime" : "01/21/24 18:58:00",
  "value" : "128"
},{
  "dateTime" : "01/21/24 18:59:00",
  "value" : "108"
},{
  "dateTime" : "01/21/24 19:00:00",
  "value" : "52"
},{
  "dateTime" : "01/21/24 19:01:00",
  "value" : "57"
},{
  "dateTime" : "01/21/24 19:02:00",
  "value" : "53"
},{
  "dateTime" : "01/21/24 19:03:00",
  "value" : "20"
},{
  "dateTime" : "01/21/24 19:04:00",
  "value" : "19"
},{
  "dateTime" : "01/21/24 19:05:00",
  "value" : "0"
},{
  "dateTime" : "01/21/24 19:06:00",
  "value" : "25"
},{
  "dateTime" : "01/21/24 19:07:00",
  "value" : "47"
},{
  "dateTime" : "01/21/24 19:08:00",
  "value" : "43"
},{
  "dateTime" : "01/21/24 19:09:00",
  "value" : "19"
},{
  "dateTime" : "01/21/24 19:10:00",
  "value" : "19"
},{
  "dateTime" : "01/21/24 19:11:00",
  "value" : "26"
},{
  "dateTime" : "01/21/24 19:12:00",
  "value" : "20"
},{
  "dateTime" : "01/21/24 19:13:00",
  "value" : "58"
},{
  "dateTime" : "01/21/24 19:14:00",
  "value" : "63"
},{
  "dateTime" : "01/21/24 19:15:00",
  "value" : "25"
},{
  "dateTime" : "01/21/24 19:16:00",
  "value" : "49"
},{
  "dateTime" : "01/21/24 19:17:00",
  "value" : "17"
},{
  "dateTime" : "01/21/24 19:18:00",
  "value" : "31"
},{
  "dateTime" : "01/21/24 19:19:00",
  "value" : "33"
},{
  "dateTime" : "01/21/24 19:20:00",
  "value" : "19"
},{
  "dateTime" : "01/21/24 19:21:00",
  "value" : "0"
},{
  "dateTime" : "01/21/24 19:22:00",
  "value" : "0"
},{
  "dateTime" : "01/21/24 19:23:00",
  "value" : "0"
},{
  "dateTime" : "01/21/24 19:24:00",
  "value" : "0"
},{
  "dateTime" : "01/21/24 19:25:00",
  "value" : "0"
},{
  "dateTime" : "01/21/24 19:26:00",
  "value" : "0"
},{
  "dateTime" : "01/21/24 19:27:00",
  "value" : "0"
},{
  "dateTime" : "01/21/24 19:28:00",
  "value" : "0"
},{
  "dateTime" : "01/21/24 19:29:00",
  "value" : "0"
},{
  "dateTime" : "01/21/24 19:30:00",
  "value" : "0"
},{
  "dateTime" : "01/21/24 19:31:00",
  "value" : "0"
},{
  "dateTime" : "01/21/24 19:32:00",
  "value" : "0"
},{
  "dateTime" : "01/21/24 19:33:00",
  "value" : "0"
},{
  "dateTime" : "01/21/24 19:34:00",
  "value" : "0"
},{
  "dateTime" : "01/21/24 19:35:00",
  "value" : "0"
},{
  "dateTime" : "01/21/24 19:36:00",
  "value" : "0"
},{
  "dateTime" : "01/21/24 19:37:00",
  "value" : "9"
},{
  "dateTime" : "01/21/24 19:38:00",
  "value" : "0"
},{
  "dateTime" : "01/21/24 19:39:00",
  "value" : "0"
},{
  "dateTime" : "01/21/24 19:40:00",
  "value" : "0"
},{
  "dateTime" : "01/21/24 19:41:00",
  "value" : "0"
},{
  "dateTime" : "01/21/24 19:42:00",
  "value" : "0"
},{
  "dateTime" : "01/21/24 19:43:00",
  "value" : "0"
},{
  "dateTime" : "01/21/24 19:44:00",
  "value" : "0"
},{
  "dateTime" : "01/21/24 19:45:00",
  "value" : "0"
},{
  "dateTime" : "01/21/24 19:46:00",
  "value" : "0"
},{
  "dateTime" : "01/21/24 19:47:00",
  "value" : "0"
},{
  "dateTime" : "01/21/24 19:48:00",
  "value" : "0"
},{
  "dateTime" : "01/21/24 19:49:00",
  "value" : "0"
},{
  "dateTime" : "01/21/24 19:50:00",
  "value" : "0"
},{
  "dateTime" : "01/21/24 19:51:00",
  "value" : "0"
},{
  "dateTime" : "01/21/24 19:52:00",
  "value" : "0"
},{
  "dateTime" : "01/21/24 19:53:00",
  "value" : "15"
},{
  "dateTime" : "01/21/24 19:54:00",
  "value" : "0"
},{
  "dateTime" : "01/21/24 19:55:00",
  "value" : "0"
},{
  "dateTime" : "01/21/24 19:56:00",
  "value" : "0"
},{
  "dateTime" : "01/21/24 19:57:00",
  "value" : "0"
},{
  "dateTime" : "01/21/24 19:58:00",
  "value" : "0"
},{
  "dateTime" : "01/21/24 20:09:00",
  "value" : "0"
},{
  "dateTime" : "01/21/24 20:10:00",
  "value" : "0"
},{
  "dateTime" : "01/21/24 20:11:00",
  "value" : "40"
},{
  "dateTime" : "01/21/24 20:12:00",
  "value" : "21"
},{
  "dateTime" : "01/21/24 20:13:00",
  "value" : "0"
},{
  "dateTime" : "01/21/24 20:14:00",
  "value" : "14"
},{
  "dateTime" : "01/21/24 20:15:00",
  "value" : "24"
},{
  "dateTime" : "01/21/24 20:16:00",
  "value" : "0"
},{
  "dateTime" : "01/21/24 20:17:00",
  "value" : "41"
},{
  "dateTime" : "01/21/24 20:18:00",
  "value" : "36"
},{
  "dateTime" : "01/21/24 20:19:00",
  "value" : "20"
},{
  "dateTime" : "01/21/24 20:20:00",
  "value" : "74"
},{
  "dateTime" : "01/21/24 20:21:00",
  "value" : "16"
},{
  "dateTime" : "01/21/24 20:22:00",
  "value" : "17"
},{
  "dateTime" : "01/21/24 20:23:00",
  "value" : "25"
},{
  "dateTime" : "01/21/24 20:24:00",
  "value" : "0"
},{
  "dateTime" : "01/21/24 20:25:00",
  "value" : "0"
},{
  "dateTime" : "01/21/24 20:26:00",
  "value" : "0"
},{
  "dateTime" : "01/21/24 20:30:00",
  "value" : "0"
},{
  "dateTime" : "01/21/24 20:31:00",
  "value" : "0"
},{
  "dateTime" : "01/21/24 20:32:00",
  "value" : "0"
},{
  "dateTime" : "01/21/24 20:35:00",
  "value" : "0"
},{
  "dateTime" : "01/21/24 20:42:00",
  "value" : "0"
},{
  "dateTime" : "01/21/24 20:47:00",
  "value" : "0"
},{
  "dateTime" : "01/21/24 20:48:00",
  "value" : "0"
},{
  "dateTime" : "01/21/24 20:50:00",
  "value" : "0"
},{
  "dateTime" : "01/21/24 20:51:00",
  "value" : "0"
},{
  "dateTime" : "01/21/24 20:52:00",
  "value" : "0"
},{
  "dateTime" : "01/21/24 20:53:00",
  "value" : "15"
},{
  "dateTime" : "01/21/24 20:54:00",
  "value" : "0"
},{
  "dateTime" : "01/21/24 20:55:00",
  "value" : "0"
},{
  "dateTime" : "01/21/24 20:56:00",
  "value" : "0"
},{
  "dateTime" : "01/21/24 20:57:00",
  "value" : "0"
},{
  "dateTime" : "01/21/24 20:58:00",
  "value" : "0"
},{
  "dateTime" : "01/21/24 20:59:00",
  "value" : "0"
},{
  "dateTime" : "01/21/24 21:01:00",
  "value" : "0"
},{
  "dateTime" : "01/21/24 21:02:00",
  "value" : "6"
},{
  "dateTime" : "01/21/24 21:03:00",
  "value" : "0"
},{
  "dateTime" : "01/21/24 21:04:00",
  "value" : "0"
},{
  "dateTime" : "01/21/24 21:05:00",
  "value" : "0"
},{
  "dateTime" : "01/21/24 21:06:00",
  "value" : "0"
},{
  "dateTime" : "01/21/24 21:07:00",
  "value" : "0"
},{
  "dateTime" : "01/21/24 21:08:00",
  "value" : "0"
},{
  "dateTime" : "01/21/24 21:09:00",
  "value" : "9"
},{
  "dateTime" : "01/21/24 21:10:00",
  "value" : "0"
},{
  "dateTime" : "01/21/24 21:11:00",
  "value" : "0"
},{
  "dateTime" : "01/21/24 21:12:00",
  "value" : "0"
},{
  "dateTime" : "01/21/24 21:13:00",
  "value" : "0"
},{
  "dateTime" : "01/21/24 21:14:00",
  "value" : "0"
},{
  "dateTime" : "01/21/24 21:15:00",
  "value" : "0"
},{
  "dateTime" : "01/21/24 21:16:00",
  "value" : "0"
},{
  "dateTime" : "01/21/24 21:17:00",
  "value" : "0"
},{
  "dateTime" : "01/21/24 21:18:00",
  "value" : "6"
},{
  "dateTime" : "01/21/24 21:19:00",
  "value" : "0"
},{
  "dateTime" : "01/21/24 21:20:00",
  "value" : "0"
},{
  "dateTime" : "01/21/24 21:21:00",
  "value" : "0"
},{
  "dateTime" : "01/21/24 21:22:00",
  "value" : "6"
},{
  "dateTime" : "01/21/24 21:23:00",
  "value" : "16"
},{
  "dateTime" : "01/21/24 21:24:00",
  "value" : "10"
},{
  "dateTime" : "01/21/24 21:25:00",
  "value" : "15"
},{
  "dateTime" : "01/21/24 21:26:00",
  "value" : "32"
},{
  "dateTime" : "01/21/24 21:27:00",
  "value" : "47"
},{
  "dateTime" : "01/21/24 21:28:00",
  "value" : "10"
},{
  "dateTime" : "01/21/24 21:29:00",
  "value" : "21"
},{
  "dateTime" : "01/21/24 21:30:00",
  "value" : "45"
},{
  "dateTime" : "01/21/24 21:31:00",
  "value" : "37"
},{
  "dateTime" : "01/21/24 21:32:00",
  "value" : "25"
},{
  "dateTime" : "01/21/24 21:33:00",
  "value" : "69"
},{
  "dateTime" : "01/21/24 21:34:00",
  "value" : "50"
},{
  "dateTime" : "01/21/24 21:35:00",
  "value" : "9"
},{
  "dateTime" : "01/21/24 21:36:00",
  "value" : "25"
},{
  "dateTime" : "01/21/24 21:37:00",
  "value" : "27"
},{
  "dateTime" : "01/21/24 21:38:00",
  "value" : "31"
},{
  "dateTime" : "01/21/24 21:39:00",
  "value" : "63"
},{
  "dateTime" : "01/21/24 21:40:00",
  "value" : "13"
},{
  "dateTime" : "01/21/24 21:41:00",
  "value" : "48"
},{
  "dateTime" : "01/21/24 21:42:00",
  "value" : "23"
},{
  "dateTime" : "01/21/24 21:43:00",
  "value" : "10"
},{
  "dateTime" : "01/21/24 21:44:00",
  "value" : "41"
},{
  "dateTime" : "01/21/24 21:45:00",
  "value" : "24"
},{
  "dateTime" : "01/21/24 21:46:00",
  "value" : "8"
},{
  "dateTime" : "01/21/24 21:47:00",
  "value" : "43"
},{
  "dateTime" : "01/21/24 21:48:00",
  "value" : "25"
},{
  "dateTime" : "01/21/24 21:49:00",
  "value" : "17"
},{
  "dateTime" : "01/21/24 21:50:00",
  "value" : "9"
},{
  "dateTime" : "01/21/24 21:51:00",
  "value" : "13"
},{
  "dateTime" : "01/21/24 21:53:00",
  "value" : "0"
},{
  "dateTime" : "01/21/24 21:54:00",
  "value" : "21"
},{
  "dateTime" : "01/21/24 21:55:00",
  "value" : "8"
},{
  "dateTime" : "01/21/24 21:56:00",
  "value" : "14"
},{
  "dateTime" : "01/21/24 21:57:00",
  "value" : "47"
},{
  "dateTime" : "01/21/24 21:58:00",
  "value" : "18"
},{
  "dateTime" : "01/21/24 21:59:00",
  "value" : "8"
},{
  "dateTime" : "01/21/24 22:00:00",
  "value" : "0"
},{
  "dateTime" : "01/21/24 22:01:00",
  "value" : "0"
},{
  "dateTime" : "01/21/24 22:02:00",
  "value" : "62"
},{
  "dateTime" : "01/21/24 22:03:00",
  "value" : "44"
},{
  "dateTime" : "01/21/24 22:04:00",
  "value" : "21"
},{
  "dateTime" : "01/21/24 22:05:00",
  "value" : "73"
},{
  "dateTime" : "01/21/24 22:06:00",
  "value" : "20"
},{
  "dateTime" : "01/21/24 22:07:00",
  "value" : "7"
},{
  "dateTime" : "01/21/24 22:08:00",
  "value" : "0"
},{
  "dateTime" : "01/21/24 22:09:00",
  "value" : "0"
},{
  "dateTime" : "01/21/24 22:10:00",
  "value" : "0"
},{
  "dateTime" : "01/21/24 22:11:00",
  "value" : "0"
},{
  "dateTime" : "01/21/24 22:13:00",
  "value" : "0"
},{
  "dateTime" : "01/21/24 22:14:00",
  "value" : "0"
},{
  "dateTime" : "01/21/24 22:15:00",
  "value" : "0"
},{
  "dateTime" : "01/21/24 22:16:00",
  "value" : "0"
},{
  "dateTime" : "01/21/24 22:17:00",
  "value" : "0"
},{
  "dateTime" : "01/21/24 22:18:00",
  "value" : "0"
},{
  "dateTime" : "01/21/24 22:19:00",
  "value" : "0"
},{
  "dateTime" : "01/21/24 22:20:00",
  "value" : "0"
},{
  "dateTime" : "01/21/24 22:23:00",
  "value" : "0"
},{
  "dateTime" : "01/21/24 22:24:00",
  "value" : "0"
},{
  "dateTime" : "01/21/24 22:25:00",
  "value" : "7"
},{
  "dateTime" : "01/21/24 22:26:00",
  "value" : "3"
},{
  "dateTime" : "01/21/24 22:27:00",
  "value" : "0"
},{
  "dateTime" : "01/21/24 22:28:00",
  "value" : "0"
},{
  "dateTime" : "01/21/24 22:29:00",
  "value" : "4"
},{
  "dateTime" : "01/21/24 22:30:00",
  "value" : "0"
},{
  "dateTime" : "01/21/24 22:31:00",
  "value" : "0"
},{
  "dateTime" : "01/21/24 22:32:00",
  "value" : "0"
},{
  "dateTime" : "01/21/24 22:33:00",
  "value" : "48"
},{
  "dateTime" : "01/21/24 22:34:00",
  "value" : "97"
},{
  "dateTime" : "01/21/24 22:35:00",
  "value" : "98"
},{
  "dateTime" : "01/21/24 22:36:00",
  "value" : "101"
},{
  "dateTime" : "01/21/24 22:37:00",
  "value" : "97"
},{
  "dateTime" : "01/21/24 22:38:00",
  "value" : "87"
},{
  "dateTime" : "01/21/24 22:39:00",
  "value" : "102"
},{
  "dateTime" : "01/21/24 22:40:00",
  "value" : "95"
},{
  "dateTime" : "01/21/24 22:41:00",
  "value" : "100"
},{
  "dateTime" : "01/21/24 22:42:00",
  "value" : "101"
},{
  "dateTime" : "01/21/24 22:43:00",
  "value" : "100"
},{
  "dateTime" : "01/21/24 22:44:00",
  "value" : "94"
},{
  "dateTime" : "01/21/24 22:45:00",
  "value" : "96"
},{
  "dateTime" : "01/21/24 22:46:00",
  "value" : "102"
},{
  "dateTime" : "01/21/24 22:47:00",
  "value" : "101"
},{
  "dateTime" : "01/21/24 22:48:00",
  "value" : "102"
},{
  "dateTime" : "01/21/24 22:49:00",
  "value" : "95"
},{
  "dateTime" : "01/21/24 22:50:00",
  "value" : "29"
},{
  "dateTime" : "01/21/24 22:53:00",
  "value" : "0"
},{
  "dateTime" : "01/21/24 22:55:00",
  "value" : "0"
},{
  "dateTime" : "01/21/24 22:56:00",
  "value" : "0"
},{
  "dateTime" : "01/21/24 22:57:00",
  "value" : "0"
},{
  "dateTime" : "01/21/24 22:59:00",
  "value" : "0"
},{
  "dateTime" : "01/21/24 23:05:00",
  "value" : "0"
},{
  "dateTime" : "01/21/24 23:06:00",
  "value" : "12"
},{
  "dateTime" : "01/21/24 23:07:00",
  "value" : "22"
},{
  "dateTime" : "01/21/24 23:09:00",
  "value" : "21"
},{
  "dateTime" : "01/21/24 23:10:00",
  "value" : "7"
},{
  "dateTime" : "01/21/24 23:11:00",
  "value" : "0"
},{
  "dateTime" : "01/21/24 23:12:00",
  "value" : "0"
},{
  "dateTime" : "01/21/24 23:15:00",
  "value" : "0"
},{
  "dateTime" : "01/21/24 23:17:00",
  "value" : "0"
},{
  "dateTime" : "01/21/24 23:24:00",
  "value" : "0"
},{
  "dateTime" : "01/21/24 23:25:00",
  "value" : "8"
},{
  "dateTime" : "01/21/24 23:26:00",
  "value" : "31"
},{
  "dateTime" : "01/21/24 23:27:00",
  "value" : "0"
},{
  "dateTime" : "01/21/24 23:28:00",
  "value" : "0"
},{
  "dateTime" : "01/21/24 23:29:00",
  "value" : "4"
},{
  "dateTime" : "01/21/24 23:30:00",
  "value" : "0"
},{
  "dateTime" : "01/21/24 23:31:00",
  "value" : "9"
},{
  "dateTime" : "01/21/24 23:32:00",
  "value" : "5"
},{
  "dateTime" : "01/21/24 23:33:00",
  "value" : "0"
},{
  "dateTime" : "01/21/24 23:34:00",
  "value" : "28"
},{
  "dateTime" : "01/21/24 23:35:00",
  "value" : "4"
},{
  "dateTime" : "01/21/24 23:36:00",
  "value" : "0"
},{
  "dateTime" : "01/21/24 23:37:00",
  "value" : "38"
},{
  "dateTime" : "01/21/24 23:38:00",
  "value" : "73"
},{
  "dateTime" : "01/21/24 23:39:00",
  "value" : "43"
},{
  "dateTime" : "01/21/24 23:40:00",
  "value" : "20"
},{
  "dateTime" : "01/21/24 23:41:00",
  "value" : "66"
},{
  "dateTime" : "01/21/24 23:42:00",
  "value" : "103"
},{
  "dateTime" : "01/21/24 23:43:00",
  "value" : "112"
},{
  "dateTime" : "01/21/24 23:44:00",
  "value" : "112"
},{
  "dateTime" : "01/21/24 23:45:00",
  "value" : "111"
},{
  "dateTime" : "01/21/24 23:46:00",
  "value" : "60"
},{
  "dateTime" : "01/21/24 23:47:00",
  "value" : "12"
},{
  "dateTime" : "01/21/24 23:48:00",
  "value" : "105"
},{
  "dateTime" : "01/21/24 23:49:00",
  "value" : "111"
},{
  "dateTime" : "01/21/24 23:50:00",
  "value" : "93"
},{
  "dateTime" : "01/21/24 23:51:00",
  "value" : "96"
},{
  "dateTime" : "01/21/24 23:52:00",
  "value" : "75"
},{
  "dateTime" : "01/21/24 23:53:00",
  "value" : "14"
},{
  "dateTime" : "01/21/24 23:54:00",
  "value" : "19"
},{
  "dateTime" : "01/21/24 23:55:00",
  "value" : "14"
},{
  "dateTime" : "01/21/24 23:56:00",
  "value" : "44"
},{
  "dateTime" : "01/21/24 23:57:00",
  "value" : "0"
},{
  "dateTime" : "01/22/24 00:00:00",
  "value" : "14"
},{
  "dateTime" : "01/22/24 00:01:00",
  "value" : "27"
},{
  "dateTime" : "01/22/24 00:02:00",
  "value" : "18"
},{
  "dateTime" : "01/22/24 00:04:00",
  "value" : "0"
},{
  "dateTime" : "01/22/24 00:05:00",
  "value" : "17"
},{
  "dateTime" : "01/22/24 00:06:00",
  "value" : "0"
},{
  "dateTime" : "01/22/24 00:07:00",
  "value" : "0"
},{
  "dateTime" : "01/22/24 00:08:00",
  "value" : "0"
},{
  "dateTime" : "01/22/24 00:10:00",
  "value" : "0"
},{
  "dateTime" : "01/22/24 00:12:00",
  "value" : "0"
},{
  "dateTime" : "01/22/24 00:13:00",
  "value" : "0"
},{
  "dateTime" : "01/22/24 00:14:00",
  "value" : "0"
},{
  "dateTime" : "01/22/24 00:15:00",
  "value" : "0"
},{
  "dateTime" : "01/22/24 00:18:00",
  "value" : "11"
},{
  "dateTime" : "01/22/24 00:19:00",
  "value" : "32"
},{
  "dateTime" : "01/22/24 00:20:00",
  "value" : "20"
},{
  "dateTime" : "01/22/24 00:21:00",
  "value" : "17"
},{
  "dateTime" : "01/22/24 00:22:00",
  "value" : "0"
},{
  "dateTime" : "01/22/24 00:23:00",
  "value" : "0"
},{
  "dateTime" : "01/22/24 00:24:00",
  "value" : "0"
},{
  "dateTime" : "01/22/24 00:25:00",
  "value" : "35"
},{
  "dateTime" : "01/22/24 00:26:00",
  "value" : "3"
},{
  "dateTime" : "01/22/24 00:28:00",
  "value" : "20"
},{
  "dateTime" : "01/22/24 00:29:00",
  "value" : "0"
},{
  "dateTime" : "01/22/24 00:32:00",
  "value" : "9"
},{
  "dateTime" : "01/22/24 00:33:00",
  "value" : "6"
},{
  "dateTime" : "01/22/24 00:34:00",
  "value" : "0"
},{
  "dateTime" : "01/22/24 00:36:00",
  "value" : "0"
},{
  "dateTime" : "01/22/24 00:40:00",
  "value" : "0"
},{
  "dateTime" : "01/22/24 00:41:00",
  "value" : "0"
},{
  "dateTime" : "01/22/24 00:45:00",
  "value" : "0"
},{
  "dateTime" : "01/22/24 00:47:00",
  "value" : "0"
},{
  "dateTime" : "01/22/24 00:48:00",
  "value" : "0"
},{
  "dateTime" : "01/22/24 00:49:00",
  "value" : "0"
},{
  "dateTime" : "01/22/24 00:51:00",
  "value" : "0"
},{
  "dateTime" : "01/22/24 00:53:00",
  "value" : "0"
},{
  "dateTime" : "01/22/24 00:57:00",
  "value" : "0"
},{
  "dateTime" : "01/22/24 00:59:00",
  "value" : "0"
},{
  "dateTime" : "01/22/24 01:01:00",
  "value" : "0"
},{
  "dateTime" : "01/22/24 01:07:00",
  "value" : "0"
},{
  "dateTime" : "01/22/24 01:08:00",
  "value" : "9"
},{
  "dateTime" : "01/22/24 01:09:00",
  "value" : "10"
},{
  "dateTime" : "01/22/24 01:10:00",
  "value" : "9"
},{
  "dateTime" : "01/22/24 01:11:00",
  "value" : "40"
},{
  "dateTime" : "01/22/24 01:12:00",
  "value" : "29"
},{
  "dateTime" : "01/22/24 01:13:00",
  "value" : "49"
},{
  "dateTime" : "01/22/24 01:14:00",
  "value" : "19"
},{
  "dateTime" : "01/22/24 01:15:00",
  "value" : "11"
},{
  "dateTime" : "01/22/24 01:16:00",
  "value" : "0"
},{
  "dateTime" : "01/22/24 01:17:00",
  "value" : "6"
},{
  "dateTime" : "01/22/24 01:18:00",
  "value" : "0"
},{
  "dateTime" : "01/22/24 01:19:00",
  "value" : "0"
},{
  "dateTime" : "01/22/24 01:20:00",
  "value" : "0"
},{
  "dateTime" : "01/22/24 01:21:00",
  "value" : "0"
},{
  "dateTime" : "01/22/24 01:22:00",
  "value" : "0"
},{
  "dateTime" : "01/22/24 01:23:00",
  "value" : "0"
},{
  "dateTime" : "01/22/24 01:24:00",
  "value" : "0"
},{
  "dateTime" : "01/22/24 01:25:00",
  "value" : "0"
},{
  "dateTime" : "01/22/24 01:26:00",
  "value" : "0"
},{
  "dateTime" : "01/22/24 01:27:00",
  "value" : "0"
},{
  "dateTime" : "01/22/24 01:28:00",
  "value" : "0"
},{
  "dateTime" : "01/22/24 01:29:00",
  "value" : "0"
},{
  "dateTime" : "01/22/24 01:30:00",
  "value" : "0"
},{
  "dateTime" : "01/22/24 01:31:00",
  "value" : "0"
},{
  "dateTime" : "01/22/24 01:32:00",
  "value" : "0"
},{
  "dateTime" : "01/22/24 01:33:00",
  "value" : "0"
},{
  "dateTime" : "01/22/24 01:34:00",
  "value" : "7"
},{
  "dateTime" : "01/22/24 01:40:00",
  "value" : "0"
},{
  "dateTime" : "01/22/24 01:42:00",
  "value" : "0"
},{
  "dateTime" : "01/22/24 01:43:00",
  "value" : "0"
},{
  "dateTime" : "01/22/24 01:44:00",
  "value" : "0"
},{
  "dateTime" : "01/22/24 01:45:00",
  "value" : "0"
},{
  "dateTime" : "01/22/24 01:46:00",
  "value" : "0"
},{
  "dateTime" : "01/22/24 01:47:00",
  "value" : "9"
},{
  "dateTime" : "01/22/24 01:48:00",
  "value" : "4"
},{
  "dateTime" : "01/22/24 01:49:00",
  "value" : "16"
},{
  "dateTime" : "01/22/24 01:50:00",
  "value" : "16"
},{
  "dateTime" : "01/22/24 01:52:00",
  "value" : "0"
},{
  "dateTime" : "01/22/24 01:53:00",
  "value" : "0"
},{
  "dateTime" : "01/22/24 01:56:00",
  "value" : "0"
},{
  "dateTime" : "01/22/24 01:59:00",
  "value" : "0"
},{
  "dateTime" : "01/22/24 02:00:00",
  "value" : "51"
},{
  "dateTime" : "01/22/24 02:01:00",
  "value" : "8"
},{
  "dateTime" : "01/22/24 02:02:00",
  "value" : "0"
},{
  "dateTime" : "01/22/24 02:03:00",
  "value" : "0"
},{
  "dateTime" : "01/22/24 02:05:00",
  "value" : "8"
},{
  "dateTime" : "01/22/24 02:09:00",
  "value" : "0"
},{
  "dateTime" : "01/22/24 02:10:00",
  "value" : "0"
},{
  "dateTime" : "01/22/24 02:35:00",
  "value" : "0"
},{
  "dateTime" : "01/22/24 02:36:00",
  "value" : "0"
},{
  "dateTime" : "01/22/24 02:37:00",
  "value" : "0"
},{
  "dateTime" : "01/22/24 02:38:00",
  "value" : "0"
},{
  "dateTime" : "01/22/24 02:47:00",
  "value" : "12"
},{
  "dateTime" : "01/22/24 02:48:00",
  "value" : "36"
},{
  "dateTime" : "01/23/24 18:35:00",
  "value" : "18"
},{
  "dateTime" : "01/23/24 18:36:00",
  "value" : "0"
},{
  "dateTime" : "01/23/24 18:37:00",
  "value" : "8"
},{
  "dateTime" : "01/23/24 18:50:00",
  "value" : "0"
},{
  "dateTime" : "01/23/24 19:35:00",
  "value" : "0"
},{
  "dateTime" : "01/23/24 19:36:00",
  "value" : "0"
},{
  "dateTime" : "01/23/24 19:37:00",
  "value" : "0"
},{
  "dateTime" : "01/23/24 19:40:00",
  "value" : "0"
},{
  "dateTime" : "01/23/24 19:41:00",
  "value" : "0"
},{
  "dateTime" : "01/23/24 19:43:00",
  "value" : "0"
},{
  "dateTime" : "01/23/24 19:45:00",
  "value" : "0"
},{
  "dateTime" : "01/23/24 19:46:00",
  "value" : "0"
},{
  "dateTime" : "01/23/24 19:47:00",
  "value" : "0"
},{
  "dateTime" : "01/23/24 19:48:00",
  "value" : "0"
},{
  "dateTime" : "01/23/24 19:52:00",
  "value" : "0"
},{
  "dateTime" : "01/23/24 19:57:00",
  "value" : "0"
},{
  "dateTime" : "01/23/24 20:01:00",
  "value" : "0"
},{
  "dateTime" : "01/23/24 20:03:00",
  "value" : "0"
},{
  "dateTime" : "01/23/24 20:06:00",
  "value" : "0"
},{
  "dateTime" : "01/23/24 20:07:00",
  "value" : "0"
},{
  "dateTime" : "01/23/24 20:08:00",
  "value" : "0"
},{
  "dateTime" : "01/23/24 20:10:00",
  "value" : "0"
},{
  "dateTime" : "01/23/24 20:16:00",
  "value" : "0"
},{
  "dateTime" : "01/23/24 20:17:00",
  "value" : "0"
},{
  "dateTime" : "01/23/24 20:18:00",
  "value" : "0"
},{
  "dateTime" : "01/23/24 20:19:00",
  "value" : "0"
},{
  "dateTime" : "01/23/24 20:22:00",
  "value" : "0"
},{
  "dateTime" : "01/23/24 20:26:00",
  "value" : "0"
},{
  "dateTime" : "01/23/24 20:27:00",
  "value" : "0"
},{
  "dateTime" : "01/23/24 20:29:00",
  "value" : "0"
},{
  "dateTime" : "01/23/24 20:30:00",
  "value" : "0"
},{
  "dateTime" : "01/23/24 20:53:00",
  "value" : "0"
},{
  "dateTime" : "01/23/24 21:17:00",
  "value" : "0"
},{
  "dateTime" : "01/23/24 21:21:00",
  "value" : "0"
},{
  "dateTime" : "01/23/24 21:22:00",
  "value" : "0"
},{
  "dateTime" : "01/23/24 21:25:00",
  "value" : "0"
},{
  "dateTime" : "01/23/24 21:30:00",
  "value" : "0"
},{
  "dateTime" : "01/23/24 21:31:00",
  "value" : "17"
},{
  "dateTime" : "01/23/24 21:42:00",
  "value" : "0"
},{
  "dateTime" : "01/24/24 19:01:00",
  "value" : "0"
},{
  "dateTime" : "01/24/24 19:02:00",
  "value" : "7"
},{
  "dateTime" : "01/24/24 19:03:00",
  "value" : "15"
},{
  "dateTime" : "01/24/24 19:04:00",
  "value" : "48"
},{
  "dateTime" : "01/24/24 19:05:00",
  "value" : "11"
},{
  "dateTime" : "01/24/24 19:06:00",
  "value" : "54"
},{
  "dateTime" : "01/24/24 19:07:00",
  "value" : "17"
},{
  "dateTime" : "01/24/24 19:08:00",
  "value" : "38"
},{
  "dateTime" : "01/24/24 19:09:00",
  "value" : "10"
},{
  "dateTime" : "01/24/24 19:10:00",
  "value" : "13"
},{
  "dateTime" : "01/24/24 19:11:00",
  "value" : "47"
},{
  "dateTime" : "01/24/24 19:12:00",
  "value" : "0"
},{
  "dateTime" : "01/24/24 19:13:00",
  "value" : "0"
},{
  "dateTime" : "01/24/24 19:14:00",
  "value" : "0"
},{
  "dateTime" : "01/24/24 19:15:00",
  "value" : "0"
},{
  "dateTime" : "01/24/24 19:16:00",
  "value" : "0"
},{
  "dateTime" : "01/24/24 19:17:00",
  "value" : "0"
},{
  "dateTime" : "01/24/24 19:18:00",
  "value" : "0"
},{
  "dateTime" : "01/24/24 19:21:00",
  "value" : "0"
},{
  "dateTime" : "01/24/24 19:22:00",
  "value" : "0"
},{
  "dateTime" : "01/24/24 19:23:00",
  "value" : "0"
},{
  "dateTime" : "01/24/24 19:24:00",
  "value" : "0"
},{
  "dateTime" : "01/24/24 19:25:00",
  "value" : "0"
},{
  "dateTime" : "01/24/24 19:26:00",
  "value" : "50"
},{
  "dateTime" : "01/24/24 19:27:00",
  "value" : "152"
},{
  "dateTime" : "01/24/24 19:28:00",
  "value" : "157"
},{
  "dateTime" : "01/24/24 19:29:00",
  "value" : "156"
},{
  "dateTime" : "01/24/24 19:30:00",
  "value" : "149"
},{
  "dateTime" : "01/24/24 19:31:00",
  "value" : "151"
},{
  "dateTime" : "01/24/24 19:32:00",
  "value" : "161"
},{
  "dateTime" : "01/24/24 19:33:00",
  "value" : "159"
},{
  "dateTime" : "01/24/24 19:34:00",
  "value" : "156"
},{
  "dateTime" : "01/24/24 19:35:00",
  "value" : "163"
},{
  "dateTime" : "01/24/24 19:36:00",
  "value" : "161"
},{
  "dateTime" : "01/24/24 19:37:00",
  "value" : "160"
},{
  "dateTime" : "01/24/24 19:38:00",
  "value" : "161"
},{
  "dateTime" : "01/24/24 19:39:00",
  "value" : "156"
},{
  "dateTime" : "01/24/24 19:40:00",
  "value" : "153"
},{
  "dateTime" : "01/24/24 19:41:00",
  "value" : "148"
},{
  "dateTime" : "01/24/24 19:42:00",
  "value" : "161"
},{
  "dateTime" : "01/24/24 19:43:00",
  "value" : "157"
},{
  "dateTime" : "01/24/24 19:44:00",
  "value" : "160"
},{
  "dateTime" : "01/24/24 19:45:00",
  "value" : "157"
},{
  "dateTime" : "01/24/24 19:46:00",
  "value" : "154"
},{
  "dateTime" : "01/24/24 19:47:00",
  "value" : "156"
},{
  "dateTime" : "01/24/24 19:48:00",
  "value" : "155"
},{
  "dateTime" : "01/24/24 19:49:00",
  "value" : "161"
},{
  "dateTime" : "01/24/24 19:50:00",
  "value" : "157"
},{
  "dateTime" : "01/24/24 19:51:00",
  "value" : "132"
},{
  "dateTime" : "01/24/24 19:52:00",
  "value" : "161"
},{
  "dateTime" : "01/24/24 19:53:00",
  "value" : "155"
},{
  "dateTime" : "01/24/24 19:54:00",
  "value" : "158"
},{
  "dateTime" : "01/24/24 19:55:00",
  "value" : "159"
},{
  "dateTime" : "01/24/24 19:56:00",
  "value" : "157"
},{
  "dateTime" : "01/24/24 19:57:00",
  "value" : "158"
},{
  "dateTime" : "01/24/24 19:58:00",
  "value" : "155"
},{
  "dateTime" : "01/24/24 19:59:00",
  "value" : "159"
},{
  "dateTime" : "01/24/24 20:00:00",
  "value" : "156"
},{
  "dateTime" : "01/24/24 20:01:00",
  "value" : "159"
},{
  "dateTime" : "01/24/24 20:02:00",
  "value" : "158"
},{
  "dateTime" : "01/24/24 20:03:00",
  "value" : "157"
},{
  "dateTime" : "01/24/24 20:04:00",
  "value" : "150"
},{
  "dateTime" : "01/24/24 20:05:00",
  "value" : "155"
},{
  "dateTime" : "01/24/24 20:06:00",
  "value" : "154"
},{
  "dateTime" : "01/24/24 20:07:00",
  "value" : "123"
},{
  "dateTime" : "01/24/24 20:08:00",
  "value" : "111"
},{
  "dateTime" : "01/24/24 20:09:00",
  "value" : "83"
},{
  "dateTime" : "01/24/24 20:10:00",
  "value" : "95"
},{
  "dateTime" : "01/24/24 20:11:00",
  "value" : "0"
},{
  "dateTime" : "01/24/24 20:12:00",
  "value" : "0"
},{
  "dateTime" : "01/24/24 20:13:00",
  "value" : "0"
},{
  "dateTime" : "01/24/24 20:14:00",
  "value" : "0"
},{
  "dateTime" : "01/24/24 20:15:00",
  "value" : "0"
},{
  "dateTime" : "01/24/24 20:16:00",
  "value" : "0"
},{
  "dateTime" : "01/24/24 20:17:00",
  "value" : "0"
},{
  "dateTime" : "01/24/24 20:18:00",
  "value" : "0"
},{
  "dateTime" : "01/24/24 20:19:00",
  "value" : "65"
},{
  "dateTime" : "01/24/24 20:20:00",
  "value" : "63"
},{
  "dateTime" : "01/24/24 20:21:00",
  "value" : "10"
},{
  "dateTime" : "01/24/24 20:22:00",
  "value" : "0"
},{
  "dateTime" : "01/24/24 20:23:00",
  "value" : "0"
},{
  "dateTime" : "01/24/24 20:24:00",
  "value" : "0"
},{
  "dateTime" : "01/24/24 20:25:00",
  "value" : "0"
},{
  "dateTime" : "01/24/24 20:26:00",
  "value" : "0"
},{
  "dateTime" : "01/24/24 20:27:00",
  "value" : "0"
},{
  "dateTime" : "01/24/24 20:28:00",
  "value" : "0"
},{
  "dateTime" : "01/24/24 20:29:00",
  "value" : "0"
},{
  "dateTime" : "01/24/24 20:30:00",
  "value" : "0"
},{
  "dateTime" : "01/24/24 20:31:00",
  "value" : "12"
},{
  "dateTime" : "01/24/24 20:32:00",
  "value" : "8"
},{
  "dateTime" : "01/24/24 20:33:00",
  "value" : "30"
},{
  "dateTime" : "01/24/24 20:34:00",
  "value" : "7"
},{
  "dateTime" : "01/24/24 20:35:00",
  "value" : "1"
},{
  "dateTime" : "01/24/24 20:36:00",
  "value" : "21"
},{
  "dateTime" : "01/24/24 20:37:00",
  "value" : "0"
},{
  "dateTime" : "01/24/24 20:38:00",
  "value" : "0"
},{
  "dateTime" : "01/24/24 20:39:00",
  "value" : "0"
},{
  "dateTime" : "01/24/24 20:40:00",
  "value" : "0"
},{
  "dateTime" : "01/24/24 20:41:00",
  "value" : "0"
},{
  "dateTime" : "01/24/24 20:42:00",
  "value" : "0"
},{
  "dateTime" : "01/24/24 20:43:00",
  "value" : "9"
},{
  "dateTime" : "01/24/24 20:44:00",
  "value" : "0"
},{
  "dateTime" : "01/24/24 20:45:00",
  "value" : "0"
},{
  "dateTime" : "01/24/24 20:46:00",
  "value" : "12"
},{
  "dateTime" : "01/24/24 20:47:00",
  "value" : "0"
},{
  "dateTime" : "01/24/24 20:48:00",
  "value" : "0"
},{
  "dateTime" : "01/24/24 20:49:00",
  "value" : "15"
},{
  "dateTime" : "01/24/24 20:50:00",
  "value" : "0"
},{
  "dateTime" : "01/24/24 20:51:00",
  "value" : "7"
},{
  "dateTime" : "01/24/24 20:52:00",
  "value" : "0"
},{
  "dateTime" : "01/24/24 20:53:00",
  "value" : "0"
},{
  "dateTime" : "01/24/24 20:54:00",
  "value" : "34"
},{
  "dateTime" : "01/24/24 20:55:00",
  "value" : "0"
},{
  "dateTime" : "01/24/24 20:56:00",
  "value" : "0"
},{
  "dateTime" : "01/24/24 20:57:00",
  "value" : "10"
},{
  "dateTime" : "01/24/24 20:58:00",
  "value" : "0"
},{
  "dateTime" : "01/24/24 20:59:00",
  "value" : "0"
},{
  "dateTime" : "01/24/24 21:00:00",
  "value" : "0"
},{
  "dateTime" : "01/24/24 21:01:00",
  "value" : "0"
},{
  "dateTime" : "01/24/24 21:02:00",
  "value" : "20"
},{
  "dateTime" : "01/24/24 21:03:00",
  "value" : "22"
},{
  "dateTime" : "01/24/24 21:04:00",
  "value" : "0"
},{
  "dateTime" : "01/24/24 21:05:00",
  "value" : "57"
},{
  "dateTime" : "01/24/24 21:06:00",
  "value" : "0"
},{
  "dateTime" : "01/24/24 21:07:00",
  "value" : "0"
},{
  "dateTime" : "01/24/24 21:08:00",
  "value" : "0"
},{
  "dateTime" : "01/24/24 21:09:00",
  "value" : "0"
},{
  "dateTime" : "01/24/24 21:11:00",
  "value" : "0"
},{
  "dateTime" : "01/24/24 21:12:00",
  "value" : "0"
},{
  "dateTime" : "01/24/24 21:14:00",
  "value" : "0"
},{
  "dateTime" : "01/24/24 21:16:00",
  "value" : "0"
},{
  "dateTime" : "01/24/24 21:17:00",
  "value" : "16"
},{
  "dateTime" : "01/24/24 21:18:00",
  "value" : "19"
},{
  "dateTime" : "01/24/24 21:19:00",
  "value" : "45"
},{
  "dateTime" : "01/24/24 21:20:00",
  "value" : "13"
},{
  "dateTime" : "01/24/24 21:21:00",
  "value" : "10"
},{
  "dateTime" : "01/24/24 21:22:00",
  "value" : "0"
},{
  "dateTime" : "01/24/24 21:23:00",
  "value" : "14"
},{
  "dateTime" : "01/24/24 21:24:00",
  "value" : "20"
},{
  "dateTime" : "01/24/24 21:25:00",
  "value" : "8"
},{
  "dateTime" : "01/24/24 21:26:00",
  "value" : "0"
},{
  "dateTime" : "01/24/24 21:46:00",
  "value" : "26"
},{
  "dateTime" : "01/24/24 21:47:00",
  "value" : "32"
},{
  "dateTime" : "01/24/24 21:48:00",
  "value" : "9"
},{
  "dateTime" : "01/24/24 21:49:00",
  "value" : "20"
},{
  "dateTime" : "01/24/24 21:50:00",
  "value" : "0"
},{
  "dateTime" : "01/24/24 21:51:00",
  "value" : "7"
},{
  "dateTime" : "01/24/24 21:52:00",
  "value" : "4"
},{
  "dateTime" : "01/24/24 21:53:00",
  "value" : "0"
},{
  "dateTime" : "01/24/24 21:54:00",
  "value" : "0"
},{
  "dateTime" : "01/24/24 21:55:00",
  "value" : "16"
},{
  "dateTime" : "01/24/24 21:56:00",
  "value" : "3"
},{
  "dateTime" : "01/24/24 21:57:00",
  "value" : "23"
},{
  "dateTime" : "01/24/24 21:58:00",
  "value" : "32"
},{
  "dateTime" : "01/24/24 21:59:00",
  "value" : "0"
},{
  "dateTime" : "01/24/24 22:00:00",
  "value" : "0"
},{
  "dateTime" : "01/24/24 22:01:00",
  "value" : "10"
},{
  "dateTime" : "01/24/24 22:02:00",
  "value" : "0"
},{
  "dateTime" : "01/24/24 22:03:00",
  "value" : "8"
},{
  "dateTime" : "01/24/24 22:04:00",
  "value" : "0"
},{
  "dateTime" : "01/24/24 22:05:00",
  "value" : "0"
},{
  "dateTime" : "01/24/24 22:06:00",
  "value" : "0"
},{
  "dateTime" : "01/24/24 22:07:00",
  "value" : "0"
},{
  "dateTime" : "01/24/24 22:08:00",
  "value" : "0"
},{
  "dateTime" : "01/24/24 22:09:00",
  "value" : "0"
},{
  "dateTime" : "01/24/24 22:10:00",
  "value" : "0"
},{
  "dateTime" : "01/24/24 22:11:00",
  "value" : "0"
},{
  "dateTime" : "01/24/24 22:12:00",
  "value" : "11"
},{
  "dateTime" : "01/24/24 22:13:00",
  "value" : "0"
},{
  "dateTime" : "01/24/24 22:14:00",
  "value" : "0"
},{
  "dateTime" : "01/24/24 22:15:00",
  "value" : "0"
},{
  "dateTime" : "01/24/24 22:16:00",
  "value" : "0"
},{
  "dateTime" : "01/24/24 22:17:00",
  "value" : "11"
},{
  "dateTime" : "01/24/24 22:18:00",
  "value" : "0"
},{
  "dateTime" : "01/24/24 22:19:00",
  "value" : "0"
},{
  "dateTime" : "01/24/24 22:20:00",
  "value" : "21"
},{
  "dateTime" : "01/24/24 22:21:00",
  "value" : "0"
},{
  "dateTime" : "01/24/24 22:22:00",
  "value" : "8"
},{
  "dateTime" : "01/24/24 22:23:00",
  "value" : "18"
},{
  "dateTime" : "01/24/24 22:27:00",
  "value" : "7"
},{
  "dateTime" : "01/24/24 22:28:00",
  "value" : "0"
},{
  "dateTime" : "01/24/24 22:30:00",
  "value" : "14"
},{
  "dateTime" : "01/24/24 22:31:00",
  "value" : "0"
},{
  "dateTime" : "01/24/24 22:32:00",
  "value" : "0"
},{
  "dateTime" : "01/24/24 22:33:00",
  "value" : "12"
},{
  "dateTime" : "01/24/24 22:34:00",
  "value" : "0"
},{
  "dateTime" : "01/24/24 22:38:00",
  "value" : "0"
},{
  "dateTime" : "01/24/24 22:39:00",
  "value" : "0"
},{
  "dateTime" : "01/24/24 22:43:00",
  "value" : "0"
},{
  "dateTime" : "01/24/24 22:44:00",
  "value" : "0"
},{
  "dateTime" : "01/24/24 22:45:00",
  "value" : "33"
},{
  "dateTime" : "01/24/24 22:46:00",
  "value" : "7"
},{
  "dateTime" : "01/24/24 22:47:00",
  "value" : "0"
},{
  "dateTime" : "01/24/24 22:48:00",
  "value" : "0"
},{
  "dateTime" : "01/24/24 22:49:00",
  "value" : "0"
},{
  "dateTime" : "01/24/24 22:50:00",
  "value" : "0"
},{
  "dateTime" : "01/24/24 22:51:00",
  "value" : "0"
},{
  "dateTime" : "01/24/24 22:52:00",
  "value" : "19"
},{
  "dateTime" : "01/24/24 22:53:00",
  "value" : "0"
},{
  "dateTime" : "01/24/24 22:54:00",
  "value" : "0"
},{
  "dateTime" : "01/24/24 22:55:00",
  "value" : "0"
},{
  "dateTime" : "01/24/24 22:57:00",
  "value" : "0"
},{
  "dateTime" : "01/24/24 23:00:00",
  "value" : "0"
},{
  "dateTime" : "01/24/24 23:01:00",
  "value" : "25"
},{
  "dateTime" : "01/24/24 23:02:00",
  "value" : "0"
},{
  "dateTime" : "01/24/24 23:03:00",
  "value" : "0"
},{
  "dateTime" : "01/24/24 23:04:00",
  "value" : "0"
},{
  "dateTime" : "01/24/24 23:06:00",
  "value" : "0"
},{
  "dateTime" : "01/24/24 23:07:00",
  "value" : "0"
},{
  "dateTime" : "01/24/24 23:08:00",
  "value" : "0"
},{
  "dateTime" : "01/24/24 23:09:00",
  "value" : "0"
},{
  "dateTime" : "01/24/24 23:10:00",
  "value" : "0"
},{
  "dateTime" : "01/24/24 23:12:00",
  "value" : "0"
},{
  "dateTime" : "01/24/24 23:16:00",
  "value" : "0"
},{
  "dateTime" : "01/24/24 23:20:00",
  "value" : "14"
},{
  "dateTime" : "01/24/24 23:21:00",
  "value" : "0"
},{
  "dateTime" : "01/24/24 23:22:00",
  "value" : "7"
},{
  "dateTime" : "01/24/24 23:23:00",
  "value" : "5"
},{
  "dateTime" : "01/24/24 23:24:00",
  "value" : "0"
},{
  "dateTime" : "01/24/24 23:25:00",
  "value" : "0"
},{
  "dateTime" : "01/24/24 23:26:00",
  "value" : "0"
},{
  "dateTime" : "01/24/24 23:30:00",
  "value" : "0"
},{
  "dateTime" : "01/24/24 23:34:00",
  "value" : "8"
},{
  "dateTime" : "01/24/24 23:35:00",
  "value" : "5"
},{
  "dateTime" : "01/24/24 23:36:00",
  "value" : "0"
},{
  "dateTime" : "01/24/24 23:37:00",
  "value" : "11"
},{
  "dateTime" : "01/24/24 23:41:00",
  "value" : "0"
},{
  "dateTime" : "01/24/24 23:43:00",
  "value" : "13"
},{
  "dateTime" : "01/24/24 23:44:00",
  "value" : "18"
},{
  "dateTime" : "01/24/24 23:45:00",
  "value" : "0"
},{
  "dateTime" : "01/24/24 23:46:00",
  "value" : "20"
},{
  "dateTime" : "01/24/24 23:47:00",
  "value" : "3"
},{
  "dateTime" : "01/24/24 23:48:00",
  "value" : "0"
},{
  "dateTime" : "01/24/24 23:49:00",
  "value" : "0"
},{
  "dateTime" : "01/24/24 23:50:00",
  "value" : "0"
},{
  "dateTime" : "01/24/24 23:51:00",
  "value" : "7"
},{
  "dateTime" : "01/24/24 23:52:00",
  "value" : "0"
},{
  "dateTime" : "01/24/24 23:53:00",
  "value" : "22"
},{
  "dateTime" : "01/24/24 23:54:00",
  "value" : "18"
},{
  "dateTime" : "01/24/24 23:55:00",
  "value" : "0"
},{
  "dateTime" : "01/24/24 23:56:00",
  "value" : "17"
},{
  "dateTime" : "01/24/24 23:57:00",
  "value" : "2"
},{
  "dateTime" : "01/24/24 23:59:00",
  "value" : "15"
},{
  "dateTime" : "01/25/24 00:00:00",
  "value" : "17"
},{
  "dateTime" : "01/25/24 00:01:00",
  "value" : "26"
},{
  "dateTime" : "01/25/24 00:02:00",
  "value" : "0"
},{
  "dateTime" : "01/25/24 00:05:00",
  "value" : "0"
},{
  "dateTime" : "01/25/24 00:07:00",
  "value" : "0"
},{
  "dateTime" : "01/25/24 00:09:00",
  "value" : "14"
},{
  "dateTime" : "01/25/24 00:16:00",
  "value" : "0"
},{
  "dateTime" : "01/25/24 00:18:00",
  "value" : "0"
},{
  "dateTime" : "01/25/24 00:45:00",
  "value" : "6"
},{
  "dateTime" : "01/25/24 00:46:00",
  "value" : "7"
},{
  "dateTime" : "01/25/24 00:47:00",
  "value" : "0"
},{
  "dateTime" : "01/25/24 00:54:00",
  "value" : "7"
},{
  "dateTime" : "01/25/24 00:55:00",
  "value" : "71"
},{
  "dateTime" : "01/25/24 00:56:00",
  "value" : "37"
},{
  "dateTime" : "01/25/24 00:57:00",
  "value" : "32"
},{
  "dateTime" : "01/25/24 00:58:00",
  "value" : "13"
},{
  "dateTime" : "01/25/24 00:59:00",
  "value" : "20"
},{
  "dateTime" : "01/25/24 01:00:00",
  "value" : "2"
},{
  "dateTime" : "01/25/24 01:01:00",
  "value" : "0"
},{
  "dateTime" : "01/25/24 01:02:00",
  "value" : "0"
},{
  "dateTime" : "01/25/24 01:03:00",
  "value" : "4"
},{
  "dateTime" : "01/25/24 01:04:00",
  "value" : "0"
},{
  "dateTime" : "01/25/24 01:05:00",
  "value" : "0"
},{
  "dateTime" : "01/25/24 01:06:00",
  "value" : "6"
},{
  "dateTime" : "01/25/24 01:08:00",
  "value" : "0"
},{
  "dateTime" : "01/25/24 01:09:00",
  "value" : "0"
},{
  "dateTime" : "01/25/24 01:10:00",
  "value" : "21"
},{
  "dateTime" : "01/25/24 01:11:00",
  "value" : "0"
},{
  "dateTime" : "01/25/24 01:12:00",
  "value" : "0"
},{
  "dateTime" : "01/25/24 01:13:00",
  "value" : "0"
},{
  "dateTime" : "01/25/24 01:14:00",
  "value" : "0"
},{
  "dateTime" : "01/25/24 01:15:00",
  "value" : "0"
},{
  "dateTime" : "01/25/24 01:16:00",
  "value" : "43"
},{
  "dateTime" : "01/25/24 01:17:00",
  "value" : "23"
},{
  "dateTime" : "01/25/24 01:18:00",
  "value" : "29"
},{
  "dateTime" : "01/25/24 01:19:00",
  "value" : "0"
},{
  "dateTime" : "01/25/24 01:20:00",
  "value" : "25"
},{
  "dateTime" : "01/25/24 01:21:00",
  "value" : "8"
},{
  "dateTime" : "01/25/24 01:22:00",
  "value" : "0"
},{
  "dateTime" : "01/25/24 01:23:00",
  "value" : "0"
},{
  "dateTime" : "01/25/24 01:24:00",
  "value" : "0"
},{
  "dateTime" : "01/25/24 01:25:00",
  "value" : "0"
},{
  "dateTime" : "01/25/24 01:29:00",
  "value" : "0"
},{
  "dateTime" : "01/25/24 01:31:00",
  "value" : "0"
},{
  "dateTime" : "01/25/24 01:32:00",
  "value" : "18"
},{
  "dateTime" : "01/25/24 01:33:00",
  "value" : "51"
},{
  "dateTime" : "01/25/24 01:34:00",
  "value" : "42"
},{
  "dateTime" : "01/25/24 01:35:00",
  "value" : "20"
},{
  "dateTime" : "01/25/24 01:36:00",
  "value" : "8"
},{
  "dateTime" : "01/25/24 01:37:00",
  "value" : "50"
},{
  "dateTime" : "01/25/24 01:38:00",
  "value" : "67"
},{
  "dateTime" : "01/25/24 01:39:00",
  "value" : "39"
},{
  "dateTime" : "01/25/24 01:40:00",
  "value" : "0"
},{
  "dateTime" : "01/25/24 01:41:00",
  "value" : "62"
},{
  "dateTime" : "01/25/24 01:42:00",
  "value" : "25"
},{
  "dateTime" : "01/25/24 01:43:00",
  "value" : "9"
},{
  "dateTime" : "01/25/24 01:46:00",
  "value" : "0"
},{
  "dateTime" : "01/25/24 01:47:00",
  "value" : "0"
},{
  "dateTime" : "01/25/24 01:51:00",
  "value" : "0"
},{
  "dateTime" : "01/25/24 01:52:00",
  "value" : "13"
},{
  "dateTime" : "01/25/24 01:53:00",
  "value" : "0"
},{
  "dateTime" : "01/25/24 01:54:00",
  "value" : "19"
},{
  "dateTime" : "01/25/24 01:55:00",
  "value" : "9"
},{
  "dateTime" : "01/25/24 01:56:00",
  "value" : "24"
},{
  "dateTime" : "01/25/24 01:57:00",
  "value" : "17"
},{
  "dateTime" : "01/25/24 01:58:00",
  "value" : "19"
},{
  "dateTime" : "01/25/24 01:59:00",
  "value" : "0"
},{
  "dateTime" : "01/25/24 02:00:00",
  "value" : "6"
},{
  "dateTime" : "01/25/24 02:01:00",
  "value" : "0"
},{
  "dateTime" : "01/25/24 02:02:00",
  "value" : "0"
},{
  "dateTime" : "01/25/24 02:03:00",
  "value" : "0"
},{
  "dateTime" : "01/25/24 02:05:00",
  "value" : "0"
},{
  "dateTime" : "01/25/24 02:06:00",
  "value" : "0"
},{
  "dateTime" : "01/25/24 02:07:00",
  "value" : "0"
},{
  "dateTime" : "01/25/24 02:08:00",
  "value" : "0"
},{
  "dateTime" : "01/25/24 02:09:00",
  "value" : "0"
},{
  "dateTime" : "01/25/24 02:10:00",
  "value" : "0"
},{
  "dateTime" : "01/25/24 02:11:00",
  "value" : "8"
},{
  "dateTime" : "01/25/24 02:12:00",
  "value" : "15"
},{
  "dateTime" : "01/25/24 02:13:00",
  "value" : "29"
},{
  "dateTime" : "01/25/24 02:14:00",
  "value" : "0"
},{
  "dateTime" : "01/25/24 02:16:00",
  "value" : "16"
},{
  "dateTime" : "01/25/24 02:17:00",
  "value" : "13"
},{
  "dateTime" : "01/25/24 02:18:00",
  "value" : "0"
},{
  "dateTime" : "01/25/24 02:19:00",
  "value" : "6"
},{
  "dateTime" : "01/25/24 02:20:00",
  "value" : "14"
},{
  "dateTime" : "01/25/24 02:21:00",
  "value" : "1"
},{
  "dateTime" : "01/25/24 02:22:00",
  "value" : "12"
},{
  "dateTime" : "01/25/24 02:23:00",
  "value" : "0"
},{
  "dateTime" : "01/25/24 02:24:00",
  "value" : "0"
},{
  "dateTime" : "01/25/24 02:25:00",
  "value" : "0"
},{
  "dateTime" : "01/25/24 02:27:00",
  "value" : "0"
},{
  "dateTime" : "01/25/24 02:28:00",
  "value" : "0"
},{
  "dateTime" : "01/25/24 02:30:00",
  "value" : "9"
},{
  "dateTime" : "01/25/24 02:31:00",
  "value" : "0"
},{
  "dateTime" : "01/25/24 02:32:00",
  "value" : "0"
},{
  "dateTime" : "01/25/24 02:33:00",
  "value" : "5"
},{
  "dateTime" : "01/25/24 02:35:00",
  "value" : "0"
},{
  "dateTime" : "01/25/24 02:41:00",
  "value" : "0"
},{
  "dateTime" : "01/25/24 02:43:00",
  "value" : "0"
},{
  "dateTime" : "01/25/24 02:44:00",
  "value" : "0"
},{
  "dateTime" : "01/25/24 02:45:00",
  "value" : "0"
},{
  "dateTime" : "01/25/24 02:46:00",
  "value" : "0"
},{
  "dateTime" : "01/25/24 02:47:00",
  "value" : "0"
},{
  "dateTime" : "01/25/24 02:48:00",
  "value" : "8"
},{
  "dateTime" : "01/25/24 02:49:00",
  "value" : "7"
},{
  "dateTime" : "01/25/24 02:50:00",
  "value" : "0"
},{
  "dateTime" : "01/25/24 02:51:00",
  "value" : "0"
},{
  "dateTime" : "01/25/24 02:52:00",
  "value" : "0"
},{
  "dateTime" : "01/25/24 02:55:00",
  "value" : "0"
},{
  "dateTime" : "01/25/24 02:56:00",
  "value" : "0"
},{
  "dateTime" : "01/25/24 02:57:00",
  "value" : "8"
},{
  "dateTime" : "01/25/24 02:58:00",
  "value" : "0"
},{
  "dateTime" : "01/25/24 02:59:00",
  "value" : "0"
},{
  "dateTime" : "01/25/24 03:00:00",
  "value" : "15"
},{
  "dateTime" : "01/25/24 03:01:00",
  "value" : "0"
},{
  "dateTime" : "01/25/24 03:02:00",
  "value" : "0"
},{
  "dateTime" : "01/25/24 03:04:00",
  "value" : "0"
},{
  "dateTime" : "01/25/24 03:05:00",
  "value" : "0"
},{
  "dateTime" : "01/25/24 03:06:00",
  "value" : "0"
},{
  "dateTime" : "01/25/24 03:07:00",
  "value" : "0"
},{
  "dateTime" : "01/25/24 03:09:00",
  "value" : "0"
},{
  "dateTime" : "01/25/24 03:10:00",
  "value" : "14"
},{
  "dateTime" : "01/25/24 03:11:00",
  "value" : "17"
},{
  "dateTime" : "01/25/24 03:12:00",
  "value" : "0"
},{
  "dateTime" : "01/25/24 03:13:00",
  "value" : "0"
},{
  "dateTime" : "01/25/24 03:15:00",
  "value" : "31"
},{
  "dateTime" : "01/25/24 03:16:00",
  "value" : "0"
},{
  "dateTime" : "01/25/24 03:17:00",
  "value" : "0"
},{
  "dateTime" : "01/25/24 03:18:00",
  "value" : "18"
},{
  "dateTime" : "01/25/24 03:19:00",
  "value" : "29"
},{
  "dateTime" : "01/25/24 03:20:00",
  "value" : "23"
},{
  "dateTime" : "01/25/24 03:21:00",
  "value" : "0"
},{
  "dateTime" : "01/25/24 03:22:00",
  "value" : "0"
},{
  "dateTime" : "01/25/24 03:23:00",
  "value" : "14"
},{
  "dateTime" : "01/25/24 03:24:00",
  "value" : "24"
},{
  "dateTime" : "01/25/24 03:25:00",
  "value" : "6"
},{
  "dateTime" : "01/25/24 03:26:00",
  "value" : "0"
},{
  "dateTime" : "01/25/24 03:27:00",
  "value" : "0"
},{
  "dateTime" : "01/25/24 03:29:00",
  "value" : "13"
},{
  "dateTime" : "01/25/24 03:30:00",
  "value" : "19"
},{
  "dateTime" : "01/25/24 03:31:00",
  "value" : "26"
},{
  "dateTime" : "01/25/24 03:32:00",
  "value" : "0"
},{
  "dateTime" : "01/25/24 03:33:00",
  "value" : "0"
},{
  "dateTime" : "01/25/24 03:34:00",
  "value" : "44"
},{
  "dateTime" : "01/25/24 03:35:00",
  "value" : "0"
},{
  "dateTime" : "01/25/24 03:36:00",
  "value" : "0"
},{
  "dateTime" : "01/25/24 03:37:00",
  "value" : "0"
},{
  "dateTime" : "01/25/24 03:38:00",
  "value" : "0"
},{
  "dateTime" : "01/25/24 03:39:00",
  "value" : "26"
},{
  "dateTime" : "01/25/24 03:40:00",
  "value" : "0"
},{
  "dateTime" : "01/25/24 03:41:00",
  "value" : "0"
},{
  "dateTime" : "01/25/24 03:42:00",
  "value" : "0"
},{
  "dateTime" : "01/25/24 03:43:00",
  "value" : "7"
},{
  "dateTime" : "01/25/24 03:44:00",
  "value" : "7"
},{
  "dateTime" : "01/25/24 03:45:00",
  "value" : "0"
},{
  "dateTime" : "01/25/24 03:46:00",
  "value" : "8"
},{
  "dateTime" : "01/25/24 03:47:00",
  "value" : "0"
},{
  "dateTime" : "01/25/24 03:48:00",
  "value" : "13"
},{
  "dateTime" : "01/25/24 03:49:00",
  "value" : "0"
},{
  "dateTime" : "01/25/24 03:50:00",
  "value" : "17"
},{
  "dateTime" : "01/25/24 03:51:00",
  "value" : "0"
},{
  "dateTime" : "01/25/24 03:53:00",
  "value" : "0"
},{
  "dateTime" : "01/25/24 03:56:00",
  "value" : "7"
},{
  "dateTime" : "01/25/24 03:57:00",
  "value" : "0"
},{
  "dateTime" : "01/25/24 03:58:00",
  "value" : "29"
},{
  "dateTime" : "01/25/24 03:59:00",
  "value" : "2"
},{
  "dateTime" : "01/25/24 04:00:00",
  "value" : "9"
},{
  "dateTime" : "01/25/24 04:01:00",
  "value" : "41"
},{
  "dateTime" : "01/25/24 04:02:00",
  "value" : "0"
},{
  "dateTime" : "01/25/24 04:03:00",
  "value" : "11"
},{
  "dateTime" : "01/25/24 04:04:00",
  "value" : "0"
},{
  "dateTime" : "01/25/24 04:05:00",
  "value" : "29"
},{
  "dateTime" : "01/25/24 04:06:00",
  "value" : "0"
},{
  "dateTime" : "01/25/24 04:07:00",
  "value" : "0"
},{
  "dateTime" : "01/25/24 04:08:00",
  "value" : "16"
},{
  "dateTime" : "01/25/24 04:09:00",
  "value" : "5"
},{
  "dateTime" : "01/25/24 04:10:00",
  "value" : "12"
},{
  "dateTime" : "01/25/24 04:11:00",
  "value" : "6"
},{
  "dateTime" : "01/25/24 04:12:00",
  "value" : "16"
},{
  "dateTime" : "01/25/24 04:13:00",
  "value" : "16"
},{
  "dateTime" : "01/25/24 04:14:00",
  "value" : "10"
},{
  "dateTime" : "01/25/24 04:15:00",
  "value" : "28"
},{
  "dateTime" : "01/25/24 04:16:00",
  "value" : "5"
},{
  "dateTime" : "01/25/24 04:17:00",
  "value" : "8"
},{
  "dateTime" : "01/25/24 04:18:00",
  "value" : "0"
},{
  "dateTime" : "01/25/24 04:19:00",
  "value" : "0"
},{
  "dateTime" : "01/25/24 04:20:00",
  "value" : "23"
},{
  "dateTime" : "01/25/24 04:21:00",
  "value" : "61"
},{
  "dateTime" : "01/25/24 04:22:00",
  "value" : "42"
},{
  "dateTime" : "01/25/24 04:23:00",
  "value" : "69"
},{
  "dateTime" : "01/25/24 04:24:00",
  "value" : "17"
},{
  "dateTime" : "01/25/24 04:25:00",
  "value" : "0"
},{
  "dateTime" : "01/25/24 04:26:00",
  "value" : "8"
},{
  "dateTime" : "01/25/24 04:27:00",
  "value" : "0"
},{
  "dateTime" : "01/25/24 04:28:00",
  "value" : "7"
},{
  "dateTime" : "01/25/24 04:29:00",
  "value" : "0"
},{
  "dateTime" : "01/25/24 04:30:00",
  "value" : "0"
},{
  "dateTime" : "01/25/24 04:31:00",
  "value" : "4"
},{
  "dateTime" : "01/25/24 04:32:00",
  "value" : "0"
},{
  "dateTime" : "01/25/24 04:33:00",
  "value" : "0"
},{
  "dateTime" : "01/25/24 04:34:00",
  "value" : "0"
},{
  "dateTime" : "01/25/24 04:36:00",
  "value" : "0"
},{
  "dateTime" : "01/25/24 04:39:00",
  "value" : "0"
},{
  "dateTime" : "01/25/24 04:40:00",
  "value" : "0"
},{
  "dateTime" : "01/25/24 04:41:00",
  "value" : "0"
},{
  "dateTime" : "01/25/24 04:42:00",
  "value" : "47"
},{
  "dateTime" : "01/25/24 04:43:00",
  "value" : "0"
},{
  "dateTime" : "01/25/24 04:44:00",
  "value" : "35"
},{
  "dateTime" : "01/25/24 04:45:00",
  "value" : "33"
},{
  "dateTime" : "01/25/24 04:46:00",
  "value" : "5"
},{
  "dateTime" : "01/25/24 04:47:00",
  "value" : "10"
},{
  "dateTime" : "01/25/24 04:48:00",
  "value" : "46"
},{
  "dateTime" : "01/25/24 04:49:00",
  "value" : "64"
},{
  "dateTime" : "01/25/24 04:50:00",
  "value" : "27"
},{
  "dateTime" : "01/25/24 04:51:00",
  "value" : "18"
},{
  "dateTime" : "01/25/24 04:52:00",
  "value" : "15"
},{
  "dateTime" : "01/25/24 04:53:00",
  "value" : "19"
},{
  "dateTime" : "01/25/24 04:54:00",
  "value" : "22"
},{
  "dateTime" : "01/25/24 04:55:00",
  "value" : "34"
},{
  "dateTime" : "01/25/24 04:56:00",
  "value" : "7"
},{
  "dateTime" : "01/25/24 04:57:00",
  "value" : "0"
},{
  "dateTime" : "01/25/24 04:58:00",
  "value" : "10"
},{
  "dateTime" : "01/25/24 04:59:00",
  "value" : "0"
},{
  "dateTime" : "01/25/24 05:00:00",
  "value" : "0"
},{
  "dateTime" : "01/25/24 05:01:00",
  "value" : "7"
},{
  "dateTime" : "01/25/24 05:03:00",
  "value" : "7"
},{
  "dateTime" : "01/25/24 05:04:00",
  "value" : "4"
},{
  "dateTime" : "01/25/24 05:05:00",
  "value" : "15"
},{
  "dateTime" : "01/25/24 05:06:00",
  "value" : "6"
},{
  "dateTime" : "01/25/24 05:07:00",
  "value" : "12"
},{
  "dateTime" : "01/25/24 05:08:00",
  "value" : "30"
},{
  "dateTime" : "01/25/24 05:09:00",
  "value" : "7"
},{
  "dateTime" : "01/25/24 05:10:00",
  "value" : "0"
},{
  "dateTime" : "01/25/24 05:11:00",
  "value" : "0"
},{
  "dateTime" : "01/25/24 05:12:00",
  "value" : "0"
},{
  "dateTime" : "01/25/24 05:13:00",
  "value" : "0"
},{
  "dateTime" : "01/25/24 05:14:00",
  "value" : "0"
},{
  "dateTime" : "01/25/24 05:15:00",
  "value" : "0"
},{
  "dateTime" : "01/25/24 05:17:00",
  "value" : "0"
},{
  "dateTime" : "01/25/24 05:19:00",
  "value" : "0"
},{
  "dateTime" : "01/25/24 05:20:00",
  "value" : "0"
},{
  "dateTime" : "01/25/24 05:21:00",
  "value" : "0"
},{
  "dateTime" : "01/25/24 05:22:00",
  "value" : "0"
},{
  "dateTime" : "01/25/24 05:23:00",
  "value" : "0"
},{
  "dateTime" : "01/25/24 05:24:00",
  "value" : "0"
},{
  "dateTime" : "01/25/24 05:25:00",
  "value" : "0"
},{
  "dateTime" : "01/25/24 05:26:00",
  "value" : "0"
},{
  "dateTime" : "01/25/24 05:27:00",
  "value" : "0"
},{
  "dateTime" : "01/25/24 05:29:00",
  "value" : "0"
},{
  "dateTime" : "01/25/24 05:30:00",
  "value" : "0"
},{
  "dateTime" : "01/25/24 05:31:00",
  "value" : "0"
},{
  "dateTime" : "01/25/24 05:33:00",
  "value" : "0"
},{
  "dateTime" : "01/25/24 05:34:00",
  "value" : "0"
},{
  "dateTime" : "01/25/24 05:35:00",
  "value" : "0"
},{
  "dateTime" : "01/25/24 05:38:00",
  "value" : "0"
},{
  "dateTime" : "01/25/24 05:39:00",
  "value" : "10"
},{
  "dateTime" : "01/25/24 05:40:00",
  "value" : "0"
},{
  "dateTime" : "01/25/24 05:41:00",
  "value" : "10"
},{
  "dateTime" : "01/25/24 05:42:00",
  "value" : "19"
},{
  "dateTime" : "01/25/24 05:43:00",
  "value" : "7"
},{
  "dateTime" : "01/25/24 05:44:00",
  "value" : "0"
},{
  "dateTime" : "01/25/24 05:45:00",
  "value" : "0"
},{
  "dateTime" : "01/25/24 05:46:00",
  "value" : "20"
},{
  "dateTime" : "01/25/24 05:47:00",
  "value" : "32"
},{
  "dateTime" : "01/25/24 05:48:00",
  "value" : "14"
},{
  "dateTime" : "01/25/24 05:49:00",
  "value" : "4"
},{
  "dateTime" : "01/25/24 05:50:00",
  "value" : "8"
},{
  "dateTime" : "01/25/24 05:51:00",
  "value" : "12"
},{
  "dateTime" : "01/25/24 05:52:00",
  "value" : "16"
}]