[{
  "dateTime" : "12/22/23 18:54:47",
  "value" : {
    "lapDurationSec" : 13,
    "strokeCount" : 5,
    "swimStrokeType" : "UNKNOWN",
    "swimAlgorithmType" : "EUCLID"
  }
},{
  "dateTime" : "12/22/23 18:55:09",
  "value" : {
    "lapDurationSec" : 22,
    "strokeCount" : 5,
    "swimStrokeType" : "UNKNOWN",
    "swimAlgorithmType" : "EUCLID"
  }
},{
  "dateTime" : "12/22/23 18:59:36",
  "value" : {
    "lapDurationSec" : 21,
    "strokeCount" : 6,
    "swimStrokeType" : "UNKNOWN",
    "swimAlgorithmType" : "EUCLID"
  }
},{
  "dateTime" : "12/22/23 19:16:42",
  "value" : {
    "lapDurationSec" : 16,
    "strokeCount" : 5,
    "swimStrokeType" : "UNKNOWN",
    "swimAlgorithmType" : "EUCLID"
  }
},{
  "dateTime" : "12/22/23 19:27:34",
  "value" : {
    "lapDurationSec" : 33,
    "strokeCount" : 12,
    "swimStrokeType" : "UNKNOWN",
    "swimAlgorithmType" : "EUCLID"
  }
},{
  "dateTime" : "12/22/23 19:28:17",
  "value" : {
    "lapDurationSec" : 26,
    "strokeCount" : 11,
    "swimStrokeType" : "UNKNOWN",
    "swimAlgorithmType" : "EUCLID"
  }
},{
  "dateTime" : "12/22/23 19:31:12",
  "value" : {
    "lapDurationSec" : 20,
    "strokeCount" : 9,
    "swimStrokeType" : "UNKNOWN",
    "swimAlgorithmType" : "EUCLID"
  }
},{
  "dateTime" : "12/22/23 19:33:16",
  "value" : {
    "lapDurationSec" : 26,
    "strokeCount" : 12,
    "swimStrokeType" : "UNKNOWN",
    "swimAlgorithmType" : "EUCLID"
  }
},{
  "dateTime" : "12/22/23 19:34:26",
  "value" : {
    "lapDurationSec" : 33,
    "strokeCount" : 14,
    "swimStrokeType" : "UNKNOWN",
    "swimAlgorithmType" : "EUCLID"
  }
},{
  "dateTime" : "12/22/23 19:46:17",
  "value" : {
    "lapDurationSec" : 14,
    "strokeCount" : 6,
    "swimStrokeType" : "UNKNOWN",
    "swimAlgorithmType" : "EUCLID"
  }
},{
  "dateTime" : "12/22/23 19:50:59",
  "value" : {
    "lapDurationSec" : 11,
    "strokeCount" : 5,
    "swimStrokeType" : "UNKNOWN",
    "swimAlgorithmType" : "EUCLID"
  }
},{
  "dateTime" : "12/22/23 19:57:34",
  "value" : {
    "lapDurationSec" : 11,
    "strokeCount" : 7,
    "swimStrokeType" : "UNKNOWN",
    "swimAlgorithmType" : "EUCLID"
  }
},{
  "dateTime" : "12/22/23 19:57:50",
  "value" : {
    "lapDurationSec" : 56,
    "strokeCount" : 20,
    "swimStrokeType" : "UNKNOWN",
    "swimAlgorithmType" : "EUCLID"
  }
},{
  "dateTime" : "12/22/23 19:59:36",
  "value" : {
    "lapDurationSec" : 32,
    "strokeCount" : 12,
    "swimStrokeType" : "UNKNOWN",
    "swimAlgorithmType" : "EUCLID"
  }
},{
  "dateTime" : "12/22/23 20:00:14",
  "value" : {
    "lapDurationSec" : 23,
    "strokeCount" : 14,
    "swimStrokeType" : "UNKNOWN",
    "swimAlgorithmType" : "EUCLID"
  }
},{
  "dateTime" : "12/22/23 20:01:05",
  "value" : {
    "lapDurationSec" : 28,
    "strokeCount" : 14,
    "swimStrokeType" : "UNKNOWN",
    "swimAlgorithmType" : "EUCLID"
  }
},{
  "dateTime" : "12/22/23 20:55:59",
  "value" : {
    "lapDurationSec" : 24,
    "strokeCount" : 8,
    "swimStrokeType" : "UNKNOWN",
    "swimAlgorithmType" : "EUCLID"
  }
},{
  "dateTime" : "12/22/23 20:59:24",
  "value" : {
    "lapDurationSec" : 29,
    "strokeCount" : 7,
    "swimStrokeType" : "UNKNOWN",
    "swimAlgorithmType" : "EUCLID"
  }
},{
  "dateTime" : "12/22/23 21:15:13",
  "value" : {
    "lapDurationSec" : 14,
    "strokeCount" : 5,
    "swimStrokeType" : "UNKNOWN",
    "swimAlgorithmType" : "EUCLID"
  }
},{
  "dateTime" : "12/22/23 21:16:29",
  "value" : {
    "lapDurationSec" : 15,
    "strokeCount" : 6,
    "swimStrokeType" : "UNKNOWN",
    "swimAlgorithmType" : "EUCLID"
  }
},{
  "dateTime" : "12/22/23 21:52:43",
  "value" : {
    "lapDurationSec" : 12,
    "strokeCount" : 8,
    "swimStrokeType" : "UNKNOWN",
    "swimAlgorithmType" : "EUCLID"
  }
},{
  "dateTime" : "12/22/23 21:58:19",
  "value" : {
    "lapDurationSec" : 19,
    "strokeCount" : 7,
    "swimStrokeType" : "UNKNOWN",
    "swimAlgorithmType" : "EUCLID"
  }
},{
  "dateTime" : "12/22/23 22:13:31",
  "value" : {
    "lapDurationSec" : 17,
    "strokeCount" : 5,
    "swimStrokeType" : "UNKNOWN",
    "swimAlgorithmType" : "EUCLID"
  }
},{
  "dateTime" : "12/22/23 22:16:04",
  "value" : {
    "lapDurationSec" : 30,
    "strokeCount" : 6,
    "swimStrokeType" : "UNKNOWN",
    "swimAlgorithmType" : "EUCLID"
  }
},{
  "dateTime" : "12/22/23 22:16:51",
  "value" : {
    "lapDurationSec" : 31,
    "strokeCount" : 7,
    "swimStrokeType" : "UNKNOWN",
    "swimAlgorithmType" : "EUCLID"
  }
},{
  "dateTime" : "12/22/23 22:18:47",
  "value" : {
    "lapDurationSec" : 27,
    "strokeCount" : 10,
    "swimStrokeType" : "UNKNOWN",
    "swimAlgorithmType" : "EUCLID"
  }
},{
  "dateTime" : "12/22/23 22:49:57",
  "value" : {
    "lapDurationSec" : 27,
    "strokeCount" : 7,
    "swimStrokeType" : "UNKNOWN",
    "swimAlgorithmType" : "EUCLID"
  }
},{
  "dateTime" : "12/22/23 22:55:27",
  "value" : {
    "lapDurationSec" : 19,
    "strokeCount" : 5,
    "swimStrokeType" : "UNKNOWN",
    "swimAlgorithmType" : "EUCLID"
  }
},{
  "dateTime" : "12/22/23 23:01:14",
  "value" : {
    "lapDurationSec" : 30,
    "strokeCount" : 5,
    "swimStrokeType" : "UNKNOWN",
    "swimAlgorithmType" : "EUCLID"
  }
},{
  "dateTime" : "12/22/23 23:01:52",
  "value" : {
    "lapDurationSec" : 13,
    "strokeCount" : 5,
    "swimStrokeType" : "UNKNOWN",
    "swimAlgorithmType" : "EUCLID"
  }
},{
  "dateTime" : "12/22/23 23:36:48",
  "value" : {
    "lapDurationSec" : 19,
    "strokeCount" : 5,
    "swimStrokeType" : "UNKNOWN",
    "swimAlgorithmType" : "EUCLID"
  }
},{
  "dateTime" : "12/22/23 23:38:31",
  "value" : {
    "lapDurationSec" : 37,
    "strokeCount" : 7,
    "swimStrokeType" : "UNKNOWN",
    "swimAlgorithmType" : "EUCLID"
  }
},{
  "dateTime" : "12/22/23 23:39:51",
  "value" : {
    "lapDurationSec" : 28,
    "strokeCount" : 5,
    "swimStrokeType" : "UNKNOWN",
    "swimAlgorithmType" : "EUCLID"
  }
},{
  "dateTime" : "12/22/23 23:41:50",
  "value" : {
    "lapDurationSec" : 42,
    "strokeCount" : 8,
    "swimStrokeType" : "UNKNOWN",
    "swimAlgorithmType" : "EUCLID"
  }
},{
  "dateTime" : "12/22/23 23:43:27",
  "value" : {
    "lapDurationSec" : 18,
    "strokeCount" : 5,
    "swimStrokeType" : "UNKNOWN",
    "swimAlgorithmType" : "EUCLID"
  }
},{
  "dateTime" : "12/22/23 23:46:42",
  "value" : {
    "lapDurationSec" : 27,
    "strokeCount" : 7,
    "swimStrokeType" : "UNKNOWN",
    "swimAlgorithmType" : "EUCLID"
  }
},{
  "dateTime" : "12/22/23 23:47:34",
  "value" : {
    "lapDurationSec" : 34,
    "strokeCount" : 9,
    "swimStrokeType" : "UNKNOWN",
    "swimAlgorithmType" : "EUCLID"
  }
},{
  "dateTime" : "12/22/23 23:49:37",
  "value" : {
    "lapDurationSec" : 28,
    "strokeCount" : 7,
    "swimStrokeType" : "UNKNOWN",
    "swimAlgorithmType" : "EUCLID"
  }
},{
  "dateTime" : "12/22/23 23:51:42",
  "value" : {
    "lapDurationSec" : 19,
    "strokeCount" : 5,
    "swimStrokeType" : "UNKNOWN",
    "swimAlgorithmType" : "EUCLID"
  }
},{
  "dateTime" : "12/22/23 23:54:52",
  "value" : {
    "lapDurationSec" : 15,
    "strokeCount" : 5,
    "swimStrokeType" : "UNKNOWN",
    "swimAlgorithmType" : "EUCLID"
  }
},{
  "dateTime" : "12/23/23 03:43:33",
  "value" : {
    "lapDurationSec" : 26,
    "strokeCount" : 10,
    "swimStrokeType" : "UNKNOWN",
    "swimAlgorithmType" : "EUCLID"
  }
},{
  "dateTime" : "12/23/23 05:07:32",
  "value" : {
    "lapDurationSec" : 15,
    "strokeCount" : 5,
    "swimStrokeType" : "UNKNOWN",
    "swimAlgorithmType" : "EUCLID"
  }
},{
  "dateTime" : "12/23/23 05:08:33",
  "value" : {
    "lapDurationSec" : 20,
    "strokeCount" : 6,
    "swimStrokeType" : "UNKNOWN",
    "swimAlgorithmType" : "EUCLID"
  }
},{
  "dateTime" : "12/23/23 05:09:26",
  "value" : {
    "lapDurationSec" : 24,
    "strokeCount" : 9,
    "swimStrokeType" : "UNKNOWN",
    "swimAlgorithmType" : "EUCLID"
  }
},{
  "dateTime" : "12/23/23 05:27:46",
  "value" : {
    "lapDurationSec" : 20,
    "strokeCount" : 5,
    "swimStrokeType" : "UNKNOWN",
    "swimAlgorithmType" : "EUCLID"
  }
},{
  "dateTime" : "12/23/23 16:39:05",
  "value" : {
    "lapDurationSec" : 8,
    "strokeCount" : 5,
    "swimStrokeType" : "UNKNOWN",
    "swimAlgorithmType" : "EUCLID"
  }
},{
  "dateTime" : "12/23/23 17:05:55",
  "value" : {
    "lapDurationSec" : 20,
    "strokeCount" : 5,
    "swimStrokeType" : "UNKNOWN",
    "swimAlgorithmType" : "EUCLID"
  }
},{
  "dateTime" : "12/23/23 17:07:57",
  "value" : {
    "lapDurationSec" : 31,
    "strokeCount" : 8,
    "swimStrokeType" : "UNKNOWN",
    "swimAlgorithmType" : "EUCLID"
  }
},{
  "dateTime" : "12/23/23 17:10:54",
  "value" : {
    "lapDurationSec" : 33,
    "strokeCount" : 6,
    "swimStrokeType" : "UNKNOWN",
    "swimAlgorithmType" : "EUCLID"
  }
},{
  "dateTime" : "12/23/23 17:55:02",
  "value" : {
    "lapDurationSec" : 10,
    "strokeCount" : 6,
    "swimStrokeType" : "UNKNOWN",
    "swimAlgorithmType" : "EUCLID"
  }
},{
  "dateTime" : "12/23/23 17:55:24",
  "value" : {
    "lapDurationSec" : 9,
    "strokeCount" : 5,
    "swimStrokeType" : "UNKNOWN",
    "swimAlgorithmType" : "EUCLID"
  }
},{
  "dateTime" : "12/23/23 17:58:51",
  "value" : {
    "lapDurationSec" : 10,
    "strokeCount" : 5,
    "swimStrokeType" : "UNKNOWN",
    "swimAlgorithmType" : "EUCLID"
  }
},{
  "dateTime" : "12/23/23 19:41:41",
  "value" : {
    "lapDurationSec" : 20,
    "strokeCount" : 9,
    "swimStrokeType" : "UNKNOWN",
    "swimAlgorithmType" : "EUCLID"
  }
},{
  "dateTime" : "12/23/23 19:42:11",
  "value" : {
    "lapDurationSec" : 13,
    "strokeCount" : 5,
    "swimStrokeType" : "UNKNOWN",
    "swimAlgorithmType" : "EUCLID"
  }
},{
  "dateTime" : "12/23/23 22:34:27",
  "value" : {
    "lapDurationSec" : 25,
    "strokeCount" : 11,
    "swimStrokeType" : "UNKNOWN",
    "swimAlgorithmType" : "EUCLID"
  }
},{
  "dateTime" : "12/23/23 22:43:02",
  "value" : {
    "lapDurationSec" : 13,
    "strokeCount" : 5,
    "swimStrokeType" : "UNKNOWN",
    "swimAlgorithmType" : "EUCLID"
  }
},{
  "dateTime" : "12/23/23 22:43:31",
  "value" : {
    "lapDurationSec" : 17,
    "strokeCount" : 7,
    "swimStrokeType" : "UNKNOWN",
    "swimAlgorithmType" : "EUCLID"
  }
},{
  "dateTime" : "12/23/23 22:44:41",
  "value" : {
    "lapDurationSec" : 20,
    "strokeCount" : 5,
    "swimStrokeType" : "UNKNOWN",
    "swimAlgorithmType" : "EUCLID"
  }
},{
  "dateTime" : "12/23/23 22:46:40",
  "value" : {
    "lapDurationSec" : 25,
    "strokeCount" : 5,
    "swimStrokeType" : "UNKNOWN",
    "swimAlgorithmType" : "EUCLID"
  }
},{
  "dateTime" : "12/23/23 22:47:39",
  "value" : {
    "lapDurationSec" : 38,
    "strokeCount" : 6,
    "swimStrokeType" : "UNKNOWN",
    "swimAlgorithmType" : "EUCLID"
  }
},{
  "dateTime" : "12/23/23 22:48:40",
  "value" : {
    "lapDurationSec" : 36,
    "strokeCount" : 6,
    "swimStrokeType" : "UNKNOWN",
    "swimAlgorithmType" : "EUCLID"
  }
},{
  "dateTime" : "12/23/23 22:50:30",
  "value" : {
    "lapDurationSec" : 33,
    "strokeCount" : 5,
    "swimStrokeType" : "UNKNOWN",
    "swimAlgorithmType" : "EUCLID"
  }
},{
  "dateTime" : "12/23/23 22:53:02",
  "value" : {
    "lapDurationSec" : 55,
    "strokeCount" : 10,
    "swimStrokeType" : "UNKNOWN",
    "swimAlgorithmType" : "EUCLID"
  }
},{
  "dateTime" : "12/23/23 22:54:17",
  "value" : {
    "lapDurationSec" : 39,
    "strokeCount" : 8,
    "swimStrokeType" : "UNKNOWN",
    "swimAlgorithmType" : "EUCLID"
  }
},{
  "dateTime" : "12/23/23 22:55:10",
  "value" : {
    "lapDurationSec" : 31,
    "strokeCount" : 10,
    "swimStrokeType" : "UNKNOWN",
    "swimAlgorithmType" : "EUCLID"
  }
},{
  "dateTime" : "12/23/23 23:10:23",
  "value" : {
    "lapDurationSec" : 13,
    "strokeCount" : 5,
    "swimStrokeType" : "UNKNOWN",
    "swimAlgorithmType" : "EUCLID"
  }
},{
  "dateTime" : "12/23/23 23:16:10",
  "value" : {
    "lapDurationSec" : 9,
    "strokeCount" : 5,
    "swimStrokeType" : "UNKNOWN",
    "swimAlgorithmType" : "EUCLID"
  }
},{
  "dateTime" : "12/23/23 23:55:30",
  "value" : {
    "lapDurationSec" : 24,
    "strokeCount" : 7,
    "swimStrokeType" : "UNKNOWN",
    "swimAlgorithmType" : "EUCLID"
  }
},{
  "dateTime" : "12/23/23 23:56:56",
  "value" : {
    "lapDurationSec" : 25,
    "strokeCount" : 5,
    "swimStrokeType" : "UNKNOWN",
    "swimAlgorithmType" : "EUCLID"
  }
},{
  "dateTime" : "12/23/23 23:57:39",
  "value" : {
    "lapDurationSec" : 25,
    "strokeCount" : 5,
    "swimStrokeType" : "UNKNOWN",
    "swimAlgorithmType" : "EUCLID"
  }
},{
  "dateTime" : "12/23/23 23:59:26",
  "value" : {
    "lapDurationSec" : 24,
    "strokeCount" : 6,
    "swimStrokeType" : "UNKNOWN",
    "swimAlgorithmType" : "EUCLID"
  }
},{
  "dateTime" : "12/24/23 00:13:34",
  "value" : {
    "lapDurationSec" : 12,
    "strokeCount" : 7,
    "swimStrokeType" : "UNKNOWN",
    "swimAlgorithmType" : "EUCLID"
  }
},{
  "dateTime" : "12/24/23 00:28:48",
  "value" : {
    "lapDurationSec" : 10,
    "strokeCount" : 5,
    "swimStrokeType" : "UNKNOWN",
    "swimAlgorithmType" : "EUCLID"
  }
},{
  "dateTime" : "12/24/23 00:33:40",
  "value" : {
    "lapDurationSec" : 16,
    "strokeCount" : 5,
    "swimStrokeType" : "UNKNOWN",
    "swimAlgorithmType" : "EUCLID"
  }
},{
  "dateTime" : "12/24/23 01:09:09",
  "value" : {
    "lapDurationSec" : 12,
    "strokeCount" : 5,
    "swimStrokeType" : "UNKNOWN",
    "swimAlgorithmType" : "EUCLID"
  }
},{
  "dateTime" : "12/24/23 01:09:27",
  "value" : {
    "lapDurationSec" : 13,
    "strokeCount" : 5,
    "swimStrokeType" : "UNKNOWN",
    "swimAlgorithmType" : "EUCLID"
  }
},{
  "dateTime" : "12/24/23 01:10:49",
  "value" : {
    "lapDurationSec" : 17,
    "strokeCount" : 5,
    "swimStrokeType" : "UNKNOWN",
    "swimAlgorithmType" : "EUCLID"
  }
},{
  "dateTime" : "12/24/23 01:14:30",
  "value" : {
    "lapDurationSec" : 23,
    "strokeCount" : 6,
    "swimStrokeType" : "UNKNOWN",
    "swimAlgorithmType" : "EUCLID"
  }
},{
  "dateTime" : "12/24/23 01:16:22",
  "value" : {
    "lapDurationSec" : 23,
    "strokeCount" : 5,
    "swimStrokeType" : "UNKNOWN",
    "swimAlgorithmType" : "EUCLID"
  }
},{
  "dateTime" : "12/24/23 01:17:44",
  "value" : {
    "lapDurationSec" : 30,
    "strokeCount" : 8,
    "swimStrokeType" : "UNKNOWN",
    "swimAlgorithmType" : "EUCLID"
  }
},{
  "dateTime" : "12/24/23 01:19:33",
  "value" : {
    "lapDurationSec" : 17,
    "strokeCount" : 5,
    "swimStrokeType" : "UNKNOWN",
    "swimAlgorithmType" : "EUCLID"
  }
},{
  "dateTime" : "12/24/23 01:26:01",
  "value" : {
    "lapDurationSec" : 15,
    "strokeCount" : 5,
    "swimStrokeType" : "UNKNOWN",
    "swimAlgorithmType" : "EUCLID"
  }
},{
  "dateTime" : "12/24/23 01:28:08",
  "value" : {
    "lapDurationSec" : 23,
    "strokeCount" : 7,
    "swimStrokeType" : "UNKNOWN",
    "swimAlgorithmType" : "EUCLID"
  }
},{
  "dateTime" : "12/24/23 01:33:39",
  "value" : {
    "lapDurationSec" : 36,
    "strokeCount" : 10,
    "swimStrokeType" : "UNKNOWN",
    "swimAlgorithmType" : "EUCLID"
  }
},{
  "dateTime" : "12/24/23 02:08:18",
  "value" : {
    "lapDurationSec" : 14,
    "strokeCount" : 5,
    "swimStrokeType" : "UNKNOWN",
    "swimAlgorithmType" : "EUCLID"
  }
},{
  "dateTime" : "12/24/23 02:42:32",
  "value" : {
    "lapDurationSec" : 16,
    "strokeCount" : 6,
    "swimStrokeType" : "UNKNOWN",
    "swimAlgorithmType" : "EUCLID"
  }
},{
  "dateTime" : "12/24/23 02:54:11",
  "value" : {
    "lapDurationSec" : 18,
    "strokeCount" : 6,
    "swimStrokeType" : "UNKNOWN",
    "swimAlgorithmType" : "EUCLID"
  }
},{
  "dateTime" : "12/24/23 03:07:07",
  "value" : {
    "lapDurationSec" : 18,
    "strokeCount" : 6,
    "swimStrokeType" : "UNKNOWN",
    "swimAlgorithmType" : "EUCLID"
  }
},{
  "dateTime" : "12/24/23 03:09:59",
  "value" : {
    "lapDurationSec" : 23,
    "strokeCount" : 6,
    "swimStrokeType" : "UNKNOWN",
    "swimAlgorithmType" : "EUCLID"
  }
},{
  "dateTime" : "12/24/23 03:12:10",
  "value" : {
    "lapDurationSec" : 26,
    "strokeCount" : 6,
    "swimStrokeType" : "UNKNOWN",
    "swimAlgorithmType" : "EUCLID"
  }
},{
  "dateTime" : "12/24/23 03:12:46",
  "value" : {
    "lapDurationSec" : 34,
    "strokeCount" : 8,
    "swimStrokeType" : "UNKNOWN",
    "swimAlgorithmType" : "EUCLID"
  }
},{
  "dateTime" : "12/24/23 03:15:49",
  "value" : {
    "lapDurationSec" : 21,
    "strokeCount" : 6,
    "swimStrokeType" : "UNKNOWN",
    "swimAlgorithmType" : "EUCLID"
  }
},{
  "dateTime" : "12/24/23 03:21:26",
  "value" : {
    "lapDurationSec" : 47,
    "strokeCount" : 7,
    "swimStrokeType" : "UNKNOWN",
    "swimAlgorithmType" : "EUCLID"
  }
},{
  "dateTime" : "12/24/23 03:23:17",
  "value" : {
    "lapDurationSec" : 34,
    "strokeCount" : 8,
    "swimStrokeType" : "UNKNOWN",
    "swimAlgorithmType" : "EUCLID"
  }
},{
  "dateTime" : "12/24/23 03:24:17",
  "value" : {
    "lapDurationSec" : 21,
    "strokeCount" : 6,
    "swimStrokeType" : "UNKNOWN",
    "swimAlgorithmType" : "EUCLID"
  }
},{
  "dateTime" : "12/24/23 03:24:56",
  "value" : {
    "lapDurationSec" : 31,
    "strokeCount" : 7,
    "swimStrokeType" : "UNKNOWN",
    "swimAlgorithmType" : "EUCLID"
  }
},{
  "dateTime" : "12/24/23 03:28:44",
  "value" : {
    "lapDurationSec" : 29,
    "strokeCount" : 7,
    "swimStrokeType" : "UNKNOWN",
    "swimAlgorithmType" : "EUCLID"
  }
},{
  "dateTime" : "12/24/23 03:30:51",
  "value" : {
    "lapDurationSec" : 26,
    "strokeCount" : 5,
    "swimStrokeType" : "UNKNOWN",
    "swimAlgorithmType" : "EUCLID"
  }
},{
  "dateTime" : "12/24/23 03:33:37",
  "value" : {
    "lapDurationSec" : 48,
    "strokeCount" : 6,
    "swimStrokeType" : "UNKNOWN",
    "swimAlgorithmType" : "EUCLID"
  }
},{
  "dateTime" : "12/24/23 03:35:06",
  "value" : {
    "lapDurationSec" : 32,
    "strokeCount" : 5,
    "swimStrokeType" : "UNKNOWN",
    "swimAlgorithmType" : "EUCLID"
  }
},{
  "dateTime" : "12/24/23 03:37:34",
  "value" : {
    "lapDurationSec" : 50,
    "strokeCount" : 8,
    "swimStrokeType" : "UNKNOWN",
    "swimAlgorithmType" : "EUCLID"
  }
},{
  "dateTime" : "12/24/23 03:38:29",
  "value" : {
    "lapDurationSec" : 15,
    "strokeCount" : 5,
    "swimStrokeType" : "UNKNOWN",
    "swimAlgorithmType" : "EUCLID"
  }
},{
  "dateTime" : "12/24/23 03:41:10",
  "value" : {
    "lapDurationSec" : 32,
    "strokeCount" : 7,
    "swimStrokeType" : "UNKNOWN",
    "swimAlgorithmType" : "EUCLID"
  }
},{
  "dateTime" : "12/24/23 03:44:07",
  "value" : {
    "lapDurationSec" : 29,
    "strokeCount" : 6,
    "swimStrokeType" : "UNKNOWN",
    "swimAlgorithmType" : "EUCLID"
  }
},{
  "dateTime" : "12/24/23 03:44:44",
  "value" : {
    "lapDurationSec" : 41,
    "strokeCount" : 7,
    "swimStrokeType" : "UNKNOWN",
    "swimAlgorithmType" : "EUCLID"
  }
},{
  "dateTime" : "12/24/23 03:46:54",
  "value" : {
    "lapDurationSec" : 45,
    "strokeCount" : 6,
    "swimStrokeType" : "UNKNOWN",
    "swimAlgorithmType" : "EUCLID"
  }
},{
  "dateTime" : "12/24/23 03:47:41",
  "value" : {
    "lapDurationSec" : 45,
    "strokeCount" : 8,
    "swimStrokeType" : "UNKNOWN",
    "swimAlgorithmType" : "EUCLID"
  }
},{
  "dateTime" : "12/24/23 03:52:42",
  "value" : {
    "lapDurationSec" : 14,
    "strokeCount" : 5,
    "swimStrokeType" : "UNKNOWN",
    "swimAlgorithmType" : "EUCLID"
  }
},{
  "dateTime" : "12/28/23 19:30:52",
  "value" : {
    "lapDurationSec" : 15,
    "strokeCount" : 10,
    "swimStrokeType" : "UNKNOWN",
    "swimAlgorithmType" : "EUCLID"
  }
},{
  "dateTime" : "12/28/23 19:31:12",
  "value" : {
    "lapDurationSec" : 8,
    "strokeCount" : 6,
    "swimStrokeType" : "UNKNOWN",
    "swimAlgorithmType" : "EUCLID"
  }
},{
  "dateTime" : "12/28/23 19:31:30",
  "value" : {
    "lapDurationSec" : 16,
    "strokeCount" : 8,
    "swimStrokeType" : "UNKNOWN",
    "swimAlgorithmType" : "EUCLID"
  }
},{
  "dateTime" : "12/28/23 19:31:52",
  "value" : {
    "lapDurationSec" : 36,
    "strokeCount" : 13,
    "swimStrokeType" : "UNKNOWN",
    "swimAlgorithmType" : "EUCLID"
  }
},{
  "dateTime" : "12/28/23 20:23:29",
  "value" : {
    "lapDurationSec" : 21,
    "strokeCount" : 8,
    "swimStrokeType" : "UNKNOWN",
    "swimAlgorithmType" : "EUCLID"
  }
},{
  "dateTime" : "12/28/23 20:33:15",
  "value" : {
    "lapDurationSec" : 13,
    "strokeCount" : 5,
    "swimStrokeType" : "UNKNOWN",
    "swimAlgorithmType" : "EUCLID"
  }
},{
  "dateTime" : "12/28/23 20:34:02",
  "value" : {
    "lapDurationSec" : 19,
    "strokeCount" : 7,
    "swimStrokeType" : "UNKNOWN",
    "swimAlgorithmType" : "EUCLID"
  }
},{
  "dateTime" : "12/28/23 20:36:32",
  "value" : {
    "lapDurationSec" : 24,
    "strokeCount" : 7,
    "swimStrokeType" : "UNKNOWN",
    "swimAlgorithmType" : "EUCLID"
  }
},{
  "dateTime" : "12/28/23 20:38:40",
  "value" : {
    "lapDurationSec" : 28,
    "strokeCount" : 6,
    "swimStrokeType" : "UNKNOWN",
    "swimAlgorithmType" : "EUCLID"
  }
},{
  "dateTime" : "12/28/23 20:39:44",
  "value" : {
    "lapDurationSec" : 20,
    "strokeCount" : 5,
    "swimStrokeType" : "UNKNOWN",
    "swimAlgorithmType" : "EUCLID"
  }
},{
  "dateTime" : "12/28/23 20:45:08",
  "value" : {
    "lapDurationSec" : 18,
    "strokeCount" : 5,
    "swimStrokeType" : "UNKNOWN",
    "swimAlgorithmType" : "EUCLID"
  }
},{
  "dateTime" : "12/28/23 20:45:44",
  "value" : {
    "lapDurationSec" : 29,
    "strokeCount" : 15,
    "swimStrokeType" : "UNKNOWN",
    "swimAlgorithmType" : "EUCLID"
  }
},{
  "dateTime" : "12/28/23 20:46:43",
  "value" : {
    "lapDurationSec" : 22,
    "strokeCount" : 12,
    "swimStrokeType" : "UNKNOWN",
    "swimAlgorithmType" : "EUCLID"
  }
},{
  "dateTime" : "12/28/23 20:48:07",
  "value" : {
    "lapDurationSec" : 13,
    "strokeCount" : 8,
    "swimStrokeType" : "UNKNOWN",
    "swimAlgorithmType" : "EUCLID"
  }
},{
  "dateTime" : "12/28/23 20:48:25",
  "value" : {
    "lapDurationSec" : 26,
    "strokeCount" : 14,
    "swimStrokeType" : "UNKNOWN",
    "swimAlgorithmType" : "EUCLID"
  }
},{
  "dateTime" : "12/28/23 21:44:09",
  "value" : {
    "lapDurationSec" : 15,
    "strokeCount" : 6,
    "swimStrokeType" : "UNKNOWN",
    "swimAlgorithmType" : "EUCLID"
  }
},{
  "dateTime" : "12/28/23 22:21:36",
  "value" : {
    "lapDurationSec" : 11,
    "strokeCount" : 5,
    "swimStrokeType" : "UNKNOWN",
    "swimAlgorithmType" : "EUCLID"
  }
},{
  "dateTime" : "12/28/23 22:26:11",
  "value" : {
    "lapDurationSec" : 14,
    "strokeCount" : 5,
    "swimStrokeType" : "UNKNOWN",
    "swimAlgorithmType" : "EUCLID"
  }
},{
  "dateTime" : "12/28/23 22:39:40",
  "value" : {
    "lapDurationSec" : 15,
    "strokeCount" : 7,
    "swimStrokeType" : "UNKNOWN",
    "swimAlgorithmType" : "EUCLID"
  }
},{
  "dateTime" : "12/28/23 23:35:02",
  "value" : {
    "lapDurationSec" : 12,
    "strokeCount" : 5,
    "swimStrokeType" : "UNKNOWN",
    "swimAlgorithmType" : "EUCLID"
  }
},{
  "dateTime" : "12/28/23 23:47:16",
  "value" : {
    "lapDurationSec" : 8,
    "strokeCount" : 5,
    "swimStrokeType" : "UNKNOWN",
    "swimAlgorithmType" : "EUCLID"
  }
},{
  "dateTime" : "12/29/23 01:54:37",
  "value" : {
    "lapDurationSec" : 15,
    "strokeCount" : 5,
    "swimStrokeType" : "UNKNOWN",
    "swimAlgorithmType" : "EUCLID"
  }
},{
  "dateTime" : "12/29/23 01:58:41",
  "value" : {
    "lapDurationSec" : 21,
    "strokeCount" : 5,
    "swimStrokeType" : "UNKNOWN",
    "swimAlgorithmType" : "EUCLID"
  }
},{
  "dateTime" : "12/29/23 01:59:20",
  "value" : {
    "lapDurationSec" : 34,
    "strokeCount" : 7,
    "swimStrokeType" : "UNKNOWN",
    "swimAlgorithmType" : "EUCLID"
  }
},{
  "dateTime" : "12/29/23 02:00:15",
  "value" : {
    "lapDurationSec" : 17,
    "strokeCount" : 5,
    "swimStrokeType" : "UNKNOWN",
    "swimAlgorithmType" : "EUCLID"
  }
},{
  "dateTime" : "12/29/23 02:16:56",
  "value" : {
    "lapDurationSec" : 35,
    "strokeCount" : 10,
    "swimStrokeType" : "UNKNOWN",
    "swimAlgorithmType" : "EUCLID"
  }
},{
  "dateTime" : "12/29/23 02:37:48",
  "value" : {
    "lapDurationSec" : 23,
    "strokeCount" : 7,
    "swimStrokeType" : "UNKNOWN",
    "swimAlgorithmType" : "EUCLID"
  }
},{
  "dateTime" : "12/29/23 02:39:12",
  "value" : {
    "lapDurationSec" : 19,
    "strokeCount" : 6,
    "swimStrokeType" : "UNKNOWN",
    "swimAlgorithmType" : "EUCLID"
  }
},{
  "dateTime" : "12/29/23 02:48:26",
  "value" : {
    "lapDurationSec" : 22,
    "strokeCount" : 5,
    "swimStrokeType" : "UNKNOWN",
    "swimAlgorithmType" : "EUCLID"
  }
},{
  "dateTime" : "12/29/23 02:50:35",
  "value" : {
    "lapDurationSec" : 20,
    "strokeCount" : 5,
    "swimStrokeType" : "UNKNOWN",
    "swimAlgorithmType" : "EUCLID"
  }
},{
  "dateTime" : "12/29/23 02:51:26",
  "value" : {
    "lapDurationSec" : 30,
    "strokeCount" : 5,
    "swimStrokeType" : "UNKNOWN",
    "swimAlgorithmType" : "EUCLID"
  }
},{
  "dateTime" : "12/29/23 02:52:29",
  "value" : {
    "lapDurationSec" : 26,
    "strokeCount" : 5,
    "swimStrokeType" : "UNKNOWN",
    "swimAlgorithmType" : "EUCLID"
  }
},{
  "dateTime" : "12/29/23 02:54:15",
  "value" : {
    "lapDurationSec" : 28,
    "strokeCount" : 6,
    "swimStrokeType" : "UNKNOWN",
    "swimAlgorithmType" : "EUCLID"
  }
},{
  "dateTime" : "12/29/23 02:57:05",
  "value" : {
    "lapDurationSec" : 29,
    "strokeCount" : 5,
    "swimStrokeType" : "UNKNOWN",
    "swimAlgorithmType" : "EUCLID"
  }
},{
  "dateTime" : "12/29/23 05:08:16",
  "value" : {
    "lapDurationSec" : 12,
    "strokeCount" : 5,
    "swimStrokeType" : "UNKNOWN",
    "swimAlgorithmType" : "EUCLID"
  }
},{
  "dateTime" : "12/29/23 05:10:22",
  "value" : {
    "lapDurationSec" : 16,
    "strokeCount" : 7,
    "swimStrokeType" : "UNKNOWN",
    "swimAlgorithmType" : "EUCLID"
  }
},{
  "dateTime" : "12/30/23 19:13:57",
  "value" : {
    "lapDurationSec" : 20,
    "strokeCount" : 10,
    "swimStrokeType" : "UNKNOWN",
    "swimAlgorithmType" : "EUCLID"
  }
},{
  "dateTime" : "12/30/23 19:14:24",
  "value" : {
    "lapDurationSec" : 21,
    "strokeCount" : 9,
    "swimStrokeType" : "UNKNOWN",
    "swimAlgorithmType" : "EUCLID"
  }
},{
  "dateTime" : "12/30/23 19:14:50",
  "value" : {
    "lapDurationSec" : 35,
    "strokeCount" : 17,
    "swimStrokeType" : "UNKNOWN",
    "swimAlgorithmType" : "EUCLID"
  }
},{
  "dateTime" : "12/30/23 19:15:56",
  "value" : {
    "lapDurationSec" : 33,
    "strokeCount" : 18,
    "swimStrokeType" : "UNKNOWN",
    "swimAlgorithmType" : "EUCLID"
  }
},{
  "dateTime" : "12/30/23 20:53:31",
  "value" : {
    "lapDurationSec" : 12,
    "strokeCount" : 6,
    "swimStrokeType" : "UNKNOWN",
    "swimAlgorithmType" : "EUCLID"
  }
},{
  "dateTime" : "12/30/23 22:50:54",
  "value" : {
    "lapDurationSec" : 26,
    "strokeCount" : 10,
    "swimStrokeType" : "UNKNOWN",
    "swimAlgorithmType" : "EUCLID"
  }
},{
  "dateTime" : "12/30/23 22:55:03",
  "value" : {
    "lapDurationSec" : 12,
    "strokeCount" : 5,
    "swimStrokeType" : "UNKNOWN",
    "swimAlgorithmType" : "EUCLID"
  }
},{
  "dateTime" : "12/30/23 23:00:14",
  "value" : {
    "lapDurationSec" : 17,
    "strokeCount" : 6,
    "swimStrokeType" : "UNKNOWN",
    "swimAlgorithmType" : "EUCLID"
  }
},{
  "dateTime" : "12/30/23 23:31:55",
  "value" : {
    "lapDurationSec" : 32,
    "strokeCount" : 11,
    "swimStrokeType" : "UNKNOWN",
    "swimAlgorithmType" : "EUCLID"
  }
},{
  "dateTime" : "12/30/23 23:32:48",
  "value" : {
    "lapDurationSec" : 12,
    "strokeCount" : 5,
    "swimStrokeType" : "UNKNOWN",
    "swimAlgorithmType" : "EUCLID"
  }
},{
  "dateTime" : "12/30/23 23:33:21",
  "value" : {
    "lapDurationSec" : 9,
    "strokeCount" : 5,
    "swimStrokeType" : "UNKNOWN",
    "swimAlgorithmType" : "EUCLID"
  }
},{
  "dateTime" : "12/30/23 23:48:58",
  "value" : {
    "lapDurationSec" : 15,
    "strokeCount" : 5,
    "swimStrokeType" : "UNKNOWN",
    "swimAlgorithmType" : "EUCLID"
  }
},{
  "dateTime" : "12/31/23 00:18:59",
  "value" : {
    "lapDurationSec" : 11,
    "strokeCount" : 5,
    "swimStrokeType" : "UNKNOWN",
    "swimAlgorithmType" : "EUCLID"
  }
},{
  "dateTime" : "12/31/23 00:57:03",
  "value" : {
    "lapDurationSec" : 7,
    "strokeCount" : 5,
    "swimStrokeType" : "UNKNOWN",
    "swimAlgorithmType" : "EUCLID"
  }
},{
  "dateTime" : "12/31/23 00:58:36",
  "value" : {
    "lapDurationSec" : 13,
    "strokeCount" : 5,
    "swimStrokeType" : "UNKNOWN",
    "swimAlgorithmType" : "EUCLID"
  }
},{
  "dateTime" : "12/31/23 01:04:42",
  "value" : {
    "lapDurationSec" : 21,
    "strokeCount" : 7,
    "swimStrokeType" : "UNKNOWN",
    "swimAlgorithmType" : "EUCLID"
  }
},{
  "dateTime" : "12/31/23 02:54:37",
  "value" : {
    "lapDurationSec" : 8,
    "strokeCount" : 5,
    "swimStrokeType" : "UNKNOWN",
    "swimAlgorithmType" : "EUCLID"
  }
},{
  "dateTime" : "12/31/23 03:02:06",
  "value" : {
    "lapDurationSec" : 21,
    "strokeCount" : 8,
    "swimStrokeType" : "UNKNOWN",
    "swimAlgorithmType" : "EUCLID"
  }
},{
  "dateTime" : "12/31/23 03:04:17",
  "value" : {
    "lapDurationSec" : 8,
    "strokeCount" : 5,
    "swimStrokeType" : "UNKNOWN",
    "swimAlgorithmType" : "EUCLID"
  }
},{
  "dateTime" : "01/01/24 18:59:52",
  "value" : {
    "lapDurationSec" : 13,
    "strokeCount" : 5,
    "swimStrokeType" : "UNKNOWN",
    "swimAlgorithmType" : "EUCLID"
  }
},{
  "dateTime" : "01/01/24 19:01:02",
  "value" : {
    "lapDurationSec" : 14,
    "strokeCount" : 6,
    "swimStrokeType" : "UNKNOWN",
    "swimAlgorithmType" : "EUCLID"
  }
},{
  "dateTime" : "01/01/24 19:02:19",
  "value" : {
    "lapDurationSec" : 26,
    "strokeCount" : 7,
    "swimStrokeType" : "UNKNOWN",
    "swimAlgorithmType" : "EUCLID"
  }
},{
  "dateTime" : "01/01/24 19:07:20",
  "value" : {
    "lapDurationSec" : 28,
    "strokeCount" : 8,
    "swimStrokeType" : "UNKNOWN",
    "swimAlgorithmType" : "EUCLID"
  }
},{
  "dateTime" : "01/01/24 19:22:37",
  "value" : {
    "lapDurationSec" : 32,
    "strokeCount" : 13,
    "swimStrokeType" : "UNKNOWN",
    "swimAlgorithmType" : "EUCLID"
  }
},{
  "dateTime" : "01/01/24 19:23:16",
  "value" : {
    "lapDurationSec" : 16,
    "strokeCount" : 10,
    "swimStrokeType" : "UNKNOWN",
    "swimAlgorithmType" : "EUCLID"
  }
},{
  "dateTime" : "01/01/24 19:23:37",
  "value" : {
    "lapDurationSec" : 54,
    "strokeCount" : 23,
    "swimStrokeType" : "UNKNOWN",
    "swimAlgorithmType" : "EUCLID"
  }
},{
  "dateTime" : "01/01/24 20:20:24",
  "value" : {
    "lapDurationSec" : 14,
    "strokeCount" : 5,
    "swimStrokeType" : "UNKNOWN",
    "swimAlgorithmType" : "EUCLID"
  }
},{
  "dateTime" : "01/01/24 20:20:56",
  "value" : {
    "lapDurationSec" : 30,
    "strokeCount" : 9,
    "swimStrokeType" : "UNKNOWN",
    "swimAlgorithmType" : "EUCLID"
  }
},{
  "dateTime" : "01/01/24 20:24:29",
  "value" : {
    "lapDurationSec" : 26,
    "strokeCount" : 6,
    "swimStrokeType" : "UNKNOWN",
    "swimAlgorithmType" : "EUCLID"
  }
},{
  "dateTime" : "01/01/24 20:25:31",
  "value" : {
    "lapDurationSec" : 19,
    "strokeCount" : 6,
    "swimStrokeType" : "UNKNOWN",
    "swimAlgorithmType" : "EUCLID"
  }
},{
  "dateTime" : "01/01/24 21:07:25",
  "value" : {
    "lapDurationSec" : 9,
    "strokeCount" : 5,
    "swimStrokeType" : "UNKNOWN",
    "swimAlgorithmType" : "EUCLID"
  }
},{
  "dateTime" : "01/01/24 21:19:42",
  "value" : {
    "lapDurationSec" : 14,
    "strokeCount" : 5,
    "swimStrokeType" : "UNKNOWN",
    "swimAlgorithmType" : "EUCLID"
  }
},{
  "dateTime" : "01/01/24 21:21:31",
  "value" : {
    "lapDurationSec" : 21,
    "strokeCount" : 5,
    "swimStrokeType" : "UNKNOWN",
    "swimAlgorithmType" : "EUCLID"
  }
},{
  "dateTime" : "01/01/24 21:22:34",
  "value" : {
    "lapDurationSec" : 27,
    "strokeCount" : 6,
    "swimStrokeType" : "UNKNOWN",
    "swimAlgorithmType" : "EUCLID"
  }
},{
  "dateTime" : "01/01/24 21:30:32",
  "value" : {
    "lapDurationSec" : 28,
    "strokeCount" : 8,
    "swimStrokeType" : "UNKNOWN",
    "swimAlgorithmType" : "EUCLID"
  }
},{
  "dateTime" : "01/01/24 21:31:29",
  "value" : {
    "lapDurationSec" : 24,
    "strokeCount" : 5,
    "swimStrokeType" : "UNKNOWN",
    "swimAlgorithmType" : "EUCLID"
  }
},{
  "dateTime" : "01/01/24 21:42:43",
  "value" : {
    "lapDurationSec" : 13,
    "strokeCount" : 5,
    "swimStrokeType" : "UNKNOWN",
    "swimAlgorithmType" : "EUCLID"
  }
},{
  "dateTime" : "01/01/24 21:48:12",
  "value" : {
    "lapDurationSec" : 15,
    "strokeCount" : 5,
    "swimStrokeType" : "UNKNOWN",
    "swimAlgorithmType" : "EUCLID"
  }
},{
  "dateTime" : "01/01/24 21:49:28",
  "value" : {
    "lapDurationSec" : 18,
    "strokeCount" : 6,
    "swimStrokeType" : "UNKNOWN",
    "swimAlgorithmType" : "EUCLID"
  }
},{
  "dateTime" : "01/01/24 21:54:20",
  "value" : {
    "lapDurationSec" : 21,
    "strokeCount" : 7,
    "swimStrokeType" : "UNKNOWN",
    "swimAlgorithmType" : "EUCLID"
  }
},{
  "dateTime" : "01/01/24 22:19:45",
  "value" : {
    "lapDurationSec" : 17,
    "strokeCount" : 6,
    "swimStrokeType" : "UNKNOWN",
    "swimAlgorithmType" : "EUCLID"
  }
},{
  "dateTime" : "01/01/24 22:28:44",
  "value" : {
    "lapDurationSec" : 20,
    "strokeCount" : 5,
    "swimStrokeType" : "UNKNOWN",
    "swimAlgorithmType" : "EUCLID"
  }
},{
  "dateTime" : "01/01/24 22:32:00",
  "value" : {
    "lapDurationSec" : 51,
    "strokeCount" : 8,
    "swimStrokeType" : "UNKNOWN",
    "swimAlgorithmType" : "EUCLID"
  }
},{
  "dateTime" : "01/01/24 22:33:35",
  "value" : {
    "lapDurationSec" : 47,
    "strokeCount" : 8,
    "swimStrokeType" : "UNKNOWN",
    "swimAlgorithmType" : "EUCLID"
  }
},{
  "dateTime" : "01/01/24 22:39:43",
  "value" : {
    "lapDurationSec" : 45,
    "strokeCount" : 9,
    "swimStrokeType" : "UNKNOWN",
    "swimAlgorithmType" : "EUCLID"
  }
},{
  "dateTime" : "01/01/24 22:41:10",
  "value" : {
    "lapDurationSec" : 23,
    "strokeCount" : 5,
    "swimStrokeType" : "UNKNOWN",
    "swimAlgorithmType" : "EUCLID"
  }
},{
  "dateTime" : "01/01/24 22:42:30",
  "value" : {
    "lapDurationSec" : 49,
    "strokeCount" : 6,
    "swimStrokeType" : "UNKNOWN",
    "swimAlgorithmType" : "EUCLID"
  }
},{
  "dateTime" : "01/01/24 22:45:13",
  "value" : {
    "lapDurationSec" : 20,
    "strokeCount" : 5,
    "swimStrokeType" : "UNKNOWN",
    "swimAlgorithmType" : "EUCLID"
  }
},{
  "dateTime" : "01/01/24 22:47:36",
  "value" : {
    "lapDurationSec" : 23,
    "strokeCount" : 5,
    "swimStrokeType" : "UNKNOWN",
    "swimAlgorithmType" : "EUCLID"
  }
},{
  "dateTime" : "01/01/24 22:49:01",
  "value" : {
    "lapDurationSec" : 45,
    "strokeCount" : 5,
    "swimStrokeType" : "UNKNOWN",
    "swimAlgorithmType" : "EUCLID"
  }
},{
  "dateTime" : "01/01/24 22:50:14",
  "value" : {
    "lapDurationSec" : 48,
    "strokeCount" : 6,
    "swimStrokeType" : "UNKNOWN",
    "swimAlgorithmType" : "EUCLID"
  }
},{
  "dateTime" : "01/01/24 22:51:05",
  "value" : {
    "lapDurationSec" : 48,
    "strokeCount" : 5,
    "swimStrokeType" : "UNKNOWN",
    "swimAlgorithmType" : "EUCLID"
  }
},{
  "dateTime" : "01/01/24 22:51:59",
  "value" : {
    "lapDurationSec" : 41,
    "strokeCount" : 8,
    "swimStrokeType" : "UNKNOWN",
    "swimAlgorithmType" : "EUCLID"
  }
},{
  "dateTime" : "01/01/24 22:52:42",
  "value" : {
    "lapDurationSec" : 41,
    "strokeCount" : 8,
    "swimStrokeType" : "UNKNOWN",
    "swimAlgorithmType" : "EUCLID"
  }
},{
  "dateTime" : "01/01/24 22:53:47",
  "value" : {
    "lapDurationSec" : 44,
    "strokeCount" : 9,
    "swimStrokeType" : "UNKNOWN",
    "swimAlgorithmType" : "EUCLID"
  }
},{
  "dateTime" : "01/01/24 22:54:42",
  "value" : {
    "lapDurationSec" : 19,
    "strokeCount" : 5,
    "swimStrokeType" : "UNKNOWN",
    "swimAlgorithmType" : "EUCLID"
  }
},{
  "dateTime" : "01/01/24 22:56:33",
  "value" : {
    "lapDurationSec" : 33,
    "strokeCount" : 8,
    "swimStrokeType" : "UNKNOWN",
    "swimAlgorithmType" : "EUCLID"
  }
},{
  "dateTime" : "01/01/24 22:57:41",
  "value" : {
    "lapDurationSec" : 21,
    "strokeCount" : 6,
    "swimStrokeType" : "UNKNOWN",
    "swimAlgorithmType" : "EUCLID"
  }
},{
  "dateTime" : "01/01/24 23:00:12",
  "value" : {
    "lapDurationSec" : 15,
    "strokeCount" : 5,
    "swimStrokeType" : "UNKNOWN",
    "swimAlgorithmType" : "EUCLID"
  }
},{
  "dateTime" : "01/01/24 23:08:42",
  "value" : {
    "lapDurationSec" : 19,
    "strokeCount" : 7,
    "swimStrokeType" : "UNKNOWN",
    "swimAlgorithmType" : "EUCLID"
  }
},{
  "dateTime" : "01/01/24 23:16:07",
  "value" : {
    "lapDurationSec" : 15,
    "strokeCount" : 5,
    "swimStrokeType" : "UNKNOWN",
    "swimAlgorithmType" : "EUCLID"
  }
},{
  "dateTime" : "01/01/24 23:29:19",
  "value" : {
    "lapDurationSec" : 20,
    "strokeCount" : 6,
    "swimStrokeType" : "UNKNOWN",
    "swimAlgorithmType" : "EUCLID"
  }
},{
  "dateTime" : "01/01/24 23:32:29",
  "value" : {
    "lapDurationSec" : 16,
    "strokeCount" : 5,
    "swimStrokeType" : "UNKNOWN",
    "swimAlgorithmType" : "EUCLID"
  }
},{
  "dateTime" : "01/01/24 23:35:37",
  "value" : {
    "lapDurationSec" : 24,
    "strokeCount" : 5,
    "swimStrokeType" : "UNKNOWN",
    "swimAlgorithmType" : "EUCLID"
  }
},{
  "dateTime" : "01/01/24 23:37:50",
  "value" : {
    "lapDurationSec" : 52,
    "strokeCount" : 14,
    "swimStrokeType" : "UNKNOWN",
    "swimAlgorithmType" : "EUCLID"
  }
},{
  "dateTime" : "01/01/24 23:39:04",
  "value" : {
    "lapDurationSec" : 25,
    "strokeCount" : 6,
    "swimStrokeType" : "UNKNOWN",
    "swimAlgorithmType" : "EUCLID"
  }
},{
  "dateTime" : "01/01/24 23:39:59",
  "value" : {
    "lapDurationSec" : 13,
    "strokeCount" : 6,
    "swimStrokeType" : "UNKNOWN",
    "swimAlgorithmType" : "EUCLID"
  }
},{
  "dateTime" : "01/01/24 23:56:11",
  "value" : {
    "lapDurationSec" : 19,
    "strokeCount" : 6,
    "swimStrokeType" : "UNKNOWN",
    "swimAlgorithmType" : "EUCLID"
  }
},{
  "dateTime" : "01/01/24 23:56:46",
  "value" : {
    "lapDurationSec" : 19,
    "strokeCount" : 6,
    "swimStrokeType" : "UNKNOWN",
    "swimAlgorithmType" : "EUCLID"
  }
},{
  "dateTime" : "01/01/24 23:58:35",
  "value" : {
    "lapDurationSec" : 17,
    "strokeCount" : 7,
    "swimStrokeType" : "UNKNOWN",
    "swimAlgorithmType" : "EUCLID"
  }
},{
  "dateTime" : "01/02/24 00:44:42",
  "value" : {
    "lapDurationSec" : 15,
    "strokeCount" : 5,
    "swimStrokeType" : "UNKNOWN",
    "swimAlgorithmType" : "EUCLID"
  }
},{
  "dateTime" : "01/02/24 01:21:57",
  "value" : {
    "lapDurationSec" : 25,
    "strokeCount" : 6,
    "swimStrokeType" : "UNKNOWN",
    "swimAlgorithmType" : "EUCLID"
  }
},{
  "dateTime" : "01/02/24 01:27:56",
  "value" : {
    "lapDurationSec" : 25,
    "strokeCount" : 5,
    "swimStrokeType" : "UNKNOWN",
    "swimAlgorithmType" : "EUCLID"
  }
},{
  "dateTime" : "01/02/24 01:46:26",
  "value" : {
    "lapDurationSec" : 39,
    "strokeCount" : 6,
    "swimStrokeType" : "UNKNOWN",
    "swimAlgorithmType" : "EUCLID"
  }
},{
  "dateTime" : "01/03/24 19:29:15",
  "value" : {
    "lapDurationSec" : 18,
    "strokeCount" : 9,
    "swimStrokeType" : "UNKNOWN",
    "swimAlgorithmType" : "EUCLID"
  }
},{
  "dateTime" : "01/03/24 19:29:58",
  "value" : {
    "lapDurationSec" : 12,
    "strokeCount" : 6,
    "swimStrokeType" : "UNKNOWN",
    "swimAlgorithmType" : "EUCLID"
  }
},{
  "dateTime" : "01/03/24 19:30:20",
  "value" : {
    "lapDurationSec" : 13,
    "strokeCount" : 6,
    "swimStrokeType" : "UNKNOWN",
    "swimAlgorithmType" : "EUCLID"
  }
},{
  "dateTime" : "01/03/24 19:31:08",
  "value" : {
    "lapDurationSec" : 22,
    "strokeCount" : 10,
    "swimStrokeType" : "UNKNOWN",
    "swimAlgorithmType" : "EUCLID"
  }
},{
  "dateTime" : "01/03/24 20:58:08",
  "value" : {
    "lapDurationSec" : 23,
    "strokeCount" : 9,
    "swimStrokeType" : "UNKNOWN",
    "swimAlgorithmType" : "EUCLID"
  }
},{
  "dateTime" : "01/03/24 20:59:08",
  "value" : {
    "lapDurationSec" : 11,
    "strokeCount" : 6,
    "swimStrokeType" : "UNKNOWN",
    "swimAlgorithmType" : "EUCLID"
  }
},{
  "dateTime" : "01/03/24 21:13:05",
  "value" : {
    "lapDurationSec" : 12,
    "strokeCount" : 5,
    "swimStrokeType" : "UNKNOWN",
    "swimAlgorithmType" : "EUCLID"
  }
},{
  "dateTime" : "01/03/24 21:14:43",
  "value" : {
    "lapDurationSec" : 19,
    "strokeCount" : 7,
    "swimStrokeType" : "UNKNOWN",
    "swimAlgorithmType" : "EUCLID"
  }
},{
  "dateTime" : "01/03/24 21:15:48",
  "value" : {
    "lapDurationSec" : 22,
    "strokeCount" : 8,
    "swimStrokeType" : "UNKNOWN",
    "swimAlgorithmType" : "EUCLID"
  }
},{
  "dateTime" : "01/03/24 21:16:25",
  "value" : {
    "lapDurationSec" : 18,
    "strokeCount" : 5,
    "swimStrokeType" : "UNKNOWN",
    "swimAlgorithmType" : "EUCLID"
  }
},{
  "dateTime" : "01/03/24 21:18:57",
  "value" : {
    "lapDurationSec" : 16,
    "strokeCount" : 5,
    "swimStrokeType" : "UNKNOWN",
    "swimAlgorithmType" : "EUCLID"
  }
},{
  "dateTime" : "01/03/24 21:44:28",
  "value" : {
    "lapDurationSec" : 12,
    "strokeCount" : 5,
    "swimStrokeType" : "UNKNOWN",
    "swimAlgorithmType" : "EUCLID"
  }
},{
  "dateTime" : "01/03/24 22:45:39",
  "value" : {
    "lapDurationSec" : 18,
    "strokeCount" : 6,
    "swimStrokeType" : "UNKNOWN",
    "swimAlgorithmType" : "EUCLID"
  }
},{
  "dateTime" : "01/03/24 23:04:36",
  "value" : {
    "lapDurationSec" : 11,
    "strokeCount" : 5,
    "swimStrokeType" : "UNKNOWN",
    "swimAlgorithmType" : "EUCLID"
  }
},{
  "dateTime" : "01/04/24 00:03:02",
  "value" : {
    "lapDurationSec" : 9,
    "strokeCount" : 5,
    "swimStrokeType" : "UNKNOWN",
    "swimAlgorithmType" : "EUCLID"
  }
},{
  "dateTime" : "01/04/24 01:01:16",
  "value" : {
    "lapDurationSec" : 14,
    "strokeCount" : 5,
    "swimStrokeType" : "UNKNOWN",
    "swimAlgorithmType" : "EUCLID"
  }
},{
  "dateTime" : "01/04/24 01:02:57",
  "value" : {
    "lapDurationSec" : 19,
    "strokeCount" : 5,
    "swimStrokeType" : "UNKNOWN",
    "swimAlgorithmType" : "EUCLID"
  }
},{
  "dateTime" : "01/04/24 01:04:29",
  "value" : {
    "lapDurationSec" : 8,
    "strokeCount" : 5,
    "swimStrokeType" : "UNKNOWN",
    "swimAlgorithmType" : "EUCLID"
  }
},{
  "dateTime" : "01/04/24 01:16:40",
  "value" : {
    "lapDurationSec" : 23,
    "strokeCount" : 9,
    "swimStrokeType" : "UNKNOWN",
    "swimAlgorithmType" : "EUCLID"
  }
},{
  "dateTime" : "01/04/24 02:20:33",
  "value" : {
    "lapDurationSec" : 8,
    "strokeCount" : 5,
    "swimStrokeType" : "UNKNOWN",
    "swimAlgorithmType" : "EUCLID"
  }
},{
  "dateTime" : "01/04/24 02:25:26",
  "value" : {
    "lapDurationSec" : 17,
    "strokeCount" : 6,
    "swimStrokeType" : "UNKNOWN",
    "swimAlgorithmType" : "EUCLID"
  }
},{
  "dateTime" : "01/04/24 02:32:27",
  "value" : {
    "lapDurationSec" : 65,
    "strokeCount" : 9,
    "swimStrokeType" : "UNKNOWN",
    "swimAlgorithmType" : "EUCLID"
  }
},{
  "dateTime" : "01/04/24 02:37:00",
  "value" : {
    "lapDurationSec" : 31,
    "strokeCount" : 6,
    "swimStrokeType" : "UNKNOWN",
    "swimAlgorithmType" : "EUCLID"
  }
},{
  "dateTime" : "01/04/24 02:38:56",
  "value" : {
    "lapDurationSec" : 34,
    "strokeCount" : 9,
    "swimStrokeType" : "UNKNOWN",
    "swimAlgorithmType" : "EUCLID"
  }
},{
  "dateTime" : "01/04/24 02:50:38",
  "value" : {
    "lapDurationSec" : 23,
    "strokeCount" : 5,
    "swimStrokeType" : "UNKNOWN",
    "swimAlgorithmType" : "EUCLID"
  }
},{
  "dateTime" : "01/04/24 02:57:04",
  "value" : {
    "lapDurationSec" : 40,
    "strokeCount" : 8,
    "swimStrokeType" : "UNKNOWN",
    "swimAlgorithmType" : "EUCLID"
  }
},{
  "dateTime" : "01/04/24 02:58:00",
  "value" : {
    "lapDurationSec" : 53,
    "strokeCount" : 9,
    "swimStrokeType" : "UNKNOWN",
    "swimAlgorithmType" : "EUCLID"
  }
},{
  "dateTime" : "01/04/24 03:10:33",
  "value" : {
    "lapDurationSec" : 16,
    "strokeCount" : 7,
    "swimStrokeType" : "UNKNOWN",
    "swimAlgorithmType" : "EUCLID"
  }
},{
  "dateTime" : "01/04/24 03:32:49",
  "value" : {
    "lapDurationSec" : 9,
    "strokeCount" : 6,
    "swimStrokeType" : "UNKNOWN",
    "swimAlgorithmType" : "EUCLID"
  }
},{
  "dateTime" : "01/04/24 03:59:24",
  "value" : {
    "lapDurationSec" : 12,
    "strokeCount" : 5,
    "swimStrokeType" : "UNKNOWN",
    "swimAlgorithmType" : "EUCLID"
  }
},{
  "dateTime" : "01/04/24 04:04:55",
  "value" : {
    "lapDurationSec" : 12,
    "strokeCount" : 5,
    "swimStrokeType" : "UNKNOWN",
    "swimAlgorithmType" : "EUCLID"
  }
},{
  "dateTime" : "01/04/24 04:18:59",
  "value" : {
    "lapDurationSec" : 12,
    "strokeCount" : 5,
    "swimStrokeType" : "UNKNOWN",
    "swimAlgorithmType" : "EUCLID"
  }
},{
  "dateTime" : "01/04/24 04:27:39",
  "value" : {
    "lapDurationSec" : 17,
    "strokeCount" : 5,
    "swimStrokeType" : "UNKNOWN",
    "swimAlgorithmType" : "EUCLID"
  }
},{
  "dateTime" : "01/04/24 04:28:07",
  "value" : {
    "lapDurationSec" : 25,
    "strokeCount" : 5,
    "swimStrokeType" : "UNKNOWN",
    "swimAlgorithmType" : "EUCLID"
  }
},{
  "dateTime" : "01/04/24 04:29:03",
  "value" : {
    "lapDurationSec" : 45,
    "strokeCount" : 6,
    "swimStrokeType" : "UNKNOWN",
    "swimAlgorithmType" : "EUCLID"
  }
},{
  "dateTime" : "01/04/24 04:30:48",
  "value" : {
    "lapDurationSec" : 18,
    "strokeCount" : 5,
    "swimStrokeType" : "UNKNOWN",
    "swimAlgorithmType" : "EUCLID"
  }
},{
  "dateTime" : "01/04/24 04:32:09",
  "value" : {
    "lapDurationSec" : 23,
    "strokeCount" : 6,
    "swimStrokeType" : "UNKNOWN",
    "swimAlgorithmType" : "EUCLID"
  }
},{
  "dateTime" : "01/04/24 04:33:33",
  "value" : {
    "lapDurationSec" : 20,
    "strokeCount" : 8,
    "swimStrokeType" : "UNKNOWN",
    "swimAlgorithmType" : "EUCLID"
  }
},{
  "dateTime" : "01/04/24 04:39:31",
  "value" : {
    "lapDurationSec" : 20,
    "strokeCount" : 6,
    "swimStrokeType" : "UNKNOWN",
    "swimAlgorithmType" : "EUCLID"
  }
},{
  "dateTime" : "01/04/24 05:40:54",
  "value" : {
    "lapDurationSec" : 17,
    "strokeCount" : 6,
    "swimStrokeType" : "UNKNOWN",
    "swimAlgorithmType" : "EUCLID"
  }
},{
  "dateTime" : "01/04/24 05:41:26",
  "value" : {
    "lapDurationSec" : 12,
    "strokeCount" : 5,
    "swimStrokeType" : "UNKNOWN",
    "swimAlgorithmType" : "EUCLID"
  }
},{
  "dateTime" : "01/05/24 16:22:51",
  "value" : {
    "lapDurationSec" : 15,
    "strokeCount" : 6,
    "swimStrokeType" : "UNKNOWN",
    "swimAlgorithmType" : "EUCLID"
  }
},{
  "dateTime" : "01/05/24 17:42:55",
  "value" : {
    "lapDurationSec" : 11,
    "strokeCount" : 11,
    "swimStrokeType" : "UNKNOWN",
    "swimAlgorithmType" : "EUCLID"
  }
},{
  "dateTime" : "01/05/24 17:46:16",
  "value" : {
    "lapDurationSec" : 8,
    "strokeCount" : 5,
    "swimStrokeType" : "UNKNOWN",
    "swimAlgorithmType" : "EUCLID"
  }
},{
  "dateTime" : "01/05/24 17:46:56",
  "value" : {
    "lapDurationSec" : 11,
    "strokeCount" : 7,
    "swimStrokeType" : "UNKNOWN",
    "swimAlgorithmType" : "EUCLID"
  }
},{
  "dateTime" : "01/05/24 19:16:59",
  "value" : {
    "lapDurationSec" : 10,
    "strokeCount" : 6,
    "swimStrokeType" : "UNKNOWN",
    "swimAlgorithmType" : "EUCLID"
  }
},{
  "dateTime" : "01/05/24 19:17:39",
  "value" : {
    "lapDurationSec" : 22,
    "strokeCount" : 9,
    "swimStrokeType" : "UNKNOWN",
    "swimAlgorithmType" : "EUCLID"
  }
},{
  "dateTime" : "01/05/24 19:18:07",
  "value" : {
    "lapDurationSec" : 8,
    "strokeCount" : 6,
    "swimStrokeType" : "UNKNOWN",
    "swimAlgorithmType" : "EUCLID"
  }
},{
  "dateTime" : "01/05/24 19:28:35",
  "value" : {
    "lapDurationSec" : 11,
    "strokeCount" : 8,
    "swimStrokeType" : "UNKNOWN",
    "swimAlgorithmType" : "EUCLID"
  }
},{
  "dateTime" : "01/05/24 19:28:54",
  "value" : {
    "lapDurationSec" : 22,
    "strokeCount" : 13,
    "swimStrokeType" : "UNKNOWN",
    "swimAlgorithmType" : "EUCLID"
  }
},{
  "dateTime" : "01/05/24 19:29:23",
  "value" : {
    "lapDurationSec" : 16,
    "strokeCount" : 9,
    "swimStrokeType" : "UNKNOWN",
    "swimAlgorithmType" : "EUCLID"
  }
},{
  "dateTime" : "01/05/24 19:30:55",
  "value" : {
    "lapDurationSec" : 25,
    "strokeCount" : 14,
    "swimStrokeType" : "UNKNOWN",
    "swimAlgorithmType" : "EUCLID"
  }
},{
  "dateTime" : "01/05/24 19:31:26",
  "value" : {
    "lapDurationSec" : 15,
    "strokeCount" : 5,
    "swimStrokeType" : "UNKNOWN",
    "swimAlgorithmType" : "EUCLID"
  }
},{
  "dateTime" : "01/05/24 19:32:25",
  "value" : {
    "lapDurationSec" : 14,
    "strokeCount" : 11,
    "swimStrokeType" : "UNKNOWN",
    "swimAlgorithmType" : "EUCLID"
  }
},{
  "dateTime" : "01/05/24 20:29:44",
  "value" : {
    "lapDurationSec" : 16,
    "strokeCount" : 5,
    "swimStrokeType" : "UNKNOWN",
    "swimAlgorithmType" : "EUCLID"
  }
},{
  "dateTime" : "01/05/24 20:30:53",
  "value" : {
    "lapDurationSec" : 16,
    "strokeCount" : 5,
    "swimStrokeType" : "UNKNOWN",
    "swimAlgorithmType" : "EUCLID"
  }
},{
  "dateTime" : "01/05/24 20:31:51",
  "value" : {
    "lapDurationSec" : 30,
    "strokeCount" : 15,
    "swimStrokeType" : "UNKNOWN",
    "swimAlgorithmType" : "EUCLID"
  }
},{
  "dateTime" : "01/05/24 20:32:52",
  "value" : {
    "lapDurationSec" : 28,
    "strokeCount" : 14,
    "swimStrokeType" : "UNKNOWN",
    "swimAlgorithmType" : "EUCLID"
  }
},{
  "dateTime" : "01/05/24 20:53:28",
  "value" : {
    "lapDurationSec" : 14,
    "strokeCount" : 6,
    "swimStrokeType" : "UNKNOWN",
    "swimAlgorithmType" : "EUCLID"
  }
},{
  "dateTime" : "01/05/24 20:54:34",
  "value" : {
    "lapDurationSec" : 14,
    "strokeCount" : 5,
    "swimStrokeType" : "UNKNOWN",
    "swimAlgorithmType" : "EUCLID"
  }
},{
  "dateTime" : "01/05/24 21:13:02",
  "value" : {
    "lapDurationSec" : 9,
    "strokeCount" : 5,
    "swimStrokeType" : "UNKNOWN",
    "swimAlgorithmType" : "EUCLID"
  }
},{
  "dateTime" : "01/05/24 21:33:12",
  "value" : {
    "lapDurationSec" : 20,
    "strokeCount" : 6,
    "swimStrokeType" : "UNKNOWN",
    "swimAlgorithmType" : "EUCLID"
  }
},{
  "dateTime" : "01/06/24 01:00:22",
  "value" : {
    "lapDurationSec" : 13,
    "strokeCount" : 6,
    "swimStrokeType" : "UNKNOWN",
    "swimAlgorithmType" : "EUCLID"
  }
},{
  "dateTime" : "01/06/24 02:00:12",
  "value" : {
    "lapDurationSec" : 10,
    "strokeCount" : 5,
    "swimStrokeType" : "UNKNOWN",
    "swimAlgorithmType" : "EUCLID"
  }
},{
  "dateTime" : "01/06/24 02:39:59",
  "value" : {
    "lapDurationSec" : 15,
    "strokeCount" : 6,
    "swimStrokeType" : "UNKNOWN",
    "swimAlgorithmType" : "EUCLID"
  }
},{
  "dateTime" : "01/06/24 02:48:21",
  "value" : {
    "lapDurationSec" : 8,
    "strokeCount" : 5,
    "swimStrokeType" : "UNKNOWN",
    "swimAlgorithmType" : "EUCLID"
  }
},{
  "dateTime" : "01/06/24 03:35:43",
  "value" : {
    "lapDurationSec" : 23,
    "strokeCount" : 7,
    "swimStrokeType" : "UNKNOWN",
    "swimAlgorithmType" : "EUCLID"
  }
},{
  "dateTime" : "01/06/24 03:40:38",
  "value" : {
    "lapDurationSec" : 22,
    "strokeCount" : 7,
    "swimStrokeType" : "UNKNOWN",
    "swimAlgorithmType" : "EUCLID"
  }
},{
  "dateTime" : "01/06/24 03:43:06",
  "value" : {
    "lapDurationSec" : 26,
    "strokeCount" : 9,
    "swimStrokeType" : "UNKNOWN",
    "swimAlgorithmType" : "EUCLID"
  }
},{
  "dateTime" : "01/06/24 03:44:01",
  "value" : {
    "lapDurationSec" : 15,
    "strokeCount" : 5,
    "swimStrokeType" : "UNKNOWN",
    "swimAlgorithmType" : "EUCLID"
  }
},{
  "dateTime" : "01/06/24 19:37:18",
  "value" : {
    "lapDurationSec" : 31,
    "strokeCount" : 14,
    "swimStrokeType" : "UNKNOWN",
    "swimAlgorithmType" : "EUCLID"
  }
},{
  "dateTime" : "01/06/24 20:53:08",
  "value" : {
    "lapDurationSec" : 15,
    "strokeCount" : 5,
    "swimStrokeType" : "UNKNOWN",
    "swimAlgorithmType" : "EUCLID"
  }
},{
  "dateTime" : "01/06/24 20:53:36",
  "value" : {
    "lapDurationSec" : 12,
    "strokeCount" : 5,
    "swimStrokeType" : "UNKNOWN",
    "swimAlgorithmType" : "EUCLID"
  }
},{
  "dateTime" : "01/06/24 20:53:59",
  "value" : {
    "lapDurationSec" : 15,
    "strokeCount" : 6,
    "swimStrokeType" : "UNKNOWN",
    "swimAlgorithmType" : "EUCLID"
  }
},{
  "dateTime" : "01/06/24 21:06:13",
  "value" : {
    "lapDurationSec" : 23,
    "strokeCount" : 5,
    "swimStrokeType" : "UNKNOWN",
    "swimAlgorithmType" : "EUCLID"
  }
},{
  "dateTime" : "01/06/24 21:23:41",
  "value" : {
    "lapDurationSec" : 41,
    "strokeCount" : 6,
    "swimStrokeType" : "UNKNOWN",
    "swimAlgorithmType" : "EUCLID"
  }
},{
  "dateTime" : "01/06/24 21:24:41",
  "value" : {
    "lapDurationSec" : 56,
    "strokeCount" : 7,
    "swimStrokeType" : "UNKNOWN",
    "swimAlgorithmType" : "EUCLID"
  }
},{
  "dateTime" : "01/06/24 23:37:59",
  "value" : {
    "lapDurationSec" : 7,
    "strokeCount" : 5,
    "swimStrokeType" : "UNKNOWN",
    "swimAlgorithmType" : "EUCLID"
  }
},{
  "dateTime" : "01/06/24 23:38:19",
  "value" : {
    "lapDurationSec" : 13,
    "strokeCount" : 5,
    "swimStrokeType" : "UNKNOWN",
    "swimAlgorithmType" : "EUCLID"
  }
},{
  "dateTime" : "01/06/24 23:46:51",
  "value" : {
    "lapDurationSec" : 17,
    "strokeCount" : 5,
    "swimStrokeType" : "UNKNOWN",
    "swimAlgorithmType" : "EUCLID"
  }
},{
  "dateTime" : "01/06/24 23:51:49",
  "value" : {
    "lapDurationSec" : 14,
    "strokeCount" : 5,
    "swimStrokeType" : "UNKNOWN",
    "swimAlgorithmType" : "EUCLID"
  }
},{
  "dateTime" : "01/06/24 23:53:53",
  "value" : {
    "lapDurationSec" : 18,
    "strokeCount" : 5,
    "swimStrokeType" : "UNKNOWN",
    "swimAlgorithmType" : "EUCLID"
  }
},{
  "dateTime" : "01/06/24 23:55:01",
  "value" : {
    "lapDurationSec" : 18,
    "strokeCount" : 8,
    "swimStrokeType" : "UNKNOWN",
    "swimAlgorithmType" : "EUCLID"
  }
},{
  "dateTime" : "01/06/24 23:55:27",
  "value" : {
    "lapDurationSec" : 19,
    "strokeCount" : 6,
    "swimStrokeType" : "UNKNOWN",
    "swimAlgorithmType" : "EUCLID"
  }
},{
  "dateTime" : "01/06/24 23:57:20",
  "value" : {
    "lapDurationSec" : 25,
    "strokeCount" : 5,
    "swimStrokeType" : "UNKNOWN",
    "swimAlgorithmType" : "EUCLID"
  }
},{
  "dateTime" : "01/06/24 23:58:44",
  "value" : {
    "lapDurationSec" : 18,
    "strokeCount" : 6,
    "swimStrokeType" : "UNKNOWN",
    "swimAlgorithmType" : "EUCLID"
  }
},{
  "dateTime" : "01/07/24 00:03:06",
  "value" : {
    "lapDurationSec" : 18,
    "strokeCount" : 5,
    "swimStrokeType" : "UNKNOWN",
    "swimAlgorithmType" : "EUCLID"
  }
},{
  "dateTime" : "01/07/24 00:34:49",
  "value" : {
    "lapDurationSec" : 15,
    "strokeCount" : 5,
    "swimStrokeType" : "UNKNOWN",
    "swimAlgorithmType" : "EUCLID"
  }
},{
  "dateTime" : "01/07/24 00:35:17",
  "value" : {
    "lapDurationSec" : 23,
    "strokeCount" : 6,
    "swimStrokeType" : "UNKNOWN",
    "swimAlgorithmType" : "EUCLID"
  }
},{
  "dateTime" : "01/07/24 00:36:51",
  "value" : {
    "lapDurationSec" : 34,
    "strokeCount" : 7,
    "swimStrokeType" : "UNKNOWN",
    "swimAlgorithmType" : "EUCLID"
  }
},{
  "dateTime" : "01/07/24 00:37:37",
  "value" : {
    "lapDurationSec" : 32,
    "strokeCount" : 6,
    "swimStrokeType" : "UNKNOWN",
    "swimAlgorithmType" : "EUCLID"
  }
},{
  "dateTime" : "01/07/24 00:39:00",
  "value" : {
    "lapDurationSec" : 27,
    "strokeCount" : 5,
    "swimStrokeType" : "UNKNOWN",
    "swimAlgorithmType" : "EUCLID"
  }
},{
  "dateTime" : "01/07/24 00:40:42",
  "value" : {
    "lapDurationSec" : 35,
    "strokeCount" : 8,
    "swimStrokeType" : "UNKNOWN",
    "swimAlgorithmType" : "EUCLID"
  }
},{
  "dateTime" : "01/07/24 00:43:20",
  "value" : {
    "lapDurationSec" : 31,
    "strokeCount" : 7,
    "swimStrokeType" : "UNKNOWN",
    "swimAlgorithmType" : "EUCLID"
  }
},{
  "dateTime" : "01/07/24 00:44:15",
  "value" : {
    "lapDurationSec" : 27,
    "strokeCount" : 5,
    "swimStrokeType" : "UNKNOWN",
    "swimAlgorithmType" : "EUCLID"
  }
},{
  "dateTime" : "01/07/24 00:44:49",
  "value" : {
    "lapDurationSec" : 16,
    "strokeCount" : 5,
    "swimStrokeType" : "UNKNOWN",
    "swimAlgorithmType" : "EUCLID"
  }
},{
  "dateTime" : "01/07/24 00:45:15",
  "value" : {
    "lapDurationSec" : 25,
    "strokeCount" : 7,
    "swimStrokeType" : "UNKNOWN",
    "swimAlgorithmType" : "EUCLID"
  }
},{
  "dateTime" : "01/07/24 00:46:51",
  "value" : {
    "lapDurationSec" : 29,
    "strokeCount" : 6,
    "swimStrokeType" : "UNKNOWN",
    "swimAlgorithmType" : "EUCLID"
  }
},{
  "dateTime" : "01/07/24 00:47:35",
  "value" : {
    "lapDurationSec" : 37,
    "strokeCount" : 8,
    "swimStrokeType" : "UNKNOWN",
    "swimAlgorithmType" : "EUCLID"
  }
},{
  "dateTime" : "01/07/24 00:48:27",
  "value" : {
    "lapDurationSec" : 28,
    "strokeCount" : 5,
    "swimStrokeType" : "UNKNOWN",
    "swimAlgorithmType" : "EUCLID"
  }
},{
  "dateTime" : "01/07/24 00:49:39",
  "value" : {
    "lapDurationSec" : 43,
    "strokeCount" : 11,
    "swimStrokeType" : "UNKNOWN",
    "swimAlgorithmType" : "EUCLID"
  }
},{
  "dateTime" : "01/07/24 00:50:42",
  "value" : {
    "lapDurationSec" : 11,
    "strokeCount" : 5,
    "swimStrokeType" : "UNKNOWN",
    "swimAlgorithmType" : "EUCLID"
  }
},{
  "dateTime" : "01/07/24 01:12:47",
  "value" : {
    "lapDurationSec" : 9,
    "strokeCount" : 5,
    "swimStrokeType" : "UNKNOWN",
    "swimAlgorithmType" : "EUCLID"
  }
},{
  "dateTime" : "01/07/24 01:13:34",
  "value" : {
    "lapDurationSec" : 20,
    "strokeCount" : 6,
    "swimStrokeType" : "UNKNOWN",
    "swimAlgorithmType" : "EUCLID"
  }
},{
  "dateTime" : "01/07/24 01:14:51",
  "value" : {
    "lapDurationSec" : 13,
    "strokeCount" : 5,
    "swimStrokeType" : "UNKNOWN",
    "swimAlgorithmType" : "EUCLID"
  }
},{
  "dateTime" : "01/07/24 01:20:00",
  "value" : {
    "lapDurationSec" : 21,
    "strokeCount" : 6,
    "swimStrokeType" : "UNKNOWN",
    "swimAlgorithmType" : "EUCLID"
  }
},{
  "dateTime" : "01/07/24 01:20:52",
  "value" : {
    "lapDurationSec" : 12,
    "strokeCount" : 5,
    "swimStrokeType" : "UNKNOWN",
    "swimAlgorithmType" : "EUCLID"
  }
},{
  "dateTime" : "01/07/24 01:22:20",
  "value" : {
    "lapDurationSec" : 14,
    "strokeCount" : 5,
    "swimStrokeType" : "UNKNOWN",
    "swimAlgorithmType" : "EUCLID"
  }
},{
  "dateTime" : "01/07/24 01:22:55",
  "value" : {
    "lapDurationSec" : 36,
    "strokeCount" : 11,
    "swimStrokeType" : "UNKNOWN",
    "swimAlgorithmType" : "EUCLID"
  }
},{
  "dateTime" : "01/07/24 01:24:57",
  "value" : {
    "lapDurationSec" : 14,
    "strokeCount" : 5,
    "swimStrokeType" : "UNKNOWN",
    "swimAlgorithmType" : "EUCLID"
  }
},{
  "dateTime" : "01/07/24 01:32:17",
  "value" : {
    "lapDurationSec" : 12,
    "strokeCount" : 6,
    "swimStrokeType" : "UNKNOWN",
    "swimAlgorithmType" : "EUCLID"
  }
},{
  "dateTime" : "01/07/24 01:36:15",
  "value" : {
    "lapDurationSec" : 16,
    "strokeCount" : 8,
    "swimStrokeType" : "UNKNOWN",
    "swimAlgorithmType" : "EUCLID"
  }
},{
  "dateTime" : "01/07/24 01:46:28",
  "value" : {
    "lapDurationSec" : 14,
    "strokeCount" : 8,
    "swimStrokeType" : "UNKNOWN",
    "swimAlgorithmType" : "EUCLID"
  }
},{
  "dateTime" : "01/07/24 01:49:09",
  "value" : {
    "lapDurationSec" : 30,
    "strokeCount" : 10,
    "swimStrokeType" : "UNKNOWN",
    "swimAlgorithmType" : "EUCLID"
  }
},{
  "dateTime" : "01/07/24 01:50:26",
  "value" : {
    "lapDurationSec" : 15,
    "strokeCount" : 5,
    "swimStrokeType" : "UNKNOWN",
    "swimAlgorithmType" : "EUCLID"
  }
},{
  "dateTime" : "01/07/24 01:50:54",
  "value" : {
    "lapDurationSec" : 20,
    "strokeCount" : 6,
    "swimStrokeType" : "UNKNOWN",
    "swimAlgorithmType" : "EUCLID"
  }
},{
  "dateTime" : "01/07/24 01:55:14",
  "value" : {
    "lapDurationSec" : 23,
    "strokeCount" : 6,
    "swimStrokeType" : "UNKNOWN",
    "swimAlgorithmType" : "EUCLID"
  }
},{
  "dateTime" : "01/08/24 19:22:30",
  "value" : {
    "lapDurationSec" : 8,
    "strokeCount" : 6,
    "swimStrokeType" : "UNKNOWN",
    "swimAlgorithmType" : "EUCLID"
  }
},{
  "dateTime" : "01/08/24 19:22:59",
  "value" : {
    "lapDurationSec" : 13,
    "strokeCount" : 9,
    "swimStrokeType" : "UNKNOWN",
    "swimAlgorithmType" : "EUCLID"
  }
},{
  "dateTime" : "01/08/24 20:37:26",
  "value" : {
    "lapDurationSec" : 17,
    "strokeCount" : 6,
    "swimStrokeType" : "UNKNOWN",
    "swimAlgorithmType" : "EUCLID"
  }
},{
  "dateTime" : "01/08/24 20:44:57",
  "value" : {
    "lapDurationSec" : 23,
    "strokeCount" : 12,
    "swimStrokeType" : "UNKNOWN",
    "swimAlgorithmType" : "EUCLID"
  }
},{
  "dateTime" : "01/08/24 20:46:02",
  "value" : {
    "lapDurationSec" : 17,
    "strokeCount" : 9,
    "swimStrokeType" : "UNKNOWN",
    "swimAlgorithmType" : "EUCLID"
  }
},{
  "dateTime" : "01/08/24 20:48:21",
  "value" : {
    "lapDurationSec" : 8,
    "strokeCount" : 5,
    "swimStrokeType" : "UNKNOWN",
    "swimAlgorithmType" : "EUCLID"
  }
},{
  "dateTime" : "01/08/24 20:48:59",
  "value" : {
    "lapDurationSec" : 12,
    "strokeCount" : 6,
    "swimStrokeType" : "UNKNOWN",
    "swimAlgorithmType" : "EUCLID"
  }
},{
  "dateTime" : "01/08/24 20:55:53",
  "value" : {
    "lapDurationSec" : 10,
    "strokeCount" : 5,
    "swimStrokeType" : "UNKNOWN",
    "swimAlgorithmType" : "EUCLID"
  }
},{
  "dateTime" : "01/08/24 20:59:49",
  "value" : {
    "lapDurationSec" : 11,
    "strokeCount" : 5,
    "swimStrokeType" : "UNKNOWN",
    "swimAlgorithmType" : "EUCLID"
  }
},{
  "dateTime" : "01/08/24 21:11:18",
  "value" : {
    "lapDurationSec" : 23,
    "strokeCount" : 5,
    "swimStrokeType" : "UNKNOWN",
    "swimAlgorithmType" : "EUCLID"
  }
},{
  "dateTime" : "01/08/24 22:18:45",
  "value" : {
    "lapDurationSec" : 12,
    "strokeCount" : 5,
    "swimStrokeType" : "UNKNOWN",
    "swimAlgorithmType" : "EUCLID"
  }
},{
  "dateTime" : "01/08/24 22:32:01",
  "value" : {
    "lapDurationSec" : 17,
    "strokeCount" : 6,
    "swimStrokeType" : "UNKNOWN",
    "swimAlgorithmType" : "EUCLID"
  }
},{
  "dateTime" : "01/08/24 22:41:19",
  "value" : {
    "lapDurationSec" : 15,
    "strokeCount" : 5,
    "swimStrokeType" : "UNKNOWN",
    "swimAlgorithmType" : "EUCLID"
  }
},{
  "dateTime" : "01/08/24 22:43:49",
  "value" : {
    "lapDurationSec" : 17,
    "strokeCount" : 5,
    "swimStrokeType" : "UNKNOWN",
    "swimAlgorithmType" : "EUCLID"
  }
},{
  "dateTime" : "01/08/24 22:45:14",
  "value" : {
    "lapDurationSec" : 22,
    "strokeCount" : 7,
    "swimStrokeType" : "UNKNOWN",
    "swimAlgorithmType" : "EUCLID"
  }
},{
  "dateTime" : "01/08/24 22:49:23",
  "value" : {
    "lapDurationSec" : 26,
    "strokeCount" : 6,
    "swimStrokeType" : "UNKNOWN",
    "swimAlgorithmType" : "EUCLID"
  }
},{
  "dateTime" : "01/08/24 23:21:34",
  "value" : {
    "lapDurationSec" : 19,
    "strokeCount" : 7,
    "swimStrokeType" : "UNKNOWN",
    "swimAlgorithmType" : "EUCLID"
  }
},{
  "dateTime" : "01/08/24 23:22:21",
  "value" : {
    "lapDurationSec" : 14,
    "strokeCount" : 5,
    "swimStrokeType" : "UNKNOWN",
    "swimAlgorithmType" : "EUCLID"
  }
},{
  "dateTime" : "01/08/24 23:23:19",
  "value" : {
    "lapDurationSec" : 14,
    "strokeCount" : 5,
    "swimStrokeType" : "UNKNOWN",
    "swimAlgorithmType" : "EUCLID"
  }
},{
  "dateTime" : "01/08/24 23:47:45",
  "value" : {
    "lapDurationSec" : 15,
    "strokeCount" : 7,
    "swimStrokeType" : "UNKNOWN",
    "swimAlgorithmType" : "EUCLID"
  }
},{
  "dateTime" : "01/08/24 23:49:14",
  "value" : {
    "lapDurationSec" : 28,
    "strokeCount" : 9,
    "swimStrokeType" : "UNKNOWN",
    "swimAlgorithmType" : "EUCLID"
  }
},{
  "dateTime" : "01/09/24 00:00:15",
  "value" : {
    "lapDurationSec" : 16,
    "strokeCount" : 5,
    "swimStrokeType" : "UNKNOWN",
    "swimAlgorithmType" : "EUCLID"
  }
},{
  "dateTime" : "01/09/24 00:01:43",
  "value" : {
    "lapDurationSec" : 14,
    "strokeCount" : 5,
    "swimStrokeType" : "UNKNOWN",
    "swimAlgorithmType" : "EUCLID"
  }
},{
  "dateTime" : "01/09/24 00:07:58",
  "value" : {
    "lapDurationSec" : 12,
    "strokeCount" : 5,
    "swimStrokeType" : "UNKNOWN",
    "swimAlgorithmType" : "EUCLID"
  }
},{
  "dateTime" : "01/09/24 00:08:26",
  "value" : {
    "lapDurationSec" : 17,
    "strokeCount" : 6,
    "swimStrokeType" : "UNKNOWN",
    "swimAlgorithmType" : "EUCLID"
  }
},{
  "dateTime" : "01/09/24 00:09:48",
  "value" : {
    "lapDurationSec" : 17,
    "strokeCount" : 5,
    "swimStrokeType" : "UNKNOWN",
    "swimAlgorithmType" : "EUCLID"
  }
},{
  "dateTime" : "01/09/24 00:10:14",
  "value" : {
    "lapDurationSec" : 15,
    "strokeCount" : 5,
    "swimStrokeType" : "UNKNOWN",
    "swimAlgorithmType" : "EUCLID"
  }
},{
  "dateTime" : "01/09/24 00:10:45",
  "value" : {
    "lapDurationSec" : 23,
    "strokeCount" : 6,
    "swimStrokeType" : "UNKNOWN",
    "swimAlgorithmType" : "EUCLID"
  }
},{
  "dateTime" : "01/09/24 00:11:19",
  "value" : {
    "lapDurationSec" : 23,
    "strokeCount" : 6,
    "swimStrokeType" : "UNKNOWN",
    "swimAlgorithmType" : "EUCLID"
  }
},{
  "dateTime" : "01/09/24 00:14:24",
  "value" : {
    "lapDurationSec" : 20,
    "strokeCount" : 7,
    "swimStrokeType" : "UNKNOWN",
    "swimAlgorithmType" : "EUCLID"
  }
},{
  "dateTime" : "01/09/24 00:19:15",
  "value" : {
    "lapDurationSec" : 12,
    "strokeCount" : 5,
    "swimStrokeType" : "UNKNOWN",
    "swimAlgorithmType" : "EUCLID"
  }
},{
  "dateTime" : "01/09/24 00:21:35",
  "value" : {
    "lapDurationSec" : 21,
    "strokeCount" : 5,
    "swimStrokeType" : "UNKNOWN",
    "swimAlgorithmType" : "EUCLID"
  }
},{
  "dateTime" : "01/09/24 00:25:16",
  "value" : {
    "lapDurationSec" : 26,
    "strokeCount" : 5,
    "swimStrokeType" : "UNKNOWN",
    "swimAlgorithmType" : "EUCLID"
  }
},{
  "dateTime" : "01/09/24 04:51:40",
  "value" : {
    "lapDurationSec" : 8,
    "strokeCount" : 5,
    "swimStrokeType" : "UNKNOWN",
    "swimAlgorithmType" : "EUCLID"
  }
},{
  "dateTime" : "01/09/24 04:52:12",
  "value" : {
    "lapDurationSec" : 21,
    "strokeCount" : 7,
    "swimStrokeType" : "UNKNOWN",
    "swimAlgorithmType" : "EUCLID"
  }
},{
  "dateTime" : "01/09/24 05:06:20",
  "value" : {
    "lapDurationSec" : 38,
    "strokeCount" : 6,
    "swimStrokeType" : "UNKNOWN",
    "swimAlgorithmType" : "EUCLID"
  }
},{
  "dateTime" : "01/09/24 05:07:11",
  "value" : {
    "lapDurationSec" : 39,
    "strokeCount" : 7,
    "swimStrokeType" : "UNKNOWN",
    "swimAlgorithmType" : "EUCLID"
  }
},{
  "dateTime" : "01/09/24 05:20:31",
  "value" : {
    "lapDurationSec" : 52,
    "strokeCount" : 8,
    "swimStrokeType" : "UNKNOWN",
    "swimAlgorithmType" : "EUCLID"
  }
},{
  "dateTime" : "01/09/24 05:33:26",
  "value" : {
    "lapDurationSec" : 57,
    "strokeCount" : 7,
    "swimStrokeType" : "UNKNOWN",
    "swimAlgorithmType" : "EUCLID"
  }
},{
  "dateTime" : "01/09/24 05:34:34",
  "value" : {
    "lapDurationSec" : 50,
    "strokeCount" : 8,
    "swimStrokeType" : "UNKNOWN",
    "swimAlgorithmType" : "EUCLID"
  }
},{
  "dateTime" : "01/09/24 05:36:29",
  "value" : {
    "lapDurationSec" : 36,
    "strokeCount" : 7,
    "swimStrokeType" : "UNKNOWN",
    "swimAlgorithmType" : "EUCLID"
  }
},{
  "dateTime" : "01/10/24 19:24:16",
  "value" : {
    "lapDurationSec" : 16,
    "strokeCount" : 9,
    "swimStrokeType" : "UNKNOWN",
    "swimAlgorithmType" : "EUCLID"
  }
},{
  "dateTime" : "01/10/24 19:25:18",
  "value" : {
    "lapDurationSec" : 15,
    "strokeCount" : 10,
    "swimStrokeType" : "UNKNOWN",
    "swimAlgorithmType" : "EUCLID"
  }
},{
  "dateTime" : "01/10/24 19:25:39",
  "value" : {
    "lapDurationSec" : 10,
    "strokeCount" : 5,
    "swimStrokeType" : "UNKNOWN",
    "swimAlgorithmType" : "EUCLID"
  }
},{
  "dateTime" : "01/10/24 20:44:24",
  "value" : {
    "lapDurationSec" : 16,
    "strokeCount" : 6,
    "swimStrokeType" : "UNKNOWN",
    "swimAlgorithmType" : "EUCLID"
  }
},{
  "dateTime" : "01/10/24 21:03:52",
  "value" : {
    "lapDurationSec" : 12,
    "strokeCount" : 6,
    "swimStrokeType" : "UNKNOWN",
    "swimAlgorithmType" : "EUCLID"
  }
},{
  "dateTime" : "01/10/24 21:06:25",
  "value" : {
    "lapDurationSec" : 11,
    "strokeCount" : 6,
    "swimStrokeType" : "UNKNOWN",
    "swimAlgorithmType" : "EUCLID"
  }
},{
  "dateTime" : "01/10/24 21:07:04",
  "value" : {
    "lapDurationSec" : 25,
    "strokeCount" : 13,
    "swimStrokeType" : "UNKNOWN",
    "swimAlgorithmType" : "EUCLID"
  }
},{
  "dateTime" : "01/10/24 21:08:08",
  "value" : {
    "lapDurationSec" : 24,
    "strokeCount" : 12,
    "swimStrokeType" : "UNKNOWN",
    "swimAlgorithmType" : "EUCLID"
  }
},{
  "dateTime" : "01/10/24 21:45:54",
  "value" : {
    "lapDurationSec" : 13,
    "strokeCount" : 5,
    "swimStrokeType" : "UNKNOWN",
    "swimAlgorithmType" : "EUCLID"
  }
},{
  "dateTime" : "01/10/24 22:23:49",
  "value" : {
    "lapDurationSec" : 21,
    "strokeCount" : 7,
    "swimStrokeType" : "UNKNOWN",
    "swimAlgorithmType" : "EUCLID"
  }
},{
  "dateTime" : "01/11/24 02:02:05",
  "value" : {
    "lapDurationSec" : 14,
    "strokeCount" : 7,
    "swimStrokeType" : "UNKNOWN",
    "swimAlgorithmType" : "EUCLID"
  }
},{
  "dateTime" : "01/11/24 04:39:03",
  "value" : {
    "lapDurationSec" : 10,
    "strokeCount" : 5,
    "swimStrokeType" : "UNKNOWN",
    "swimAlgorithmType" : "EUCLID"
  }
},{
  "dateTime" : "01/11/24 05:09:23",
  "value" : {
    "lapDurationSec" : 14,
    "strokeCount" : 5,
    "swimStrokeType" : "UNKNOWN",
    "swimAlgorithmType" : "EUCLID"
  }
},{
  "dateTime" : "01/11/24 05:10:12",
  "value" : {
    "lapDurationSec" : 21,
    "strokeCount" : 5,
    "swimStrokeType" : "UNKNOWN",
    "swimAlgorithmType" : "EUCLID"
  }
},{
  "dateTime" : "01/11/24 05:11:17",
  "value" : {
    "lapDurationSec" : 40,
    "strokeCount" : 6,
    "swimStrokeType" : "UNKNOWN",
    "swimAlgorithmType" : "EUCLID"
  }
},{
  "dateTime" : "01/11/24 05:12:11",
  "value" : {
    "lapDurationSec" : 58,
    "strokeCount" : 10,
    "swimStrokeType" : "UNKNOWN",
    "swimAlgorithmType" : "EUCLID"
  }
},{
  "dateTime" : "01/11/24 05:13:47",
  "value" : {
    "lapDurationSec" : 43,
    "strokeCount" : 6,
    "swimStrokeType" : "UNKNOWN",
    "swimAlgorithmType" : "EUCLID"
  }
},{
  "dateTime" : "01/11/24 05:14:53",
  "value" : {
    "lapDurationSec" : 48,
    "strokeCount" : 9,
    "swimStrokeType" : "UNKNOWN",
    "swimAlgorithmType" : "EUCLID"
  }
},{
  "dateTime" : "01/11/24 05:16:14",
  "value" : {
    "lapDurationSec" : 36,
    "strokeCount" : 6,
    "swimStrokeType" : "UNKNOWN",
    "swimAlgorithmType" : "EUCLID"
  }
},{
  "dateTime" : "01/11/24 05:18:27",
  "value" : {
    "lapDurationSec" : 52,
    "strokeCount" : 9,
    "swimStrokeType" : "UNKNOWN",
    "swimAlgorithmType" : "EUCLID"
  }
},{
  "dateTime" : "01/16/24 19:07:33",
  "value" : {
    "lapDurationSec" : 12,
    "strokeCount" : 6,
    "swimStrokeType" : "UNKNOWN",
    "swimAlgorithmType" : "EUCLID"
  }
},{
  "dateTime" : "01/16/24 19:08:08",
  "value" : {
    "lapDurationSec" : 16,
    "strokeCount" : 6,
    "swimStrokeType" : "UNKNOWN",
    "swimAlgorithmType" : "EUCLID"
  }
},{
  "dateTime" : "01/16/24 19:22:01",
  "value" : {
    "lapDurationSec" : 26,
    "strokeCount" : 6,
    "swimStrokeType" : "UNKNOWN",
    "swimAlgorithmType" : "EUCLID"
  }
},{
  "dateTime" : "01/16/24 19:23:14",
  "value" : {
    "lapDurationSec" : 56,
    "strokeCount" : 20,
    "swimStrokeType" : "UNKNOWN",
    "swimAlgorithmType" : "EUCLID"
  }
},{
  "dateTime" : "01/16/24 19:24:17",
  "value" : {
    "lapDurationSec" : 52,
    "strokeCount" : 20,
    "swimStrokeType" : "UNKNOWN",
    "swimAlgorithmType" : "EUCLID"
  }
},{
  "dateTime" : "01/16/24 20:57:09",
  "value" : {
    "lapDurationSec" : 8,
    "strokeCount" : 5,
    "swimStrokeType" : "UNKNOWN",
    "swimAlgorithmType" : "EUCLID"
  }
},{
  "dateTime" : "01/16/24 20:58:50",
  "value" : {
    "lapDurationSec" : 10,
    "strokeCount" : 6,
    "swimStrokeType" : "UNKNOWN",
    "swimAlgorithmType" : "EUCLID"
  }
},{
  "dateTime" : "01/16/24 20:59:31",
  "value" : {
    "lapDurationSec" : 35,
    "strokeCount" : 15,
    "swimStrokeType" : "UNKNOWN",
    "swimAlgorithmType" : "EUCLID"
  }
},{
  "dateTime" : "01/16/24 21:17:22",
  "value" : {
    "lapDurationSec" : 14,
    "strokeCount" : 6,
    "swimStrokeType" : "UNKNOWN",
    "swimAlgorithmType" : "EUCLID"
  }
},{
  "dateTime" : "01/16/24 22:08:50",
  "value" : {
    "lapDurationSec" : 11,
    "strokeCount" : 5,
    "swimStrokeType" : "UNKNOWN",
    "swimAlgorithmType" : "EUCLID"
  }
},{
  "dateTime" : "01/16/24 22:10:43",
  "value" : {
    "lapDurationSec" : 30,
    "strokeCount" : 10,
    "swimStrokeType" : "UNKNOWN",
    "swimAlgorithmType" : "EUCLID"
  }
},{
  "dateTime" : "01/16/24 22:12:45",
  "value" : {
    "lapDurationSec" : 21,
    "strokeCount" : 5,
    "swimStrokeType" : "UNKNOWN",
    "swimAlgorithmType" : "EUCLID"
  }
},{
  "dateTime" : "01/16/24 22:13:15",
  "value" : {
    "lapDurationSec" : 43,
    "strokeCount" : 10,
    "swimStrokeType" : "UNKNOWN",
    "swimAlgorithmType" : "EUCLID"
  }
},{
  "dateTime" : "01/16/24 22:14:26",
  "value" : {
    "lapDurationSec" : 43,
    "strokeCount" : 10,
    "swimStrokeType" : "UNKNOWN",
    "swimAlgorithmType" : "EUCLID"
  }
},{
  "dateTime" : "01/16/24 22:15:26",
  "value" : {
    "lapDurationSec" : 17,
    "strokeCount" : 6,
    "swimStrokeType" : "UNKNOWN",
    "swimAlgorithmType" : "EUCLID"
  }
},{
  "dateTime" : "01/16/24 22:18:52",
  "value" : {
    "lapDurationSec" : 23,
    "strokeCount" : 7,
    "swimStrokeType" : "UNKNOWN",
    "swimAlgorithmType" : "EUCLID"
  }
},{
  "dateTime" : "01/16/24 22:41:37",
  "value" : {
    "lapDurationSec" : 22,
    "strokeCount" : 5,
    "swimStrokeType" : "UNKNOWN",
    "swimAlgorithmType" : "EUCLID"
  }
},{
  "dateTime" : "01/16/24 22:45:47",
  "value" : {
    "lapDurationSec" : 41,
    "strokeCount" : 6,
    "swimStrokeType" : "UNKNOWN",
    "swimAlgorithmType" : "EUCLID"
  }
},{
  "dateTime" : "01/16/24 23:22:36",
  "value" : {
    "lapDurationSec" : 50,
    "strokeCount" : 8,
    "swimStrokeType" : "UNKNOWN",
    "swimAlgorithmType" : "EUCLID"
  }
},{
  "dateTime" : "01/16/24 23:23:52",
  "value" : {
    "lapDurationSec" : 53,
    "strokeCount" : 6,
    "swimStrokeType" : "UNKNOWN",
    "swimAlgorithmType" : "EUCLID"
  }
},{
  "dateTime" : "01/16/24 23:25:15",
  "value" : {
    "lapDurationSec" : 30,
    "strokeCount" : 5,
    "swimStrokeType" : "UNKNOWN",
    "swimAlgorithmType" : "EUCLID"
  }
},{
  "dateTime" : "01/16/24 23:28:28",
  "value" : {
    "lapDurationSec" : 47,
    "strokeCount" : 7,
    "swimStrokeType" : "UNKNOWN",
    "swimAlgorithmType" : "EUCLID"
  }
},{
  "dateTime" : "01/16/24 23:29:48",
  "value" : {
    "lapDurationSec" : 51,
    "strokeCount" : 8,
    "swimStrokeType" : "UNKNOWN",
    "swimAlgorithmType" : "EUCLID"
  }
},{
  "dateTime" : "01/16/24 23:34:50",
  "value" : {
    "lapDurationSec" : 55,
    "strokeCount" : 12,
    "swimStrokeType" : "UNKNOWN",
    "swimAlgorithmType" : "EUCLID"
  }
},{
  "dateTime" : "01/16/24 23:35:57",
  "value" : {
    "lapDurationSec" : 27,
    "strokeCount" : 8,
    "swimStrokeType" : "UNKNOWN",
    "swimAlgorithmType" : "EUCLID"
  }
},{
  "dateTime" : "01/16/24 23:37:59",
  "value" : {
    "lapDurationSec" : 21,
    "strokeCount" : 7,
    "swimStrokeType" : "UNKNOWN",
    "swimAlgorithmType" : "EUCLID"
  }
},{
  "dateTime" : "01/16/24 23:38:46",
  "value" : {
    "lapDurationSec" : 24,
    "strokeCount" : 8,
    "swimStrokeType" : "UNKNOWN",
    "swimAlgorithmType" : "EUCLID"
  }
},{
  "dateTime" : "01/16/24 23:39:20",
  "value" : {
    "lapDurationSec" : 19,
    "strokeCount" : 9,
    "swimStrokeType" : "UNKNOWN",
    "swimAlgorithmType" : "EUCLID"
  }
},{
  "dateTime" : "01/16/24 23:42:59",
  "value" : {
    "lapDurationSec" : 17,
    "strokeCount" : 6,
    "swimStrokeType" : "UNKNOWN",
    "swimAlgorithmType" : "EUCLID"
  }
},{
  "dateTime" : "01/16/24 23:44:04",
  "value" : {
    "lapDurationSec" : 21,
    "strokeCount" : 6,
    "swimStrokeType" : "UNKNOWN",
    "swimAlgorithmType" : "EUCLID"
  }
},{
  "dateTime" : "01/16/24 23:45:42",
  "value" : {
    "lapDurationSec" : 24,
    "strokeCount" : 6,
    "swimStrokeType" : "UNKNOWN",
    "swimAlgorithmType" : "EUCLID"
  }
},{
  "dateTime" : "01/16/24 23:48:18",
  "value" : {
    "lapDurationSec" : 32,
    "strokeCount" : 5,
    "swimStrokeType" : "UNKNOWN",
    "swimAlgorithmType" : "EUCLID"
  }
},{
  "dateTime" : "01/16/24 23:49:13",
  "value" : {
    "lapDurationSec" : 54,
    "strokeCount" : 9,
    "swimStrokeType" : "UNKNOWN",
    "swimAlgorithmType" : "EUCLID"
  }
},{
  "dateTime" : "01/16/24 23:51:09",
  "value" : {
    "lapDurationSec" : 38,
    "strokeCount" : 9,
    "swimStrokeType" : "UNKNOWN",
    "swimAlgorithmType" : "EUCLID"
  }
},{
  "dateTime" : "01/17/24 00:39:20",
  "value" : {
    "lapDurationSec" : 12,
    "strokeCount" : 5,
    "swimStrokeType" : "UNKNOWN",
    "swimAlgorithmType" : "EUCLID"
  }
},{
  "dateTime" : "01/17/24 01:29:43",
  "value" : {
    "lapDurationSec" : 10,
    "strokeCount" : 5,
    "swimStrokeType" : "UNKNOWN",
    "swimAlgorithmType" : "EUCLID"
  }
},{
  "dateTime" : "01/17/24 01:36:27",
  "value" : {
    "lapDurationSec" : 15,
    "strokeCount" : 5,
    "swimStrokeType" : "UNKNOWN",
    "swimAlgorithmType" : "EUCLID"
  }
},{
  "dateTime" : "01/17/24 01:40:56",
  "value" : {
    "lapDurationSec" : 18,
    "strokeCount" : 5,
    "swimStrokeType" : "UNKNOWN",
    "swimAlgorithmType" : "EUCLID"
  }
},{
  "dateTime" : "01/17/24 01:45:22",
  "value" : {
    "lapDurationSec" : 11,
    "strokeCount" : 5,
    "swimStrokeType" : "UNKNOWN",
    "swimAlgorithmType" : "EUCLID"
  }
},{
  "dateTime" : "01/17/24 02:13:04",
  "value" : {
    "lapDurationSec" : 12,
    "strokeCount" : 6,
    "swimStrokeType" : "UNKNOWN",
    "swimAlgorithmType" : "EUCLID"
  }
},{
  "dateTime" : "01/17/24 02:32:14",
  "value" : {
    "lapDurationSec" : 15,
    "strokeCount" : 6,
    "swimStrokeType" : "UNKNOWN",
    "swimAlgorithmType" : "EUCLID"
  }
},{
  "dateTime" : "01/17/24 02:38:02",
  "value" : {
    "lapDurationSec" : 25,
    "strokeCount" : 7,
    "swimStrokeType" : "UNKNOWN",
    "swimAlgorithmType" : "EUCLID"
  }
},{
  "dateTime" : "01/17/24 02:39:17",
  "value" : {
    "lapDurationSec" : 25,
    "strokeCount" : 6,
    "swimStrokeType" : "UNKNOWN",
    "swimAlgorithmType" : "EUCLID"
  }
},{
  "dateTime" : "01/17/24 02:40:17",
  "value" : {
    "lapDurationSec" : 16,
    "strokeCount" : 5,
    "swimStrokeType" : "UNKNOWN",
    "swimAlgorithmType" : "EUCLID"
  }
},{
  "dateTime" : "01/17/24 02:44:09",
  "value" : {
    "lapDurationSec" : 23,
    "strokeCount" : 6,
    "swimStrokeType" : "UNKNOWN",
    "swimAlgorithmType" : "EUCLID"
  }
},{
  "dateTime" : "01/17/24 02:51:26",
  "value" : {
    "lapDurationSec" : 53,
    "strokeCount" : 7,
    "swimStrokeType" : "UNKNOWN",
    "swimAlgorithmType" : "EUCLID"
  }
},{
  "dateTime" : "01/17/24 02:53:18",
  "value" : {
    "lapDurationSec" : 51,
    "strokeCount" : 8,
    "swimStrokeType" : "UNKNOWN",
    "swimAlgorithmType" : "EUCLID"
  }
},{
  "dateTime" : "01/17/24 02:55:21",
  "value" : {
    "lapDurationSec" : 42,
    "strokeCount" : 5,
    "swimStrokeType" : "UNKNOWN",
    "swimAlgorithmType" : "EUCLID"
  }
},{
  "dateTime" : "01/17/24 02:57:42",
  "value" : {
    "lapDurationSec" : 34,
    "strokeCount" : 6,
    "swimStrokeType" : "UNKNOWN",
    "swimAlgorithmType" : "EUCLID"
  }
},{
  "dateTime" : "01/17/24 02:58:28",
  "value" : {
    "lapDurationSec" : 49,
    "strokeCount" : 7,
    "swimStrokeType" : "UNKNOWN",
    "swimAlgorithmType" : "EUCLID"
  }
},{
  "dateTime" : "01/17/24 03:03:49",
  "value" : {
    "lapDurationSec" : 52,
    "strokeCount" : 10,
    "swimStrokeType" : "UNKNOWN",
    "swimAlgorithmType" : "EUCLID"
  }
},{
  "dateTime" : "01/17/24 03:05:04",
  "value" : {
    "lapDurationSec" : 43,
    "strokeCount" : 11,
    "swimStrokeType" : "UNKNOWN",
    "swimAlgorithmType" : "EUCLID"
  }
},{
  "dateTime" : "01/17/24 03:06:34",
  "value" : {
    "lapDurationSec" : 8,
    "strokeCount" : 5,
    "swimStrokeType" : "UNKNOWN",
    "swimAlgorithmType" : "EUCLID"
  }
},{
  "dateTime" : "01/17/24 03:09:11",
  "value" : {
    "lapDurationSec" : 19,
    "strokeCount" : 6,
    "swimStrokeType" : "UNKNOWN",
    "swimAlgorithmType" : "EUCLID"
  }
},{
  "dateTime" : "01/17/24 03:52:31",
  "value" : {
    "lapDurationSec" : 14,
    "strokeCount" : 7,
    "swimStrokeType" : "UNKNOWN",
    "swimAlgorithmType" : "EUCLID"
  }
},{
  "dateTime" : "01/17/24 03:57:06",
  "value" : {
    "lapDurationSec" : 16,
    "strokeCount" : 5,
    "swimStrokeType" : "UNKNOWN",
    "swimAlgorithmType" : "EUCLID"
  }
},{
  "dateTime" : "01/17/24 03:57:31",
  "value" : {
    "lapDurationSec" : 20,
    "strokeCount" : 6,
    "swimStrokeType" : "UNKNOWN",
    "swimAlgorithmType" : "EUCLID"
  }
},{
  "dateTime" : "01/17/24 04:00:29",
  "value" : {
    "lapDurationSec" : 20,
    "strokeCount" : 6,
    "swimStrokeType" : "UNKNOWN",
    "swimAlgorithmType" : "EUCLID"
  }
},{
  "dateTime" : "01/17/24 04:01:58",
  "value" : {
    "lapDurationSec" : 27,
    "strokeCount" : 6,
    "swimStrokeType" : "UNKNOWN",
    "swimAlgorithmType" : "EUCLID"
  }
},{
  "dateTime" : "01/17/24 04:02:41",
  "value" : {
    "lapDurationSec" : 23,
    "strokeCount" : 7,
    "swimStrokeType" : "UNKNOWN",
    "swimAlgorithmType" : "EUCLID"
  }
},{
  "dateTime" : "01/17/24 04:06:28",
  "value" : {
    "lapDurationSec" : 30,
    "strokeCount" : 7,
    "swimStrokeType" : "UNKNOWN",
    "swimAlgorithmType" : "EUCLID"
  }
},{
  "dateTime" : "01/17/24 04:07:46",
  "value" : {
    "lapDurationSec" : 29,
    "strokeCount" : 7,
    "swimStrokeType" : "UNKNOWN",
    "swimAlgorithmType" : "EUCLID"
  }
},{
  "dateTime" : "01/17/24 04:14:56",
  "value" : {
    "lapDurationSec" : 18,
    "strokeCount" : 5,
    "swimStrokeType" : "UNKNOWN",
    "swimAlgorithmType" : "EUCLID"
  }
},{
  "dateTime" : "01/20/24 19:08:54",
  "value" : {
    "lapDurationSec" : 14,
    "strokeCount" : 6,
    "swimStrokeType" : "UNKNOWN",
    "swimAlgorithmType" : "EUCLID"
  }
},{
  "dateTime" : "01/20/24 19:28:27",
  "value" : {
    "lapDurationSec" : 54,
    "strokeCount" : 19,
    "swimStrokeType" : "UNKNOWN",
    "swimAlgorithmType" : "EUCLID"
  }
},{
  "dateTime" : "01/20/24 19:29:28",
  "value" : {
    "lapDurationSec" : 8,
    "strokeCount" : 5,
    "swimStrokeType" : "UNKNOWN",
    "swimAlgorithmType" : "EUCLID"
  }
},{
  "dateTime" : "01/20/24 20:37:58",
  "value" : {
    "lapDurationSec" : 16,
    "strokeCount" : 5,
    "swimStrokeType" : "UNKNOWN",
    "swimAlgorithmType" : "EUCLID"
  }
}]