[{
  "dateTime" : "11/22/23 16:34:20",
  "value" : {
    "lapDurationSec" : 18,
    "strokeCount" : 6,
    "swimStrokeType" : "UNKNOWN",
    "swimAlgorithmType" : "EUCLID"
  }
},{
  "dateTime" : "11/22/23 16:42:25",
  "value" : {
    "lapDurationSec" : 16,
    "strokeCount" : 7,
    "swimStrokeType" : "UNKNOWN",
    "swimAlgorithmType" : "EUCLID"
  }
},{
  "dateTime" : "11/22/23 16:50:37",
  "value" : {
    "lapDurationSec" : 13,
    "strokeCount" : 5,
    "swimStrokeType" : "UNKNOWN",
    "swimAlgorithmType" : "EUCLID"
  }
},{
  "dateTime" : "11/22/23 17:44:37",
  "value" : {
    "lapDurationSec" : 21,
    "strokeCount" : 7,
    "swimStrokeType" : "UNKNOWN",
    "swimAlgorithmType" : "EUCLID"
  }
},{
  "dateTime" : "11/22/23 17:45:13",
  "value" : {
    "lapDurationSec" : 33,
    "strokeCount" : 10,
    "swimStrokeType" : "UNKNOWN",
    "swimAlgorithmType" : "EUCLID"
  }
},{
  "dateTime" : "11/22/23 17:46:40",
  "value" : {
    "lapDurationSec" : 15,
    "strokeCount" : 5,
    "swimStrokeType" : "UNKNOWN",
    "swimAlgorithmType" : "EUCLID"
  }
},{
  "dateTime" : "11/22/23 17:47:26",
  "value" : {
    "lapDurationSec" : 18,
    "strokeCount" : 6,
    "swimStrokeType" : "UNKNOWN",
    "swimAlgorithmType" : "EUCLID"
  }
},{
  "dateTime" : "11/22/23 17:48:21",
  "value" : {
    "lapDurationSec" : 18,
    "strokeCount" : 6,
    "swimStrokeType" : "UNKNOWN",
    "swimAlgorithmType" : "EUCLID"
  }
},{
  "dateTime" : "11/22/23 17:49:01",
  "value" : {
    "lapDurationSec" : 12,
    "strokeCount" : 5,
    "swimStrokeType" : "UNKNOWN",
    "swimAlgorithmType" : "EUCLID"
  }
},{
  "dateTime" : "11/22/23 17:50:38",
  "value" : {
    "lapDurationSec" : 15,
    "strokeCount" : 5,
    "swimStrokeType" : "UNKNOWN",
    "swimAlgorithmType" : "EUCLID"
  }
},{
  "dateTime" : "11/22/23 17:51:46",
  "value" : {
    "lapDurationSec" : 25,
    "strokeCount" : 10,
    "swimStrokeType" : "UNKNOWN",
    "swimAlgorithmType" : "EUCLID"
  }
},{
  "dateTime" : "11/22/23 18:04:24",
  "value" : {
    "lapDurationSec" : 13,
    "strokeCount" : 9,
    "swimStrokeType" : "UNKNOWN",
    "swimAlgorithmType" : "EUCLID"
  }
},{
  "dateTime" : "11/22/23 18:34:22",
  "value" : {
    "lapDurationSec" : 21,
    "strokeCount" : 7,
    "swimStrokeType" : "UNKNOWN",
    "swimAlgorithmType" : "EUCLID"
  }
},{
  "dateTime" : "11/22/23 18:34:56",
  "value" : {
    "lapDurationSec" : 16,
    "strokeCount" : 6,
    "swimStrokeType" : "UNKNOWN",
    "swimAlgorithmType" : "EUCLID"
  }
},{
  "dateTime" : "11/24/23 17:42:13",
  "value" : {
    "lapDurationSec" : 11,
    "strokeCount" : 5,
    "swimStrokeType" : "UNKNOWN",
    "swimAlgorithmType" : "EUCLID"
  }
},{
  "dateTime" : "11/24/23 17:45:05",
  "value" : {
    "lapDurationSec" : 11,
    "strokeCount" : 6,
    "swimStrokeType" : "UNKNOWN",
    "swimAlgorithmType" : "EUCLID"
  }
},{
  "dateTime" : "11/24/23 18:58:33",
  "value" : {
    "lapDurationSec" : 13,
    "strokeCount" : 5,
    "swimStrokeType" : "UNKNOWN",
    "swimAlgorithmType" : "EUCLID"
  }
},{
  "dateTime" : "11/24/23 19:22:07",
  "value" : {
    "lapDurationSec" : 21,
    "strokeCount" : 10,
    "swimStrokeType" : "UNKNOWN",
    "swimAlgorithmType" : "EUCLID"
  }
},{
  "dateTime" : "11/24/23 19:22:38",
  "value" : {
    "lapDurationSec" : 26,
    "strokeCount" : 14,
    "swimStrokeType" : "UNKNOWN",
    "swimAlgorithmType" : "EUCLID"
  }
},{
  "dateTime" : "11/24/23 19:23:08",
  "value" : {
    "lapDurationSec" : 13,
    "strokeCount" : 7,
    "swimStrokeType" : "UNKNOWN",
    "swimAlgorithmType" : "EUCLID"
  }
},{
  "dateTime" : "11/24/23 19:23:31",
  "value" : {
    "lapDurationSec" : 54,
    "strokeCount" : 20,
    "swimStrokeType" : "UNKNOWN",
    "swimAlgorithmType" : "EUCLID"
  }
},{
  "dateTime" : "11/24/23 20:05:34",
  "value" : {
    "lapDurationSec" : 18,
    "strokeCount" : 5,
    "swimStrokeType" : "UNKNOWN",
    "swimAlgorithmType" : "EUCLID"
  }
},{
  "dateTime" : "11/24/23 20:33:30",
  "value" : {
    "lapDurationSec" : 46,
    "strokeCount" : 10,
    "swimStrokeType" : "UNKNOWN",
    "swimAlgorithmType" : "EUCLID"
  }
},{
  "dateTime" : "11/24/23 20:39:27",
  "value" : {
    "lapDurationSec" : 28,
    "strokeCount" : 6,
    "swimStrokeType" : "UNKNOWN",
    "swimAlgorithmType" : "EUCLID"
  }
},{
  "dateTime" : "11/24/23 20:41:00",
  "value" : {
    "lapDurationSec" : 43,
    "strokeCount" : 8,
    "swimStrokeType" : "UNKNOWN",
    "swimAlgorithmType" : "EUCLID"
  }
},{
  "dateTime" : "11/24/23 21:01:13",
  "value" : {
    "lapDurationSec" : 9,
    "strokeCount" : 5,
    "swimStrokeType" : "UNKNOWN",
    "swimAlgorithmType" : "EUCLID"
  }
},{
  "dateTime" : "11/24/23 21:46:46",
  "value" : {
    "lapDurationSec" : 8,
    "strokeCount" : 7,
    "swimStrokeType" : "UNKNOWN",
    "swimAlgorithmType" : "EUCLID"
  }
},{
  "dateTime" : "11/24/23 21:55:24",
  "value" : {
    "lapDurationSec" : 17,
    "strokeCount" : 5,
    "swimStrokeType" : "UNKNOWN",
    "swimAlgorithmType" : "EUCLID"
  }
},{
  "dateTime" : "11/24/23 22:12:21",
  "value" : {
    "lapDurationSec" : 19,
    "strokeCount" : 6,
    "swimStrokeType" : "UNKNOWN",
    "swimAlgorithmType" : "EUCLID"
  }
},{
  "dateTime" : "11/24/23 22:13:25",
  "value" : {
    "lapDurationSec" : 14,
    "strokeCount" : 5,
    "swimStrokeType" : "UNKNOWN",
    "swimAlgorithmType" : "EUCLID"
  }
},{
  "dateTime" : "11/24/23 22:47:48",
  "value" : {
    "lapDurationSec" : 20,
    "strokeCount" : 7,
    "swimStrokeType" : "UNKNOWN",
    "swimAlgorithmType" : "EUCLID"
  }
},{
  "dateTime" : "11/24/23 22:49:50",
  "value" : {
    "lapDurationSec" : 17,
    "strokeCount" : 5,
    "swimStrokeType" : "UNKNOWN",
    "swimAlgorithmType" : "EUCLID"
  }
},{
  "dateTime" : "11/24/23 22:52:10",
  "value" : {
    "lapDurationSec" : 20,
    "strokeCount" : 7,
    "swimStrokeType" : "UNKNOWN",
    "swimAlgorithmType" : "EUCLID"
  }
},{
  "dateTime" : "11/24/23 22:52:36",
  "value" : {
    "lapDurationSec" : 13,
    "strokeCount" : 5,
    "swimStrokeType" : "UNKNOWN",
    "swimAlgorithmType" : "EUCLID"
  }
},{
  "dateTime" : "11/24/23 23:06:04",
  "value" : {
    "lapDurationSec" : 23,
    "strokeCount" : 5,
    "swimStrokeType" : "UNKNOWN",
    "swimAlgorithmType" : "EUCLID"
  }
},{
  "dateTime" : "11/24/23 23:07:17",
  "value" : {
    "lapDurationSec" : 47,
    "strokeCount" : 9,
    "swimStrokeType" : "UNKNOWN",
    "swimAlgorithmType" : "EUCLID"
  }
},{
  "dateTime" : "11/24/23 23:08:25",
  "value" : {
    "lapDurationSec" : 40,
    "strokeCount" : 5,
    "swimStrokeType" : "UNKNOWN",
    "swimAlgorithmType" : "EUCLID"
  }
},{
  "dateTime" : "11/24/23 23:09:21",
  "value" : {
    "lapDurationSec" : 48,
    "strokeCount" : 5,
    "swimStrokeType" : "UNKNOWN",
    "swimAlgorithmType" : "EUCLID"
  }
},{
  "dateTime" : "11/24/23 23:11:05",
  "value" : {
    "lapDurationSec" : 30,
    "strokeCount" : 7,
    "swimStrokeType" : "UNKNOWN",
    "swimAlgorithmType" : "EUCLID"
  }
},{
  "dateTime" : "11/24/23 23:12:52",
  "value" : {
    "lapDurationSec" : 40,
    "strokeCount" : 7,
    "swimStrokeType" : "UNKNOWN",
    "swimAlgorithmType" : "EUCLID"
  }
},{
  "dateTime" : "11/24/23 23:14:16",
  "value" : {
    "lapDurationSec" : 37,
    "strokeCount" : 6,
    "swimStrokeType" : "UNKNOWN",
    "swimAlgorithmType" : "EUCLID"
  }
},{
  "dateTime" : "11/24/23 23:15:56",
  "value" : {
    "lapDurationSec" : 26,
    "strokeCount" : 5,
    "swimStrokeType" : "UNKNOWN",
    "swimAlgorithmType" : "EUCLID"
  }
},{
  "dateTime" : "11/24/23 23:16:43",
  "value" : {
    "lapDurationSec" : 25,
    "strokeCount" : 8,
    "swimStrokeType" : "UNKNOWN",
    "swimAlgorithmType" : "EUCLID"
  }
},{
  "dateTime" : "11/25/23 02:23:57",
  "value" : {
    "lapDurationSec" : 14,
    "strokeCount" : 5,
    "swimStrokeType" : "UNKNOWN",
    "swimAlgorithmType" : "EUCLID"
  }
},{
  "dateTime" : "11/25/23 02:26:28",
  "value" : {
    "lapDurationSec" : 21,
    "strokeCount" : 5,
    "swimStrokeType" : "UNKNOWN",
    "swimAlgorithmType" : "EUCLID"
  }
},{
  "dateTime" : "11/25/23 02:29:51",
  "value" : {
    "lapDurationSec" : 19,
    "strokeCount" : 5,
    "swimStrokeType" : "UNKNOWN",
    "swimAlgorithmType" : "EUCLID"
  }
},{
  "dateTime" : "11/25/23 02:30:49",
  "value" : {
    "lapDurationSec" : 26,
    "strokeCount" : 6,
    "swimStrokeType" : "UNKNOWN",
    "swimAlgorithmType" : "EUCLID"
  }
},{
  "dateTime" : "11/25/23 03:17:17",
  "value" : {
    "lapDurationSec" : 16,
    "strokeCount" : 6,
    "swimStrokeType" : "UNKNOWN",
    "swimAlgorithmType" : "EUCLID"
  }
},{
  "dateTime" : "11/25/23 16:48:47",
  "value" : {
    "lapDurationSec" : 12,
    "strokeCount" : 5,
    "swimStrokeType" : "UNKNOWN",
    "swimAlgorithmType" : "EUCLID"
  }
},{
  "dateTime" : "11/25/23 16:50:06",
  "value" : {
    "lapDurationSec" : 9,
    "strokeCount" : 5,
    "swimStrokeType" : "UNKNOWN",
    "swimAlgorithmType" : "EUCLID"
  }
},{
  "dateTime" : "11/25/23 16:54:09",
  "value" : {
    "lapDurationSec" : 16,
    "strokeCount" : 6,
    "swimStrokeType" : "UNKNOWN",
    "swimAlgorithmType" : "EUCLID"
  }
},{
  "dateTime" : "11/25/23 17:09:38",
  "value" : {
    "lapDurationSec" : 20,
    "strokeCount" : 6,
    "swimStrokeType" : "UNKNOWN",
    "swimAlgorithmType" : "EUCLID"
  }
},{
  "dateTime" : "11/25/23 18:10:58",
  "value" : {
    "lapDurationSec" : 8,
    "strokeCount" : 5,
    "swimStrokeType" : "UNKNOWN",
    "swimAlgorithmType" : "EUCLID"
  }
},{
  "dateTime" : "11/25/23 18:12:28",
  "value" : {
    "lapDurationSec" : 13,
    "strokeCount" : 5,
    "swimStrokeType" : "UNKNOWN",
    "swimAlgorithmType" : "EUCLID"
  }
},{
  "dateTime" : "11/25/23 18:12:56",
  "value" : {
    "lapDurationSec" : 31,
    "strokeCount" : 10,
    "swimStrokeType" : "UNKNOWN",
    "swimAlgorithmType" : "EUCLID"
  }
},{
  "dateTime" : "11/25/23 18:13:35",
  "value" : {
    "lapDurationSec" : 15,
    "strokeCount" : 7,
    "swimStrokeType" : "UNKNOWN",
    "swimAlgorithmType" : "EUCLID"
  }
},{
  "dateTime" : "11/25/23 18:13:58",
  "value" : {
    "lapDurationSec" : 24,
    "strokeCount" : 8,
    "swimStrokeType" : "UNKNOWN",
    "swimAlgorithmType" : "EUCLID"
  }
},{
  "dateTime" : "11/25/23 18:19:41",
  "value" : {
    "lapDurationSec" : 17,
    "strokeCount" : 5,
    "swimStrokeType" : "UNKNOWN",
    "swimAlgorithmType" : "EUCLID"
  }
},{
  "dateTime" : "11/25/23 18:20:32",
  "value" : {
    "lapDurationSec" : 44,
    "strokeCount" : 11,
    "swimStrokeType" : "UNKNOWN",
    "swimAlgorithmType" : "EUCLID"
  }
},{
  "dateTime" : "11/25/23 18:21:29",
  "value" : {
    "lapDurationSec" : 18,
    "strokeCount" : 5,
    "swimStrokeType" : "UNKNOWN",
    "swimAlgorithmType" : "EUCLID"
  }
},{
  "dateTime" : "11/25/23 19:30:32",
  "value" : {
    "lapDurationSec" : 46,
    "strokeCount" : 16,
    "swimStrokeType" : "UNKNOWN",
    "swimAlgorithmType" : "EUCLID"
  }
},{
  "dateTime" : "11/25/23 19:58:56",
  "value" : {
    "lapDurationSec" : 32,
    "strokeCount" : 15,
    "swimStrokeType" : "UNKNOWN",
    "swimAlgorithmType" : "EUCLID"
  }
},{
  "dateTime" : "11/25/23 19:59:46",
  "value" : {
    "lapDurationSec" : 27,
    "strokeCount" : 13,
    "swimStrokeType" : "UNKNOWN",
    "swimAlgorithmType" : "EUCLID"
  }
},{
  "dateTime" : "11/25/23 20:01:53",
  "value" : {
    "lapDurationSec" : 39,
    "strokeCount" : 14,
    "swimStrokeType" : "UNKNOWN",
    "swimAlgorithmType" : "EUCLID"
  }
},{
  "dateTime" : "11/25/23 20:03:06",
  "value" : {
    "lapDurationSec" : 21,
    "strokeCount" : 12,
    "swimStrokeType" : "UNKNOWN",
    "swimAlgorithmType" : "EUCLID"
  }
},{
  "dateTime" : "11/25/23 20:24:26",
  "value" : {
    "lapDurationSec" : 25,
    "strokeCount" : 10,
    "swimStrokeType" : "UNKNOWN",
    "swimAlgorithmType" : "EUCLID"
  }
},{
  "dateTime" : "11/25/23 20:25:02",
  "value" : {
    "lapDurationSec" : 10,
    "strokeCount" : 5,
    "swimStrokeType" : "UNKNOWN",
    "swimAlgorithmType" : "EUCLID"
  }
},{
  "dateTime" : "11/25/23 20:25:18",
  "value" : {
    "lapDurationSec" : 18,
    "strokeCount" : 11,
    "swimStrokeType" : "UNKNOWN",
    "swimAlgorithmType" : "EUCLID"
  }
},{
  "dateTime" : "11/25/23 20:25:41",
  "value" : {
    "lapDurationSec" : 13,
    "strokeCount" : 5,
    "swimStrokeType" : "UNKNOWN",
    "swimAlgorithmType" : "EUCLID"
  }
},{
  "dateTime" : "11/25/23 20:38:06",
  "value" : {
    "lapDurationSec" : 46,
    "strokeCount" : 20,
    "swimStrokeType" : "UNKNOWN",
    "swimAlgorithmType" : "EUCLID"
  }
},{
  "dateTime" : "11/25/23 20:38:59",
  "value" : {
    "lapDurationSec" : 28,
    "strokeCount" : 15,
    "swimStrokeType" : "UNKNOWN",
    "swimAlgorithmType" : "EUCLID"
  }
},{
  "dateTime" : "11/25/23 21:13:30",
  "value" : {
    "lapDurationSec" : 14,
    "strokeCount" : 5,
    "swimStrokeType" : "UNKNOWN",
    "swimAlgorithmType" : "EUCLID"
  }
},{
  "dateTime" : "11/25/23 21:14:25",
  "value" : {
    "lapDurationSec" : 23,
    "strokeCount" : 10,
    "swimStrokeType" : "UNKNOWN",
    "swimAlgorithmType" : "EUCLID"
  }
},{
  "dateTime" : "11/25/23 23:23:52",
  "value" : {
    "lapDurationSec" : 10,
    "strokeCount" : 5,
    "swimStrokeType" : "UNKNOWN",
    "swimAlgorithmType" : "EUCLID"
  }
},{
  "dateTime" : "11/25/23 23:59:06",
  "value" : {
    "lapDurationSec" : 14,
    "strokeCount" : 6,
    "swimStrokeType" : "UNKNOWN",
    "swimAlgorithmType" : "EUCLID"
  }
},{
  "dateTime" : "11/26/23 01:56:40",
  "value" : {
    "lapDurationSec" : 21,
    "strokeCount" : 8,
    "swimStrokeType" : "UNKNOWN",
    "swimAlgorithmType" : "EUCLID"
  }
},{
  "dateTime" : "11/26/23 02:02:42",
  "value" : {
    "lapDurationSec" : 18,
    "strokeCount" : 5,
    "swimStrokeType" : "UNKNOWN",
    "swimAlgorithmType" : "EUCLID"
  }
},{
  "dateTime" : "11/26/23 02:20:05",
  "value" : {
    "lapDurationSec" : 27,
    "strokeCount" : 6,
    "swimStrokeType" : "UNKNOWN",
    "swimAlgorithmType" : "EUCLID"
  }
},{
  "dateTime" : "11/26/23 02:34:10",
  "value" : {
    "lapDurationSec" : 31,
    "strokeCount" : 5,
    "swimStrokeType" : "UNKNOWN",
    "swimAlgorithmType" : "EUCLID"
  }
},{
  "dateTime" : "11/26/23 02:36:04",
  "value" : {
    "lapDurationSec" : 44,
    "strokeCount" : 6,
    "swimStrokeType" : "UNKNOWN",
    "swimAlgorithmType" : "EUCLID"
  }
},{
  "dateTime" : "11/26/23 02:37:32",
  "value" : {
    "lapDurationSec" : 54,
    "strokeCount" : 8,
    "swimStrokeType" : "UNKNOWN",
    "swimAlgorithmType" : "EUCLID"
  }
},{
  "dateTime" : "11/26/23 02:56:08",
  "value" : {
    "lapDurationSec" : 25,
    "strokeCount" : 6,
    "swimStrokeType" : "UNKNOWN",
    "swimAlgorithmType" : "EUCLID"
  }
},{
  "dateTime" : "11/26/23 03:33:16",
  "value" : {
    "lapDurationSec" : 22,
    "strokeCount" : 7,
    "swimStrokeType" : "UNKNOWN",
    "swimAlgorithmType" : "EUCLID"
  }
},{
  "dateTime" : "11/26/23 03:39:50",
  "value" : {
    "lapDurationSec" : 22,
    "strokeCount" : 5,
    "swimStrokeType" : "UNKNOWN",
    "swimAlgorithmType" : "EUCLID"
  }
},{
  "dateTime" : "11/26/23 03:53:29",
  "value" : {
    "lapDurationSec" : 24,
    "strokeCount" : 8,
    "swimStrokeType" : "UNKNOWN",
    "swimAlgorithmType" : "EUCLID"
  }
},{
  "dateTime" : "11/26/23 03:54:57",
  "value" : {
    "lapDurationSec" : 17,
    "strokeCount" : 6,
    "swimStrokeType" : "UNKNOWN",
    "swimAlgorithmType" : "EUCLID"
  }
},{
  "dateTime" : "11/27/23 16:13:16",
  "value" : {
    "lapDurationSec" : 13,
    "strokeCount" : 6,
    "swimStrokeType" : "UNKNOWN",
    "swimAlgorithmType" : "EUCLID"
  }
},{
  "dateTime" : "11/27/23 16:20:05",
  "value" : {
    "lapDurationSec" : 15,
    "strokeCount" : 5,
    "swimStrokeType" : "UNKNOWN",
    "swimAlgorithmType" : "EUCLID"
  }
},{
  "dateTime" : "11/27/23 16:45:43",
  "value" : {
    "lapDurationSec" : 33,
    "strokeCount" : 8,
    "swimStrokeType" : "UNKNOWN",
    "swimAlgorithmType" : "EUCLID"
  }
},{
  "dateTime" : "11/27/23 16:46:35",
  "value" : {
    "lapDurationSec" : 21,
    "strokeCount" : 5,
    "swimStrokeType" : "UNKNOWN",
    "swimAlgorithmType" : "EUCLID"
  }
},{
  "dateTime" : "11/27/23 16:47:15",
  "value" : {
    "lapDurationSec" : 21,
    "strokeCount" : 6,
    "swimStrokeType" : "UNKNOWN",
    "swimAlgorithmType" : "EUCLID"
  }
},{
  "dateTime" : "11/27/23 17:15:56",
  "value" : {
    "lapDurationSec" : 11,
    "strokeCount" : 5,
    "swimStrokeType" : "UNKNOWN",
    "swimAlgorithmType" : "EUCLID"
  }
},{
  "dateTime" : "11/27/23 17:17:25",
  "value" : {
    "lapDurationSec" : 17,
    "strokeCount" : 6,
    "swimStrokeType" : "UNKNOWN",
    "swimAlgorithmType" : "EUCLID"
  }
},{
  "dateTime" : "11/27/23 17:21:23",
  "value" : {
    "lapDurationSec" : 10,
    "strokeCount" : 5,
    "swimStrokeType" : "UNKNOWN",
    "swimAlgorithmType" : "EUCLID"
  }
},{
  "dateTime" : "11/27/23 17:23:22",
  "value" : {
    "lapDurationSec" : 12,
    "strokeCount" : 7,
    "swimStrokeType" : "UNKNOWN",
    "swimAlgorithmType" : "EUCLID"
  }
},{
  "dateTime" : "11/27/23 17:24:22",
  "value" : {
    "lapDurationSec" : 16,
    "strokeCount" : 5,
    "swimStrokeType" : "UNKNOWN",
    "swimAlgorithmType" : "EUCLID"
  }
},{
  "dateTime" : "11/27/23 17:25:05",
  "value" : {
    "lapDurationSec" : 28,
    "strokeCount" : 9,
    "swimStrokeType" : "UNKNOWN",
    "swimAlgorithmType" : "EUCLID"
  }
},{
  "dateTime" : "11/27/23 17:29:39",
  "value" : {
    "lapDurationSec" : 22,
    "strokeCount" : 5,
    "swimStrokeType" : "UNKNOWN",
    "swimAlgorithmType" : "EUCLID"
  }
},{
  "dateTime" : "11/27/23 17:37:15",
  "value" : {
    "lapDurationSec" : 22,
    "strokeCount" : 7,
    "swimStrokeType" : "UNKNOWN",
    "swimAlgorithmType" : "EUCLID"
  }
},{
  "dateTime" : "11/27/23 19:23:51",
  "value" : {
    "lapDurationSec" : 47,
    "strokeCount" : 18,
    "swimStrokeType" : "UNKNOWN",
    "swimAlgorithmType" : "EUCLID"
  }
},{
  "dateTime" : "11/27/23 19:24:44",
  "value" : {
    "lapDurationSec" : 41,
    "strokeCount" : 20,
    "swimStrokeType" : "UNKNOWN",
    "swimAlgorithmType" : "EUCLID"
  }
},{
  "dateTime" : "11/27/23 19:25:30",
  "value" : {
    "lapDurationSec" : 10,
    "strokeCount" : 6,
    "swimStrokeType" : "UNKNOWN",
    "swimAlgorithmType" : "EUCLID"
  }
},{
  "dateTime" : "11/27/23 19:26:14",
  "value" : {
    "lapDurationSec" : 11,
    "strokeCount" : 5,
    "swimStrokeType" : "UNKNOWN",
    "swimAlgorithmType" : "EUCLID"
  }
},{
  "dateTime" : "11/27/23 20:18:48",
  "value" : {
    "lapDurationSec" : 18,
    "strokeCount" : 5,
    "swimStrokeType" : "UNKNOWN",
    "swimAlgorithmType" : "EUCLID"
  }
},{
  "dateTime" : "11/27/23 20:27:44",
  "value" : {
    "lapDurationSec" : 30,
    "strokeCount" : 7,
    "swimStrokeType" : "UNKNOWN",
    "swimAlgorithmType" : "EUCLID"
  }
},{
  "dateTime" : "11/27/23 20:43:07",
  "value" : {
    "lapDurationSec" : 22,
    "strokeCount" : 5,
    "swimStrokeType" : "UNKNOWN",
    "swimAlgorithmType" : "EUCLID"
  }
},{
  "dateTime" : "11/27/23 20:45:45",
  "value" : {
    "lapDurationSec" : 37,
    "strokeCount" : 11,
    "swimStrokeType" : "UNKNOWN",
    "swimAlgorithmType" : "EUCLID"
  }
},{
  "dateTime" : "11/27/23 20:50:28",
  "value" : {
    "lapDurationSec" : 24,
    "strokeCount" : 5,
    "swimStrokeType" : "UNKNOWN",
    "swimAlgorithmType" : "EUCLID"
  }
},{
  "dateTime" : "11/27/23 20:51:17",
  "value" : {
    "lapDurationSec" : 25,
    "strokeCount" : 5,
    "swimStrokeType" : "UNKNOWN",
    "swimAlgorithmType" : "EUCLID"
  }
},{
  "dateTime" : "11/27/23 20:51:57",
  "value" : {
    "lapDurationSec" : 31,
    "strokeCount" : 7,
    "swimStrokeType" : "UNKNOWN",
    "swimAlgorithmType" : "EUCLID"
  }
},{
  "dateTime" : "11/27/23 22:53:44",
  "value" : {
    "lapDurationSec" : 18,
    "strokeCount" : 6,
    "swimStrokeType" : "UNKNOWN",
    "swimAlgorithmType" : "EUCLID"
  }
},{
  "dateTime" : "11/27/23 23:12:46",
  "value" : {
    "lapDurationSec" : 23,
    "strokeCount" : 5,
    "swimStrokeType" : "UNKNOWN",
    "swimAlgorithmType" : "EUCLID"
  }
},{
  "dateTime" : "11/27/23 23:52:48",
  "value" : {
    "lapDurationSec" : 29,
    "strokeCount" : 5,
    "swimStrokeType" : "UNKNOWN",
    "swimAlgorithmType" : "EUCLID"
  }
},{
  "dateTime" : "11/28/23 00:12:23",
  "value" : {
    "lapDurationSec" : 17,
    "strokeCount" : 6,
    "swimStrokeType" : "UNKNOWN",
    "swimAlgorithmType" : "EUCLID"
  }
},{
  "dateTime" : "11/28/23 00:38:18",
  "value" : {
    "lapDurationSec" : 22,
    "strokeCount" : 8,
    "swimStrokeType" : "UNKNOWN",
    "swimAlgorithmType" : "EUCLID"
  }
},{
  "dateTime" : "11/28/23 00:49:35",
  "value" : {
    "lapDurationSec" : 17,
    "strokeCount" : 7,
    "swimStrokeType" : "UNKNOWN",
    "swimAlgorithmType" : "EUCLID"
  }
},{
  "dateTime" : "11/28/23 05:43:02",
  "value" : {
    "lapDurationSec" : 12,
    "strokeCount" : 5,
    "swimStrokeType" : "UNKNOWN",
    "swimAlgorithmType" : "EUCLID"
  }
},{
  "dateTime" : "11/28/23 06:12:27",
  "value" : {
    "lapDurationSec" : 19,
    "strokeCount" : 6,
    "swimStrokeType" : "UNKNOWN",
    "swimAlgorithmType" : "EUCLID"
  }
},{
  "dateTime" : "11/28/23 16:17:04",
  "value" : {
    "lapDurationSec" : 30,
    "strokeCount" : 10,
    "swimStrokeType" : "UNKNOWN",
    "swimAlgorithmType" : "EUCLID"
  }
},{
  "dateTime" : "11/28/23 16:47:46",
  "value" : {
    "lapDurationSec" : 11,
    "strokeCount" : 5,
    "swimStrokeType" : "UNKNOWN",
    "swimAlgorithmType" : "EUCLID"
  }
},{
  "dateTime" : "11/28/23 17:42:22",
  "value" : {
    "lapDurationSec" : 17,
    "strokeCount" : 6,
    "swimStrokeType" : "UNKNOWN",
    "swimAlgorithmType" : "EUCLID"
  }
},{
  "dateTime" : "11/28/23 17:43:07",
  "value" : {
    "lapDurationSec" : 24,
    "strokeCount" : 8,
    "swimStrokeType" : "UNKNOWN",
    "swimAlgorithmType" : "EUCLID"
  }
},{
  "dateTime" : "11/28/23 17:43:44",
  "value" : {
    "lapDurationSec" : 13,
    "strokeCount" : 5,
    "swimStrokeType" : "UNKNOWN",
    "swimAlgorithmType" : "EUCLID"
  }
},{
  "dateTime" : "11/28/23 17:51:15",
  "value" : {
    "lapDurationSec" : 12,
    "strokeCount" : 6,
    "swimStrokeType" : "UNKNOWN",
    "swimAlgorithmType" : "EUCLID"
  }
},{
  "dateTime" : "11/28/23 17:52:49",
  "value" : {
    "lapDurationSec" : 22,
    "strokeCount" : 7,
    "swimStrokeType" : "UNKNOWN",
    "swimAlgorithmType" : "EUCLID"
  }
},{
  "dateTime" : "11/28/23 17:53:38",
  "value" : {
    "lapDurationSec" : 48,
    "strokeCount" : 13,
    "swimStrokeType" : "UNKNOWN",
    "swimAlgorithmType" : "EUCLID"
  }
},{
  "dateTime" : "11/28/23 17:54:47",
  "value" : {
    "lapDurationSec" : 24,
    "strokeCount" : 8,
    "swimStrokeType" : "UNKNOWN",
    "swimAlgorithmType" : "EUCLID"
  }
},{
  "dateTime" : "11/28/23 17:55:37",
  "value" : {
    "lapDurationSec" : 11,
    "strokeCount" : 8,
    "swimStrokeType" : "UNKNOWN",
    "swimAlgorithmType" : "EUCLID"
  }
},{
  "dateTime" : "11/28/23 17:57:57",
  "value" : {
    "lapDurationSec" : 14,
    "strokeCount" : 6,
    "swimStrokeType" : "UNKNOWN",
    "swimAlgorithmType" : "EUCLID"
  }
},{
  "dateTime" : "11/28/23 17:59:08",
  "value" : {
    "lapDurationSec" : 21,
    "strokeCount" : 8,
    "swimStrokeType" : "UNKNOWN",
    "swimAlgorithmType" : "EUCLID"
  }
},{
  "dateTime" : "11/28/23 17:59:50",
  "value" : {
    "lapDurationSec" : 24,
    "strokeCount" : 7,
    "swimStrokeType" : "UNKNOWN",
    "swimAlgorithmType" : "EUCLID"
  }
},{
  "dateTime" : "11/28/23 18:09:08",
  "value" : {
    "lapDurationSec" : 30,
    "strokeCount" : 7,
    "swimStrokeType" : "UNKNOWN",
    "swimAlgorithmType" : "EUCLID"
  }
},{
  "dateTime" : "11/28/23 18:18:45",
  "value" : {
    "lapDurationSec" : 46,
    "strokeCount" : 7,
    "swimStrokeType" : "UNKNOWN",
    "swimAlgorithmType" : "EUCLID"
  }
},{
  "dateTime" : "11/28/23 20:19:25",
  "value" : {
    "lapDurationSec" : 17,
    "strokeCount" : 6,
    "swimStrokeType" : "UNKNOWN",
    "swimAlgorithmType" : "EUCLID"
  }
},{
  "dateTime" : "11/28/23 20:59:49",
  "value" : {
    "lapDurationSec" : 9,
    "strokeCount" : 5,
    "swimStrokeType" : "UNKNOWN",
    "swimAlgorithmType" : "EUCLID"
  }
},{
  "dateTime" : "11/28/23 21:39:06",
  "value" : {
    "lapDurationSec" : 16,
    "strokeCount" : 6,
    "swimStrokeType" : "UNKNOWN",
    "swimAlgorithmType" : "EUCLID"
  }
},{
  "dateTime" : "11/28/23 21:41:20",
  "value" : {
    "lapDurationSec" : 20,
    "strokeCount" : 7,
    "swimStrokeType" : "UNKNOWN",
    "swimAlgorithmType" : "EUCLID"
  }
},{
  "dateTime" : "11/28/23 21:56:22",
  "value" : {
    "lapDurationSec" : 9,
    "strokeCount" : 5,
    "swimStrokeType" : "UNKNOWN",
    "swimAlgorithmType" : "EUCLID"
  }
},{
  "dateTime" : "11/28/23 22:00:29",
  "value" : {
    "lapDurationSec" : 15,
    "strokeCount" : 5,
    "swimStrokeType" : "UNKNOWN",
    "swimAlgorithmType" : "EUCLID"
  }
},{
  "dateTime" : "11/28/23 22:02:13",
  "value" : {
    "lapDurationSec" : 38,
    "strokeCount" : 10,
    "swimStrokeType" : "UNKNOWN",
    "swimAlgorithmType" : "EUCLID"
  }
},{
  "dateTime" : "11/28/23 22:22:04",
  "value" : {
    "lapDurationSec" : 18,
    "strokeCount" : 6,
    "swimStrokeType" : "UNKNOWN",
    "swimAlgorithmType" : "EUCLID"
  }
},{
  "dateTime" : "11/28/23 22:23:14",
  "value" : {
    "lapDurationSec" : 16,
    "strokeCount" : 5,
    "swimStrokeType" : "UNKNOWN",
    "swimAlgorithmType" : "EUCLID"
  }
},{
  "dateTime" : "11/28/23 23:10:24",
  "value" : {
    "lapDurationSec" : 37,
    "strokeCount" : 13,
    "swimStrokeType" : "UNKNOWN",
    "swimAlgorithmType" : "EUCLID"
  }
},{
  "dateTime" : "11/29/23 00:02:11",
  "value" : {
    "lapDurationSec" : 13,
    "strokeCount" : 5,
    "swimStrokeType" : "UNKNOWN",
    "swimAlgorithmType" : "EUCLID"
  }
},{
  "dateTime" : "11/29/23 02:00:21",
  "value" : {
    "lapDurationSec" : 13,
    "strokeCount" : 5,
    "swimStrokeType" : "UNKNOWN",
    "swimAlgorithmType" : "EUCLID"
  }
},{
  "dateTime" : "11/29/23 02:02:10",
  "value" : {
    "lapDurationSec" : 16,
    "strokeCount" : 5,
    "swimStrokeType" : "UNKNOWN",
    "swimAlgorithmType" : "EUCLID"
  }
},{
  "dateTime" : "11/29/23 02:02:34",
  "value" : {
    "lapDurationSec" : 31,
    "strokeCount" : 10,
    "swimStrokeType" : "UNKNOWN",
    "swimAlgorithmType" : "EUCLID"
  }
},{
  "dateTime" : "11/29/23 02:04:12",
  "value" : {
    "lapDurationSec" : 23,
    "strokeCount" : 7,
    "swimStrokeType" : "UNKNOWN",
    "swimAlgorithmType" : "EUCLID"
  }
},{
  "dateTime" : "11/29/23 02:04:54",
  "value" : {
    "lapDurationSec" : 26,
    "strokeCount" : 10,
    "swimStrokeType" : "UNKNOWN",
    "swimAlgorithmType" : "EUCLID"
  }
},{
  "dateTime" : "11/29/23 02:06:07",
  "value" : {
    "lapDurationSec" : 10,
    "strokeCount" : 5,
    "swimStrokeType" : "UNKNOWN",
    "swimAlgorithmType" : "EUCLID"
  }
},{
  "dateTime" : "11/29/23 02:07:47",
  "value" : {
    "lapDurationSec" : 26,
    "strokeCount" : 12,
    "swimStrokeType" : "UNKNOWN",
    "swimAlgorithmType" : "EUCLID"
  }
},{
  "dateTime" : "11/29/23 03:22:10",
  "value" : {
    "lapDurationSec" : 9,
    "strokeCount" : 5,
    "swimStrokeType" : "UNKNOWN",
    "swimAlgorithmType" : "EUCLID"
  }
},{
  "dateTime" : "11/29/23 04:28:26",
  "value" : {
    "lapDurationSec" : 17,
    "strokeCount" : 6,
    "swimStrokeType" : "UNKNOWN",
    "swimAlgorithmType" : "EUCLID"
  }
},{
  "dateTime" : "11/29/23 04:30:42",
  "value" : {
    "lapDurationSec" : 18,
    "strokeCount" : 8,
    "swimStrokeType" : "UNKNOWN",
    "swimAlgorithmType" : "EUCLID"
  }
},{
  "dateTime" : "11/29/23 05:00:20",
  "value" : {
    "lapDurationSec" : 17,
    "strokeCount" : 6,
    "swimStrokeType" : "UNKNOWN",
    "swimAlgorithmType" : "EUCLID"
  }
},{
  "dateTime" : "11/29/23 06:12:45",
  "value" : {
    "lapDurationSec" : 11,
    "strokeCount" : 5,
    "swimStrokeType" : "UNKNOWN",
    "swimAlgorithmType" : "EUCLID"
  }
},{
  "dateTime" : "11/30/23 17:51:59",
  "value" : {
    "lapDurationSec" : 12,
    "strokeCount" : 7,
    "swimStrokeType" : "UNKNOWN",
    "swimAlgorithmType" : "EUCLID"
  }
},{
  "dateTime" : "11/30/23 17:52:46",
  "value" : {
    "lapDurationSec" : 8,
    "strokeCount" : 8,
    "swimStrokeType" : "UNKNOWN",
    "swimAlgorithmType" : "EUCLID"
  }
},{
  "dateTime" : "11/30/23 20:25:31",
  "value" : {
    "lapDurationSec" : 26,
    "strokeCount" : 7,
    "swimStrokeType" : "UNKNOWN",
    "swimAlgorithmType" : "EUCLID"
  }
},{
  "dateTime" : "11/30/23 20:26:12",
  "value" : {
    "lapDurationSec" : 24,
    "strokeCount" : 5,
    "swimStrokeType" : "UNKNOWN",
    "swimAlgorithmType" : "EUCLID"
  }
},{
  "dateTime" : "11/30/23 20:27:13",
  "value" : {
    "lapDurationSec" : 32,
    "strokeCount" : 8,
    "swimStrokeType" : "UNKNOWN",
    "swimAlgorithmType" : "EUCLID"
  }
},{
  "dateTime" : "11/30/23 20:51:17",
  "value" : {
    "lapDurationSec" : 24,
    "strokeCount" : 6,
    "swimStrokeType" : "UNKNOWN",
    "swimAlgorithmType" : "EUCLID"
  }
},{
  "dateTime" : "11/30/23 20:51:54",
  "value" : {
    "lapDurationSec" : 30,
    "strokeCount" : 6,
    "swimStrokeType" : "UNKNOWN",
    "swimAlgorithmType" : "EUCLID"
  }
},{
  "dateTime" : "11/30/23 20:54:09",
  "value" : {
    "lapDurationSec" : 40,
    "strokeCount" : 8,
    "swimStrokeType" : "UNKNOWN",
    "swimAlgorithmType" : "EUCLID"
  }
},{
  "dateTime" : "11/30/23 20:56:10",
  "value" : {
    "lapDurationSec" : 26,
    "strokeCount" : 6,
    "swimStrokeType" : "UNKNOWN",
    "swimAlgorithmType" : "EUCLID"
  }
},{
  "dateTime" : "11/30/23 20:59:42",
  "value" : {
    "lapDurationSec" : 54,
    "strokeCount" : 12,
    "swimStrokeType" : "UNKNOWN",
    "swimAlgorithmType" : "EUCLID"
  }
},{
  "dateTime" : "11/30/23 21:31:31",
  "value" : {
    "lapDurationSec" : 15,
    "strokeCount" : 5,
    "swimStrokeType" : "UNKNOWN",
    "swimAlgorithmType" : "EUCLID"
  }
},{
  "dateTime" : "11/30/23 22:59:49",
  "value" : {
    "lapDurationSec" : 19,
    "strokeCount" : 8,
    "swimStrokeType" : "UNKNOWN",
    "swimAlgorithmType" : "EUCLID"
  }
},{
  "dateTime" : "12/01/23 00:18:18",
  "value" : {
    "lapDurationSec" : 12,
    "strokeCount" : 5,
    "swimStrokeType" : "UNKNOWN",
    "swimAlgorithmType" : "EUCLID"
  }
},{
  "dateTime" : "12/01/23 00:36:29",
  "value" : {
    "lapDurationSec" : 12,
    "strokeCount" : 5,
    "swimStrokeType" : "UNKNOWN",
    "swimAlgorithmType" : "EUCLID"
  }
},{
  "dateTime" : "12/01/23 02:17:09",
  "value" : {
    "lapDurationSec" : 15,
    "strokeCount" : 5,
    "swimStrokeType" : "UNKNOWN",
    "swimAlgorithmType" : "EUCLID"
  }
},{
  "dateTime" : "12/01/23 02:26:12",
  "value" : {
    "lapDurationSec" : 23,
    "strokeCount" : 6,
    "swimStrokeType" : "UNKNOWN",
    "swimAlgorithmType" : "EUCLID"
  }
},{
  "dateTime" : "12/01/23 02:31:38",
  "value" : {
    "lapDurationSec" : 26,
    "strokeCount" : 5,
    "swimStrokeType" : "UNKNOWN",
    "swimAlgorithmType" : "EUCLID"
  }
},{
  "dateTime" : "12/01/23 02:32:37",
  "value" : {
    "lapDurationSec" : 27,
    "strokeCount" : 5,
    "swimStrokeType" : "UNKNOWN",
    "swimAlgorithmType" : "EUCLID"
  }
},{
  "dateTime" : "12/01/23 02:34:09",
  "value" : {
    "lapDurationSec" : 36,
    "strokeCount" : 5,
    "swimStrokeType" : "UNKNOWN",
    "swimAlgorithmType" : "EUCLID"
  }
},{
  "dateTime" : "12/01/23 02:35:51",
  "value" : {
    "lapDurationSec" : 48,
    "strokeCount" : 8,
    "swimStrokeType" : "UNKNOWN",
    "swimAlgorithmType" : "EUCLID"
  }
},{
  "dateTime" : "12/01/23 16:21:09",
  "value" : {
    "lapDurationSec" : 8,
    "strokeCount" : 5,
    "swimStrokeType" : "UNKNOWN",
    "swimAlgorithmType" : "EUCLID"
  }
},{
  "dateTime" : "12/01/23 17:31:47",
  "value" : {
    "lapDurationSec" : 15,
    "strokeCount" : 7,
    "swimStrokeType" : "UNKNOWN",
    "swimAlgorithmType" : "EUCLID"
  }
},{
  "dateTime" : "12/01/23 17:32:28",
  "value" : {
    "lapDurationSec" : 12,
    "strokeCount" : 5,
    "swimStrokeType" : "UNKNOWN",
    "swimAlgorithmType" : "EUCLID"
  }
},{
  "dateTime" : "12/01/23 17:35:13",
  "value" : {
    "lapDurationSec" : 21,
    "strokeCount" : 8,
    "swimStrokeType" : "UNKNOWN",
    "swimAlgorithmType" : "EUCLID"
  }
},{
  "dateTime" : "12/01/23 17:38:48",
  "value" : {
    "lapDurationSec" : 15,
    "strokeCount" : 9,
    "swimStrokeType" : "UNKNOWN",
    "swimAlgorithmType" : "EUCLID"
  }
},{
  "dateTime" : "12/01/23 19:09:19",
  "value" : {
    "lapDurationSec" : 10,
    "strokeCount" : 5,
    "swimStrokeType" : "UNKNOWN",
    "swimAlgorithmType" : "EUCLID"
  }
},{
  "dateTime" : "12/01/23 19:30:35",
  "value" : {
    "lapDurationSec" : 24,
    "strokeCount" : 9,
    "swimStrokeType" : "UNKNOWN",
    "swimAlgorithmType" : "EUCLID"
  }
},{
  "dateTime" : "12/01/23 20:44:54",
  "value" : {
    "lapDurationSec" : 15,
    "strokeCount" : 5,
    "swimStrokeType" : "UNKNOWN",
    "swimAlgorithmType" : "EUCLID"
  }
},{
  "dateTime" : "12/01/23 22:41:11",
  "value" : {
    "lapDurationSec" : 12,
    "strokeCount" : 5,
    "swimStrokeType" : "UNKNOWN",
    "swimAlgorithmType" : "EUCLID"
  }
},{
  "dateTime" : "12/01/23 22:41:53",
  "value" : {
    "lapDurationSec" : 19,
    "strokeCount" : 5,
    "swimStrokeType" : "UNKNOWN",
    "swimAlgorithmType" : "EUCLID"
  }
},{
  "dateTime" : "12/01/23 22:43:36",
  "value" : {
    "lapDurationSec" : 22,
    "strokeCount" : 5,
    "swimStrokeType" : "UNKNOWN",
    "swimAlgorithmType" : "EUCLID"
  }
},{
  "dateTime" : "12/01/23 23:03:40",
  "value" : {
    "lapDurationSec" : 32,
    "strokeCount" : 8,
    "swimStrokeType" : "UNKNOWN",
    "swimAlgorithmType" : "EUCLID"
  }
},{
  "dateTime" : "12/01/23 23:46:36",
  "value" : {
    "lapDurationSec" : 17,
    "strokeCount" : 5,
    "swimStrokeType" : "UNKNOWN",
    "swimAlgorithmType" : "EUCLID"
  }
},{
  "dateTime" : "12/01/23 23:49:05",
  "value" : {
    "lapDurationSec" : 26,
    "strokeCount" : 6,
    "swimStrokeType" : "UNKNOWN",
    "swimAlgorithmType" : "EUCLID"
  }
},{
  "dateTime" : "12/01/23 23:50:52",
  "value" : {
    "lapDurationSec" : 24,
    "strokeCount" : 6,
    "swimStrokeType" : "UNKNOWN",
    "swimAlgorithmType" : "EUCLID"
  }
},{
  "dateTime" : "12/01/23 23:54:55",
  "value" : {
    "lapDurationSec" : 25,
    "strokeCount" : 8,
    "swimStrokeType" : "UNKNOWN",
    "swimAlgorithmType" : "EUCLID"
  }
},{
  "dateTime" : "12/01/23 23:56:34",
  "value" : {
    "lapDurationSec" : 19,
    "strokeCount" : 6,
    "swimStrokeType" : "UNKNOWN",
    "swimAlgorithmType" : "EUCLID"
  }
},{
  "dateTime" : "12/02/23 01:20:54",
  "value" : {
    "lapDurationSec" : 10,
    "strokeCount" : 5,
    "swimStrokeType" : "UNKNOWN",
    "swimAlgorithmType" : "EUCLID"
  }
},{
  "dateTime" : "12/02/23 01:21:44",
  "value" : {
    "lapDurationSec" : 12,
    "strokeCount" : 5,
    "swimStrokeType" : "UNKNOWN",
    "swimAlgorithmType" : "EUCLID"
  }
},{
  "dateTime" : "12/02/23 01:23:05",
  "value" : {
    "lapDurationSec" : 14,
    "strokeCount" : 5,
    "swimStrokeType" : "UNKNOWN",
    "swimAlgorithmType" : "EUCLID"
  }
},{
  "dateTime" : "12/02/23 02:27:16",
  "value" : {
    "lapDurationSec" : 20,
    "strokeCount" : 7,
    "swimStrokeType" : "UNKNOWN",
    "swimAlgorithmType" : "EUCLID"
  }
},{
  "dateTime" : "12/02/23 02:28:32",
  "value" : {
    "lapDurationSec" : 30,
    "strokeCount" : 9,
    "swimStrokeType" : "UNKNOWN",
    "swimAlgorithmType" : "EUCLID"
  }
},{
  "dateTime" : "12/02/23 02:29:35",
  "value" : {
    "lapDurationSec" : 26,
    "strokeCount" : 7,
    "swimStrokeType" : "UNKNOWN",
    "swimAlgorithmType" : "EUCLID"
  }
},{
  "dateTime" : "12/02/23 02:31:07",
  "value" : {
    "lapDurationSec" : 23,
    "strokeCount" : 6,
    "swimStrokeType" : "UNKNOWN",
    "swimAlgorithmType" : "EUCLID"
  }
},{
  "dateTime" : "12/02/23 02:31:54",
  "value" : {
    "lapDurationSec" : 33,
    "strokeCount" : 8,
    "swimStrokeType" : "UNKNOWN",
    "swimAlgorithmType" : "EUCLID"
  }
},{
  "dateTime" : "12/02/23 02:34:59",
  "value" : {
    "lapDurationSec" : 13,
    "strokeCount" : 5,
    "swimStrokeType" : "UNKNOWN",
    "swimAlgorithmType" : "EUCLID"
  }
},{
  "dateTime" : "12/02/23 04:13:51",
  "value" : {
    "lapDurationSec" : 10,
    "strokeCount" : 5,
    "swimStrokeType" : "UNKNOWN",
    "swimAlgorithmType" : "EUCLID"
  }
},{
  "dateTime" : "12/02/23 05:15:04",
  "value" : {
    "lapDurationSec" : 13,
    "strokeCount" : 5,
    "swimStrokeType" : "UNKNOWN",
    "swimAlgorithmType" : "EUCLID"
  }
},{
  "dateTime" : "12/02/23 17:40:41",
  "value" : {
    "lapDurationSec" : 9,
    "strokeCount" : 5,
    "swimStrokeType" : "UNKNOWN",
    "swimAlgorithmType" : "EUCLID"
  }
},{
  "dateTime" : "12/02/23 17:41:09",
  "value" : {
    "lapDurationSec" : 32,
    "strokeCount" : 6,
    "swimStrokeType" : "UNKNOWN",
    "swimAlgorithmType" : "EUCLID"
  }
},{
  "dateTime" : "12/02/23 17:42:27",
  "value" : {
    "lapDurationSec" : 22,
    "strokeCount" : 7,
    "swimStrokeType" : "UNKNOWN",
    "swimAlgorithmType" : "EUCLID"
  }
},{
  "dateTime" : "12/02/23 17:44:14",
  "value" : {
    "lapDurationSec" : 18,
    "strokeCount" : 7,
    "swimStrokeType" : "UNKNOWN",
    "swimAlgorithmType" : "EUCLID"
  }
},{
  "dateTime" : "12/02/23 18:08:56",
  "value" : {
    "lapDurationSec" : 11,
    "strokeCount" : 5,
    "swimStrokeType" : "UNKNOWN",
    "swimAlgorithmType" : "EUCLID"
  }
},{
  "dateTime" : "12/02/23 18:18:22",
  "value" : {
    "lapDurationSec" : 16,
    "strokeCount" : 6,
    "swimStrokeType" : "UNKNOWN",
    "swimAlgorithmType" : "EUCLID"
  }
},{
  "dateTime" : "12/02/23 19:48:44",
  "value" : {
    "lapDurationSec" : 38,
    "strokeCount" : 18,
    "swimStrokeType" : "UNKNOWN",
    "swimAlgorithmType" : "EUCLID"
  }
},{
  "dateTime" : "12/02/23 19:50:16",
  "value" : {
    "lapDurationSec" : 23,
    "strokeCount" : 9,
    "swimStrokeType" : "UNKNOWN",
    "swimAlgorithmType" : "EUCLID"
  }
},{
  "dateTime" : "12/02/23 20:54:57",
  "value" : {
    "lapDurationSec" : 11,
    "strokeCount" : 5,
    "swimStrokeType" : "UNKNOWN",
    "swimAlgorithmType" : "EUCLID"
  }
},{
  "dateTime" : "12/02/23 21:12:09",
  "value" : {
    "lapDurationSec" : 14,
    "strokeCount" : 5,
    "swimStrokeType" : "UNKNOWN",
    "swimAlgorithmType" : "EUCLID"
  }
},{
  "dateTime" : "12/02/23 21:14:04",
  "value" : {
    "lapDurationSec" : 24,
    "strokeCount" : 5,
    "swimStrokeType" : "UNKNOWN",
    "swimAlgorithmType" : "EUCLID"
  }
},{
  "dateTime" : "12/02/23 21:15:04",
  "value" : {
    "lapDurationSec" : 24,
    "strokeCount" : 7,
    "swimStrokeType" : "UNKNOWN",
    "swimAlgorithmType" : "EUCLID"
  }
},{
  "dateTime" : "12/02/23 21:30:58",
  "value" : {
    "lapDurationSec" : 7,
    "strokeCount" : 5,
    "swimStrokeType" : "UNKNOWN",
    "swimAlgorithmType" : "EUCLID"
  }
},{
  "dateTime" : "12/02/23 21:52:33",
  "value" : {
    "lapDurationSec" : 14,
    "strokeCount" : 6,
    "swimStrokeType" : "UNKNOWN",
    "swimAlgorithmType" : "EUCLID"
  }
},{
  "dateTime" : "12/02/23 21:52:58",
  "value" : {
    "lapDurationSec" : 15,
    "strokeCount" : 5,
    "swimStrokeType" : "UNKNOWN",
    "swimAlgorithmType" : "EUCLID"
  }
},{
  "dateTime" : "12/02/23 22:19:48",
  "value" : {
    "lapDurationSec" : 26,
    "strokeCount" : 9,
    "swimStrokeType" : "UNKNOWN",
    "swimAlgorithmType" : "EUCLID"
  }
},{
  "dateTime" : "12/02/23 22:40:06",
  "value" : {
    "lapDurationSec" : 17,
    "strokeCount" : 5,
    "swimStrokeType" : "UNKNOWN",
    "swimAlgorithmType" : "EUCLID"
  }
},{
  "dateTime" : "12/02/23 22:46:24",
  "value" : {
    "lapDurationSec" : 18,
    "strokeCount" : 5,
    "swimStrokeType" : "UNKNOWN",
    "swimAlgorithmType" : "EUCLID"
  }
},{
  "dateTime" : "12/02/23 22:46:54",
  "value" : {
    "lapDurationSec" : 20,
    "strokeCount" : 9,
    "swimStrokeType" : "UNKNOWN",
    "swimAlgorithmType" : "EUCLID"
  }
},{
  "dateTime" : "12/02/23 22:55:24",
  "value" : {
    "lapDurationSec" : 27,
    "strokeCount" : 7,
    "swimStrokeType" : "UNKNOWN",
    "swimAlgorithmType" : "EUCLID"
  }
},{
  "dateTime" : "12/02/23 22:56:24",
  "value" : {
    "lapDurationSec" : 39,
    "strokeCount" : 16,
    "swimStrokeType" : "UNKNOWN",
    "swimAlgorithmType" : "EUCLID"
  }
},{
  "dateTime" : "12/02/23 22:57:11",
  "value" : {
    "lapDurationSec" : 20,
    "strokeCount" : 7,
    "swimStrokeType" : "UNKNOWN",
    "swimAlgorithmType" : "EUCLID"
  }
},{
  "dateTime" : "12/02/23 22:57:41",
  "value" : {
    "lapDurationSec" : 30,
    "strokeCount" : 8,
    "swimStrokeType" : "UNKNOWN",
    "swimAlgorithmType" : "EUCLID"
  }
},{
  "dateTime" : "12/02/23 22:58:22",
  "value" : {
    "lapDurationSec" : 26,
    "strokeCount" : 6,
    "swimStrokeType" : "UNKNOWN",
    "swimAlgorithmType" : "EUCLID"
  }
},{
  "dateTime" : "12/02/23 22:59:53",
  "value" : {
    "lapDurationSec" : 32,
    "strokeCount" : 5,
    "swimStrokeType" : "UNKNOWN",
    "swimAlgorithmType" : "EUCLID"
  }
},{
  "dateTime" : "12/02/23 23:01:49",
  "value" : {
    "lapDurationSec" : 46,
    "strokeCount" : 7,
    "swimStrokeType" : "UNKNOWN",
    "swimAlgorithmType" : "EUCLID"
  }
},{
  "dateTime" : "12/02/23 23:03:32",
  "value" : {
    "lapDurationSec" : 33,
    "strokeCount" : 7,
    "swimStrokeType" : "UNKNOWN",
    "swimAlgorithmType" : "EUCLID"
  }
},{
  "dateTime" : "12/02/23 23:05:43",
  "value" : {
    "lapDurationSec" : 42,
    "strokeCount" : 12,
    "swimStrokeType" : "UNKNOWN",
    "swimAlgorithmType" : "EUCLID"
  }
},{
  "dateTime" : "12/02/23 23:12:04",
  "value" : {
    "lapDurationSec" : 14,
    "strokeCount" : 5,
    "swimStrokeType" : "UNKNOWN",
    "swimAlgorithmType" : "EUCLID"
  }
},{
  "dateTime" : "12/02/23 23:12:34",
  "value" : {
    "lapDurationSec" : 30,
    "strokeCount" : 10,
    "swimStrokeType" : "UNKNOWN",
    "swimAlgorithmType" : "EUCLID"
  }
},{
  "dateTime" : "12/02/23 23:23:20",
  "value" : {
    "lapDurationSec" : 25,
    "strokeCount" : 11,
    "swimStrokeType" : "UNKNOWN",
    "swimAlgorithmType" : "EUCLID"
  }
},{
  "dateTime" : "12/02/23 23:28:02",
  "value" : {
    "lapDurationSec" : 10,
    "strokeCount" : 5,
    "swimStrokeType" : "UNKNOWN",
    "swimAlgorithmType" : "EUCLID"
  }
},{
  "dateTime" : "12/02/23 23:37:29",
  "value" : {
    "lapDurationSec" : 23,
    "strokeCount" : 15,
    "swimStrokeType" : "UNKNOWN",
    "swimAlgorithmType" : "EUCLID"
  }
},{
  "dateTime" : "12/02/23 23:37:59",
  "value" : {
    "lapDurationSec" : 11,
    "strokeCount" : 6,
    "swimStrokeType" : "UNKNOWN",
    "swimAlgorithmType" : "EUCLID"
  }
},{
  "dateTime" : "12/02/23 23:48:05",
  "value" : {
    "lapDurationSec" : 19,
    "strokeCount" : 7,
    "swimStrokeType" : "UNKNOWN",
    "swimAlgorithmType" : "EUCLID"
  }
},{
  "dateTime" : "12/03/23 00:08:45",
  "value" : {
    "lapDurationSec" : 11,
    "strokeCount" : 5,
    "swimStrokeType" : "UNKNOWN",
    "swimAlgorithmType" : "EUCLID"
  }
},{
  "dateTime" : "12/03/23 00:34:35",
  "value" : {
    "lapDurationSec" : 19,
    "strokeCount" : 6,
    "swimStrokeType" : "UNKNOWN",
    "swimAlgorithmType" : "EUCLID"
  }
},{
  "dateTime" : "12/03/23 00:35:04",
  "value" : {
    "lapDurationSec" : 20,
    "strokeCount" : 7,
    "swimStrokeType" : "UNKNOWN",
    "swimAlgorithmType" : "EUCLID"
  }
},{
  "dateTime" : "12/03/23 00:35:35",
  "value" : {
    "lapDurationSec" : 12,
    "strokeCount" : 5,
    "swimStrokeType" : "UNKNOWN",
    "swimAlgorithmType" : "EUCLID"
  }
},{
  "dateTime" : "12/03/23 01:28:06",
  "value" : {
    "lapDurationSec" : 29,
    "strokeCount" : 9,
    "swimStrokeType" : "UNKNOWN",
    "swimAlgorithmType" : "EUCLID"
  }
},{
  "dateTime" : "12/03/23 04:43:09",
  "value" : {
    "lapDurationSec" : 14,
    "strokeCount" : 5,
    "swimStrokeType" : "UNKNOWN",
    "swimAlgorithmType" : "EUCLID"
  }
},{
  "dateTime" : "12/03/23 04:49:18",
  "value" : {
    "lapDurationSec" : 39,
    "strokeCount" : 10,
    "swimStrokeType" : "UNKNOWN",
    "swimAlgorithmType" : "EUCLID"
  }
},{
  "dateTime" : "12/03/23 04:52:35",
  "value" : {
    "lapDurationSec" : 29,
    "strokeCount" : 6,
    "swimStrokeType" : "UNKNOWN",
    "swimAlgorithmType" : "EUCLID"
  }
},{
  "dateTime" : "12/03/23 04:57:00",
  "value" : {
    "lapDurationSec" : 17,
    "strokeCount" : 6,
    "swimStrokeType" : "UNKNOWN",
    "swimAlgorithmType" : "EUCLID"
  }
},{
  "dateTime" : "12/06/23 17:34:00",
  "value" : {
    "lapDurationSec" : 13,
    "strokeCount" : 6,
    "swimStrokeType" : "UNKNOWN",
    "swimAlgorithmType" : "EUCLID"
  }
},{
  "dateTime" : "12/06/23 17:39:06",
  "value" : {
    "lapDurationSec" : 9,
    "strokeCount" : 5,
    "swimStrokeType" : "UNKNOWN",
    "swimAlgorithmType" : "EUCLID"
  }
},{
  "dateTime" : "12/06/23 18:20:25",
  "value" : {
    "lapDurationSec" : 9,
    "strokeCount" : 5,
    "swimStrokeType" : "UNKNOWN",
    "swimAlgorithmType" : "EUCLID"
  }
},{
  "dateTime" : "12/06/23 18:20:56",
  "value" : {
    "lapDurationSec" : 12,
    "strokeCount" : 6,
    "swimStrokeType" : "UNKNOWN",
    "swimAlgorithmType" : "EUCLID"
  }
},{
  "dateTime" : "12/06/23 18:48:25",
  "value" : {
    "lapDurationSec" : 12,
    "strokeCount" : 7,
    "swimStrokeType" : "UNKNOWN",
    "swimAlgorithmType" : "EUCLID"
  }
},{
  "dateTime" : "12/06/23 19:20:26",
  "value" : {
    "lapDurationSec" : 41,
    "strokeCount" : 21,
    "swimStrokeType" : "UNKNOWN",
    "swimAlgorithmType" : "EUCLID"
  }
},{
  "dateTime" : "12/06/23 19:21:10",
  "value" : {
    "lapDurationSec" : 31,
    "strokeCount" : 15,
    "swimStrokeType" : "UNKNOWN",
    "swimAlgorithmType" : "EUCLID"
  }
},{
  "dateTime" : "12/06/23 19:22:00",
  "value" : {
    "lapDurationSec" : 15,
    "strokeCount" : 8,
    "swimStrokeType" : "UNKNOWN",
    "swimAlgorithmType" : "EUCLID"
  }
},{
  "dateTime" : "12/06/23 19:22:20",
  "value" : {
    "lapDurationSec" : 8,
    "strokeCount" : 5,
    "swimStrokeType" : "UNKNOWN",
    "swimAlgorithmType" : "EUCLID"
  }
},{
  "dateTime" : "12/06/23 19:22:35",
  "value" : {
    "lapDurationSec" : 12,
    "strokeCount" : 7,
    "swimStrokeType" : "UNKNOWN",
    "swimAlgorithmType" : "EUCLID"
  }
},{
  "dateTime" : "12/06/23 20:54:32",
  "value" : {
    "lapDurationSec" : 8,
    "strokeCount" : 5,
    "swimStrokeType" : "UNKNOWN",
    "swimAlgorithmType" : "EUCLID"
  }
},{
  "dateTime" : "12/06/23 20:55:15",
  "value" : {
    "lapDurationSec" : 15,
    "strokeCount" : 5,
    "swimStrokeType" : "UNKNOWN",
    "swimAlgorithmType" : "EUCLID"
  }
},{
  "dateTime" : "12/06/23 20:57:04",
  "value" : {
    "lapDurationSec" : 23,
    "strokeCount" : 7,
    "swimStrokeType" : "UNKNOWN",
    "swimAlgorithmType" : "EUCLID"
  }
},{
  "dateTime" : "12/06/23 21:46:30",
  "value" : {
    "lapDurationSec" : 26,
    "strokeCount" : 9,
    "swimStrokeType" : "UNKNOWN",
    "swimAlgorithmType" : "EUCLID"
  }
},{
  "dateTime" : "12/06/23 21:48:41",
  "value" : {
    "lapDurationSec" : 19,
    "strokeCount" : 6,
    "swimStrokeType" : "UNKNOWN",
    "swimAlgorithmType" : "EUCLID"
  }
},{
  "dateTime" : "12/06/23 22:05:47",
  "value" : {
    "lapDurationSec" : 16,
    "strokeCount" : 5,
    "swimStrokeType" : "UNKNOWN",
    "swimAlgorithmType" : "EUCLID"
  }
},{
  "dateTime" : "12/06/23 22:06:11",
  "value" : {
    "lapDurationSec" : 19,
    "strokeCount" : 6,
    "swimStrokeType" : "UNKNOWN",
    "swimAlgorithmType" : "EUCLID"
  }
},{
  "dateTime" : "12/06/23 22:16:16",
  "value" : {
    "lapDurationSec" : 22,
    "strokeCount" : 5,
    "swimStrokeType" : "UNKNOWN",
    "swimAlgorithmType" : "EUCLID"
  }
},{
  "dateTime" : "12/06/23 22:24:17",
  "value" : {
    "lapDurationSec" : 19,
    "strokeCount" : 5,
    "swimStrokeType" : "UNKNOWN",
    "swimAlgorithmType" : "EUCLID"
  }
},{
  "dateTime" : "12/06/23 22:24:49",
  "value" : {
    "lapDurationSec" : 27,
    "strokeCount" : 6,
    "swimStrokeType" : "UNKNOWN",
    "swimAlgorithmType" : "EUCLID"
  }
},{
  "dateTime" : "12/06/23 22:29:40",
  "value" : {
    "lapDurationSec" : 23,
    "strokeCount" : 6,
    "swimStrokeType" : "UNKNOWN",
    "swimAlgorithmType" : "EUCLID"
  }
},{
  "dateTime" : "12/06/23 22:33:23",
  "value" : {
    "lapDurationSec" : 14,
    "strokeCount" : 5,
    "swimStrokeType" : "UNKNOWN",
    "swimAlgorithmType" : "EUCLID"
  }
},{
  "dateTime" : "12/06/23 23:13:53",
  "value" : {
    "lapDurationSec" : 25,
    "strokeCount" : 8,
    "swimStrokeType" : "UNKNOWN",
    "swimAlgorithmType" : "EUCLID"
  }
},{
  "dateTime" : "12/06/23 23:19:24",
  "value" : {
    "lapDurationSec" : 7,
    "strokeCount" : 5,
    "swimStrokeType" : "UNKNOWN",
    "swimAlgorithmType" : "EUCLID"
  }
},{
  "dateTime" : "12/06/23 23:29:54",
  "value" : {
    "lapDurationSec" : 14,
    "strokeCount" : 6,
    "swimStrokeType" : "UNKNOWN",
    "swimAlgorithmType" : "EUCLID"
  }
},{
  "dateTime" : "12/06/23 23:46:40",
  "value" : {
    "lapDurationSec" : 20,
    "strokeCount" : 6,
    "swimStrokeType" : "UNKNOWN",
    "swimAlgorithmType" : "EUCLID"
  }
},{
  "dateTime" : "12/06/23 23:52:50",
  "value" : {
    "lapDurationSec" : 14,
    "strokeCount" : 5,
    "swimStrokeType" : "UNKNOWN",
    "swimAlgorithmType" : "EUCLID"
  }
},{
  "dateTime" : "12/06/23 23:55:36",
  "value" : {
    "lapDurationSec" : 18,
    "strokeCount" : 5,
    "swimStrokeType" : "UNKNOWN",
    "swimAlgorithmType" : "EUCLID"
  }
},{
  "dateTime" : "12/06/23 23:56:41",
  "value" : {
    "lapDurationSec" : 28,
    "strokeCount" : 7,
    "swimStrokeType" : "UNKNOWN",
    "swimAlgorithmType" : "EUCLID"
  }
},{
  "dateTime" : "12/06/23 23:58:03",
  "value" : {
    "lapDurationSec" : 37,
    "strokeCount" : 11,
    "swimStrokeType" : "UNKNOWN",
    "swimAlgorithmType" : "EUCLID"
  }
},{
  "dateTime" : "12/06/23 23:59:16",
  "value" : {
    "lapDurationSec" : 23,
    "strokeCount" : 7,
    "swimStrokeType" : "UNKNOWN",
    "swimAlgorithmType" : "EUCLID"
  }
},{
  "dateTime" : "12/06/23 23:59:47",
  "value" : {
    "lapDurationSec" : 21,
    "strokeCount" : 7,
    "swimStrokeType" : "UNKNOWN",
    "swimAlgorithmType" : "EUCLID"
  }
},{
  "dateTime" : "12/07/23 00:03:42",
  "value" : {
    "lapDurationSec" : 16,
    "strokeCount" : 6,
    "swimStrokeType" : "UNKNOWN",
    "swimAlgorithmType" : "EUCLID"
  }
},{
  "dateTime" : "12/07/23 00:06:40",
  "value" : {
    "lapDurationSec" : 12,
    "strokeCount" : 6,
    "swimStrokeType" : "UNKNOWN",
    "swimAlgorithmType" : "EUCLID"
  }
},{
  "dateTime" : "12/07/23 00:07:01",
  "value" : {
    "lapDurationSec" : 15,
    "strokeCount" : 5,
    "swimStrokeType" : "UNKNOWN",
    "swimAlgorithmType" : "EUCLID"
  }
},{
  "dateTime" : "12/07/23 00:33:28",
  "value" : {
    "lapDurationSec" : 17,
    "strokeCount" : 5,
    "swimStrokeType" : "UNKNOWN",
    "swimAlgorithmType" : "EUCLID"
  }
},{
  "dateTime" : "12/07/23 00:41:27",
  "value" : {
    "lapDurationSec" : 28,
    "strokeCount" : 5,
    "swimStrokeType" : "UNKNOWN",
    "swimAlgorithmType" : "EUCLID"
  }
},{
  "dateTime" : "12/07/23 00:51:32",
  "value" : {
    "lapDurationSec" : 23,
    "strokeCount" : 5,
    "swimStrokeType" : "UNKNOWN",
    "swimAlgorithmType" : "EUCLID"
  }
},{
  "dateTime" : "12/07/23 00:52:15",
  "value" : {
    "lapDurationSec" : 34,
    "strokeCount" : 6,
    "swimStrokeType" : "UNKNOWN",
    "swimAlgorithmType" : "EUCLID"
  }
},{
  "dateTime" : "12/07/23 00:55:40",
  "value" : {
    "lapDurationSec" : 19,
    "strokeCount" : 5,
    "swimStrokeType" : "UNKNOWN",
    "swimAlgorithmType" : "EUCLID"
  }
},{
  "dateTime" : "12/07/23 00:58:50",
  "value" : {
    "lapDurationSec" : 51,
    "strokeCount" : 9,
    "swimStrokeType" : "UNKNOWN",
    "swimAlgorithmType" : "EUCLID"
  }
},{
  "dateTime" : "12/07/23 01:03:08",
  "value" : {
    "lapDurationSec" : 34,
    "strokeCount" : 7,
    "swimStrokeType" : "UNKNOWN",
    "swimAlgorithmType" : "EUCLID"
  }
},{
  "dateTime" : "12/07/23 01:51:14",
  "value" : {
    "lapDurationSec" : 19,
    "strokeCount" : 8,
    "swimStrokeType" : "UNKNOWN",
    "swimAlgorithmType" : "EUCLID"
  }
},{
  "dateTime" : "12/07/23 02:54:03",
  "value" : {
    "lapDurationSec" : 10,
    "strokeCount" : 5,
    "swimStrokeType" : "UNKNOWN",
    "swimAlgorithmType" : "EUCLID"
  }
},{
  "dateTime" : "12/07/23 02:58:52",
  "value" : {
    "lapDurationSec" : 15,
    "strokeCount" : 5,
    "swimStrokeType" : "UNKNOWN",
    "swimAlgorithmType" : "EUCLID"
  }
},{
  "dateTime" : "12/07/23 03:00:47",
  "value" : {
    "lapDurationSec" : 19,
    "strokeCount" : 6,
    "swimStrokeType" : "UNKNOWN",
    "swimAlgorithmType" : "EUCLID"
  }
},{
  "dateTime" : "12/07/23 03:04:14",
  "value" : {
    "lapDurationSec" : 24,
    "strokeCount" : 5,
    "swimStrokeType" : "UNKNOWN",
    "swimAlgorithmType" : "EUCLID"
  }
},{
  "dateTime" : "12/07/23 03:04:56",
  "value" : {
    "lapDurationSec" : 33,
    "strokeCount" : 5,
    "swimStrokeType" : "UNKNOWN",
    "swimAlgorithmType" : "EUCLID"
  }
},{
  "dateTime" : "12/07/23 03:06:19",
  "value" : {
    "lapDurationSec" : 49,
    "strokeCount" : 12,
    "swimStrokeType" : "UNKNOWN",
    "swimAlgorithmType" : "EUCLID"
  }
},{
  "dateTime" : "12/07/23 03:07:20",
  "value" : {
    "lapDurationSec" : 20,
    "strokeCount" : 5,
    "swimStrokeType" : "UNKNOWN",
    "swimAlgorithmType" : "EUCLID"
  }
},{
  "dateTime" : "12/07/23 03:08:15",
  "value" : {
    "lapDurationSec" : 25,
    "strokeCount" : 5,
    "swimStrokeType" : "UNKNOWN",
    "swimAlgorithmType" : "EUCLID"
  }
},{
  "dateTime" : "12/07/23 03:08:55",
  "value" : {
    "lapDurationSec" : 26,
    "strokeCount" : 6,
    "swimStrokeType" : "UNKNOWN",
    "swimAlgorithmType" : "EUCLID"
  }
},{
  "dateTime" : "12/07/23 03:10:25",
  "value" : {
    "lapDurationSec" : 18,
    "strokeCount" : 7,
    "swimStrokeType" : "UNKNOWN",
    "swimAlgorithmType" : "EUCLID"
  }
},{
  "dateTime" : "12/07/23 05:15:45",
  "value" : {
    "lapDurationSec" : 22,
    "strokeCount" : 7,
    "swimStrokeType" : "UNKNOWN",
    "swimAlgorithmType" : "EUCLID"
  }
},{
  "dateTime" : "12/07/23 05:38:17",
  "value" : {
    "lapDurationSec" : 26,
    "strokeCount" : 6,
    "swimStrokeType" : "UNKNOWN",
    "swimAlgorithmType" : "EUCLID"
  }
},{
  "dateTime" : "12/07/23 05:39:45",
  "value" : {
    "lapDurationSec" : 31,
    "strokeCount" : 8,
    "swimStrokeType" : "UNKNOWN",
    "swimAlgorithmType" : "EUCLID"
  }
},{
  "dateTime" : "12/07/23 05:41:35",
  "value" : {
    "lapDurationSec" : 13,
    "strokeCount" : 6,
    "swimStrokeType" : "UNKNOWN",
    "swimAlgorithmType" : "EUCLID"
  }
},{
  "dateTime" : "12/07/23 05:43:36",
  "value" : {
    "lapDurationSec" : 16,
    "strokeCount" : 7,
    "swimStrokeType" : "UNKNOWN",
    "swimAlgorithmType" : "EUCLID"
  }
},{
  "dateTime" : "12/07/23 05:44:06",
  "value" : {
    "lapDurationSec" : 17,
    "strokeCount" : 6,
    "swimStrokeType" : "UNKNOWN",
    "swimAlgorithmType" : "EUCLID"
  }
},{
  "dateTime" : "12/07/23 06:09:17",
  "value" : {
    "lapDurationSec" : 26,
    "strokeCount" : 5,
    "swimStrokeType" : "UNKNOWN",
    "swimAlgorithmType" : "EUCLID"
  }
},{
  "dateTime" : "12/07/23 06:10:02",
  "value" : {
    "lapDurationSec" : 39,
    "strokeCount" : 7,
    "swimStrokeType" : "UNKNOWN",
    "swimAlgorithmType" : "EUCLID"
  }
},{
  "dateTime" : "12/08/23 16:13:50",
  "value" : {
    "lapDurationSec" : 10,
    "strokeCount" : 5,
    "swimStrokeType" : "UNKNOWN",
    "swimAlgorithmType" : "EUCLID"
  }
},{
  "dateTime" : "12/08/23 16:17:00",
  "value" : {
    "lapDurationSec" : 7,
    "strokeCount" : 5,
    "swimStrokeType" : "UNKNOWN",
    "swimAlgorithmType" : "EUCLID"
  }
},{
  "dateTime" : "12/08/23 16:25:18",
  "value" : {
    "lapDurationSec" : 16,
    "strokeCount" : 5,
    "swimStrokeType" : "UNKNOWN",
    "swimAlgorithmType" : "EUCLID"
  }
},{
  "dateTime" : "12/08/23 16:26:16",
  "value" : {
    "lapDurationSec" : 22,
    "strokeCount" : 8,
    "swimStrokeType" : "UNKNOWN",
    "swimAlgorithmType" : "EUCLID"
  }
},{
  "dateTime" : "12/08/23 16:35:36",
  "value" : {
    "lapDurationSec" : 22,
    "strokeCount" : 8,
    "swimStrokeType" : "UNKNOWN",
    "swimAlgorithmType" : "EUCLID"
  }
},{
  "dateTime" : "12/08/23 17:22:19",
  "value" : {
    "lapDurationSec" : 12,
    "strokeCount" : 5,
    "swimStrokeType" : "UNKNOWN",
    "swimAlgorithmType" : "EUCLID"
  }
},{
  "dateTime" : "12/08/23 17:23:35",
  "value" : {
    "lapDurationSec" : 14,
    "strokeCount" : 5,
    "swimStrokeType" : "UNKNOWN",
    "swimAlgorithmType" : "EUCLID"
  }
},{
  "dateTime" : "12/08/23 17:24:29",
  "value" : {
    "lapDurationSec" : 10,
    "strokeCount" : 5,
    "swimStrokeType" : "UNKNOWN",
    "swimAlgorithmType" : "EUCLID"
  }
},{
  "dateTime" : "12/08/23 17:27:06",
  "value" : {
    "lapDurationSec" : 26,
    "strokeCount" : 7,
    "swimStrokeType" : "UNKNOWN",
    "swimAlgorithmType" : "EUCLID"
  }
},{
  "dateTime" : "12/08/23 17:28:06",
  "value" : {
    "lapDurationSec" : 35,
    "strokeCount" : 8,
    "swimStrokeType" : "UNKNOWN",
    "swimAlgorithmType" : "EUCLID"
  }
},{
  "dateTime" : "12/08/23 17:29:24",
  "value" : {
    "lapDurationSec" : 24,
    "strokeCount" : 6,
    "swimStrokeType" : "UNKNOWN",
    "swimAlgorithmType" : "EUCLID"
  }
},{
  "dateTime" : "12/08/23 17:30:11",
  "value" : {
    "lapDurationSec" : 36,
    "strokeCount" : 12,
    "swimStrokeType" : "UNKNOWN",
    "swimAlgorithmType" : "EUCLID"
  }
},{
  "dateTime" : "12/08/23 17:36:23",
  "value" : {
    "lapDurationSec" : 24,
    "strokeCount" : 8,
    "swimStrokeType" : "UNKNOWN",
    "swimAlgorithmType" : "EUCLID"
  }
},{
  "dateTime" : "12/08/23 17:38:16",
  "value" : {
    "lapDurationSec" : 34,
    "strokeCount" : 8,
    "swimStrokeType" : "UNKNOWN",
    "swimAlgorithmType" : "EUCLID"
  }
},{
  "dateTime" : "12/08/23 17:41:27",
  "value" : {
    "lapDurationSec" : 7,
    "strokeCount" : 5,
    "swimStrokeType" : "UNKNOWN",
    "swimAlgorithmType" : "EUCLID"
  }
},{
  "dateTime" : "12/08/23 17:51:54",
  "value" : {
    "lapDurationSec" : 21,
    "strokeCount" : 5,
    "swimStrokeType" : "UNKNOWN",
    "swimAlgorithmType" : "EUCLID"
  }
},{
  "dateTime" : "12/08/23 17:53:03",
  "value" : {
    "lapDurationSec" : 42,
    "strokeCount" : 8,
    "swimStrokeType" : "UNKNOWN",
    "swimAlgorithmType" : "EUCLID"
  }
},{
  "dateTime" : "12/08/23 17:56:14",
  "value" : {
    "lapDurationSec" : 23,
    "strokeCount" : 7,
    "swimStrokeType" : "UNKNOWN",
    "swimAlgorithmType" : "EUCLID"
  }
},{
  "dateTime" : "12/08/23 17:56:48",
  "value" : {
    "lapDurationSec" : 23,
    "strokeCount" : 8,
    "swimStrokeType" : "UNKNOWN",
    "swimAlgorithmType" : "EUCLID"
  }
},{
  "dateTime" : "12/08/23 17:58:31",
  "value" : {
    "lapDurationSec" : 23,
    "strokeCount" : 8,
    "swimStrokeType" : "UNKNOWN",
    "swimAlgorithmType" : "EUCLID"
  }
},{
  "dateTime" : "12/08/23 17:59:29",
  "value" : {
    "lapDurationSec" : 18,
    "strokeCount" : 6,
    "swimStrokeType" : "UNKNOWN",
    "swimAlgorithmType" : "EUCLID"
  }
},{
  "dateTime" : "12/08/23 18:38:52",
  "value" : {
    "lapDurationSec" : 9,
    "strokeCount" : 5,
    "swimStrokeType" : "UNKNOWN",
    "swimAlgorithmType" : "EUCLID"
  }
},{
  "dateTime" : "12/08/23 18:46:10",
  "value" : {
    "lapDurationSec" : 17,
    "strokeCount" : 5,
    "swimStrokeType" : "UNKNOWN",
    "swimAlgorithmType" : "EUCLID"
  }
},{
  "dateTime" : "12/08/23 19:00:34",
  "value" : {
    "lapDurationSec" : 31,
    "strokeCount" : 5,
    "swimStrokeType" : "UNKNOWN",
    "swimAlgorithmType" : "EUCLID"
  }
},{
  "dateTime" : "12/08/23 19:01:47",
  "value" : {
    "lapDurationSec" : 30,
    "strokeCount" : 13,
    "swimStrokeType" : "UNKNOWN",
    "swimAlgorithmType" : "EUCLID"
  }
},{
  "dateTime" : "12/08/23 19:02:20",
  "value" : {
    "lapDurationSec" : 38,
    "strokeCount" : 18,
    "swimStrokeType" : "UNKNOWN",
    "swimAlgorithmType" : "EUCLID"
  }
},{
  "dateTime" : "12/08/23 19:03:32",
  "value" : {
    "lapDurationSec" : 16,
    "strokeCount" : 9,
    "swimStrokeType" : "UNKNOWN",
    "swimAlgorithmType" : "EUCLID"
  }
},{
  "dateTime" : "12/08/23 20:18:13",
  "value" : {
    "lapDurationSec" : 10,
    "strokeCount" : 6,
    "swimStrokeType" : "UNKNOWN",
    "swimAlgorithmType" : "EUCLID"
  }
},{
  "dateTime" : "12/08/23 20:28:28",
  "value" : {
    "lapDurationSec" : 18,
    "strokeCount" : 11,
    "swimStrokeType" : "UNKNOWN",
    "swimAlgorithmType" : "EUCLID"
  }
},{
  "dateTime" : "12/08/23 21:09:54",
  "value" : {
    "lapDurationSec" : 13,
    "strokeCount" : 6,
    "swimStrokeType" : "UNKNOWN",
    "swimAlgorithmType" : "EUCLID"
  }
},{
  "dateTime" : "12/08/23 21:39:00",
  "value" : {
    "lapDurationSec" : 15,
    "strokeCount" : 10,
    "swimStrokeType" : "UNKNOWN",
    "swimAlgorithmType" : "EUCLID"
  }
},{
  "dateTime" : "12/08/23 21:43:35",
  "value" : {
    "lapDurationSec" : 27,
    "strokeCount" : 10,
    "swimStrokeType" : "UNKNOWN",
    "swimAlgorithmType" : "EUCLID"
  }
},{
  "dateTime" : "12/08/23 22:10:33",
  "value" : {
    "lapDurationSec" : 21,
    "strokeCount" : 6,
    "swimStrokeType" : "UNKNOWN",
    "swimAlgorithmType" : "EUCLID"
  }
},{
  "dateTime" : "12/08/23 22:12:57",
  "value" : {
    "lapDurationSec" : 24,
    "strokeCount" : 5,
    "swimStrokeType" : "UNKNOWN",
    "swimAlgorithmType" : "EUCLID"
  }
},{
  "dateTime" : "12/08/23 22:14:48",
  "value" : {
    "lapDurationSec" : 21,
    "strokeCount" : 5,
    "swimStrokeType" : "UNKNOWN",
    "swimAlgorithmType" : "EUCLID"
  }
},{
  "dateTime" : "12/08/23 22:16:45",
  "value" : {
    "lapDurationSec" : 14,
    "strokeCount" : 5,
    "swimStrokeType" : "UNKNOWN",
    "swimAlgorithmType" : "EUCLID"
  }
},{
  "dateTime" : "12/08/23 22:28:15",
  "value" : {
    "lapDurationSec" : 24,
    "strokeCount" : 5,
    "swimStrokeType" : "UNKNOWN",
    "swimAlgorithmType" : "EUCLID"
  }
},{
  "dateTime" : "12/08/23 22:29:16",
  "value" : {
    "lapDurationSec" : 33,
    "strokeCount" : 5,
    "swimStrokeType" : "UNKNOWN",
    "swimAlgorithmType" : "EUCLID"
  }
},{
  "dateTime" : "12/08/23 22:35:58",
  "value" : {
    "lapDurationSec" : 38,
    "strokeCount" : 9,
    "swimStrokeType" : "UNKNOWN",
    "swimAlgorithmType" : "EUCLID"
  }
},{
  "dateTime" : "12/08/23 22:38:22",
  "value" : {
    "lapDurationSec" : 31,
    "strokeCount" : 7,
    "swimStrokeType" : "UNKNOWN",
    "swimAlgorithmType" : "EUCLID"
  }
},{
  "dateTime" : "12/08/23 22:48:45",
  "value" : {
    "lapDurationSec" : 32,
    "strokeCount" : 7,
    "swimStrokeType" : "UNKNOWN",
    "swimAlgorithmType" : "EUCLID"
  }
},{
  "dateTime" : "12/08/23 22:50:44",
  "value" : {
    "lapDurationSec" : 22,
    "strokeCount" : 5,
    "swimStrokeType" : "UNKNOWN",
    "swimAlgorithmType" : "EUCLID"
  }
},{
  "dateTime" : "12/08/23 22:52:01",
  "value" : {
    "lapDurationSec" : 35,
    "strokeCount" : 7,
    "swimStrokeType" : "UNKNOWN",
    "swimAlgorithmType" : "EUCLID"
  }
},{
  "dateTime" : "12/08/23 22:52:52",
  "value" : {
    "lapDurationSec" : 19,
    "strokeCount" : 6,
    "swimStrokeType" : "UNKNOWN",
    "swimAlgorithmType" : "EUCLID"
  }
},{
  "dateTime" : "12/08/23 22:53:32",
  "value" : {
    "lapDurationSec" : 28,
    "strokeCount" : 8,
    "swimStrokeType" : "UNKNOWN",
    "swimAlgorithmType" : "EUCLID"
  }
},{
  "dateTime" : "12/08/23 22:55:19",
  "value" : {
    "lapDurationSec" : 14,
    "strokeCount" : 6,
    "swimStrokeType" : "UNKNOWN",
    "swimAlgorithmType" : "EUCLID"
  }
},{
  "dateTime" : "12/08/23 22:58:26",
  "value" : {
    "lapDurationSec" : 25,
    "strokeCount" : 8,
    "swimStrokeType" : "UNKNOWN",
    "swimAlgorithmType" : "EUCLID"
  }
},{
  "dateTime" : "12/08/23 23:11:57",
  "value" : {
    "lapDurationSec" : 20,
    "strokeCount" : 13,
    "swimStrokeType" : "UNKNOWN",
    "swimAlgorithmType" : "EUCLID"
  }
},{
  "dateTime" : "12/09/23 00:26:50",
  "value" : {
    "lapDurationSec" : 12,
    "strokeCount" : 6,
    "swimStrokeType" : "UNKNOWN",
    "swimAlgorithmType" : "EUCLID"
  }
},{
  "dateTime" : "12/09/23 02:04:36",
  "value" : {
    "lapDurationSec" : 17,
    "strokeCount" : 7,
    "swimStrokeType" : "UNKNOWN",
    "swimAlgorithmType" : "EUCLID"
  }
},{
  "dateTime" : "12/09/23 02:05:01",
  "value" : {
    "lapDurationSec" : 18,
    "strokeCount" : 6,
    "swimStrokeType" : "UNKNOWN",
    "swimAlgorithmType" : "EUCLID"
  }
},{
  "dateTime" : "12/09/23 02:52:09",
  "value" : {
    "lapDurationSec" : 18,
    "strokeCount" : 5,
    "swimStrokeType" : "UNKNOWN",
    "swimAlgorithmType" : "EUCLID"
  }
},{
  "dateTime" : "12/09/23 02:54:43",
  "value" : {
    "lapDurationSec" : 18,
    "strokeCount" : 5,
    "swimStrokeType" : "UNKNOWN",
    "swimAlgorithmType" : "EUCLID"
  }
},{
  "dateTime" : "12/09/23 02:56:15",
  "value" : {
    "lapDurationSec" : 41,
    "strokeCount" : 9,
    "swimStrokeType" : "UNKNOWN",
    "swimAlgorithmType" : "EUCLID"
  }
},{
  "dateTime" : "12/09/23 03:01:07",
  "value" : {
    "lapDurationSec" : 31,
    "strokeCount" : 8,
    "swimStrokeType" : "UNKNOWN",
    "swimAlgorithmType" : "EUCLID"
  }
},{
  "dateTime" : "12/09/23 03:24:47",
  "value" : {
    "lapDurationSec" : 22,
    "strokeCount" : 6,
    "swimStrokeType" : "UNKNOWN",
    "swimAlgorithmType" : "EUCLID"
  }
},{
  "dateTime" : "12/09/23 03:59:54",
  "value" : {
    "lapDurationSec" : 16,
    "strokeCount" : 5,
    "swimStrokeType" : "UNKNOWN",
    "swimAlgorithmType" : "EUCLID"
  }
},{
  "dateTime" : "12/09/23 04:31:06",
  "value" : {
    "lapDurationSec" : 13,
    "strokeCount" : 5,
    "swimStrokeType" : "UNKNOWN",
    "swimAlgorithmType" : "EUCLID"
  }
},{
  "dateTime" : "12/09/23 04:31:55",
  "value" : {
    "lapDurationSec" : 15,
    "strokeCount" : 5,
    "swimStrokeType" : "UNKNOWN",
    "swimAlgorithmType" : "EUCLID"
  }
},{
  "dateTime" : "12/09/23 04:34:10",
  "value" : {
    "lapDurationSec" : 17,
    "strokeCount" : 6,
    "swimStrokeType" : "UNKNOWN",
    "swimAlgorithmType" : "EUCLID"
  }
},{
  "dateTime" : "12/09/23 04:35:19",
  "value" : {
    "lapDurationSec" : 26,
    "strokeCount" : 8,
    "swimStrokeType" : "UNKNOWN",
    "swimAlgorithmType" : "EUCLID"
  }
},{
  "dateTime" : "12/09/23 04:36:04",
  "value" : {
    "lapDurationSec" : 14,
    "strokeCount" : 8,
    "swimStrokeType" : "UNKNOWN",
    "swimAlgorithmType" : "EUCLID"
  }
},{
  "dateTime" : "12/09/23 04:39:06",
  "value" : {
    "lapDurationSec" : 12,
    "strokeCount" : 5,
    "swimStrokeType" : "UNKNOWN",
    "swimAlgorithmType" : "EUCLID"
  }
},{
  "dateTime" : "12/09/23 04:47:46",
  "value" : {
    "lapDurationSec" : 29,
    "strokeCount" : 9,
    "swimStrokeType" : "UNKNOWN",
    "swimAlgorithmType" : "EUCLID"
  }
},{
  "dateTime" : "12/09/23 04:51:36",
  "value" : {
    "lapDurationSec" : 21,
    "strokeCount" : 5,
    "swimStrokeType" : "UNKNOWN",
    "swimAlgorithmType" : "EUCLID"
  }
},{
  "dateTime" : "12/09/23 04:52:38",
  "value" : {
    "lapDurationSec" : 21,
    "strokeCount" : 6,
    "swimStrokeType" : "UNKNOWN",
    "swimAlgorithmType" : "EUCLID"
  }
},{
  "dateTime" : "12/09/23 04:53:23",
  "value" : {
    "lapDurationSec" : 21,
    "strokeCount" : 5,
    "swimStrokeType" : "UNKNOWN",
    "swimAlgorithmType" : "EUCLID"
  }
},{
  "dateTime" : "12/09/23 04:54:56",
  "value" : {
    "lapDurationSec" : 30,
    "strokeCount" : 5,
    "swimStrokeType" : "UNKNOWN",
    "swimAlgorithmType" : "EUCLID"
  }
},{
  "dateTime" : "12/09/23 04:55:49",
  "value" : {
    "lapDurationSec" : 37,
    "strokeCount" : 8,
    "swimStrokeType" : "UNKNOWN",
    "swimAlgorithmType" : "EUCLID"
  }
},{
  "dateTime" : "12/09/23 16:55:18",
  "value" : {
    "lapDurationSec" : 16,
    "strokeCount" : 7,
    "swimStrokeType" : "UNKNOWN",
    "swimAlgorithmType" : "EUCLID"
  }
},{
  "dateTime" : "12/09/23 17:31:23",
  "value" : {
    "lapDurationSec" : 15,
    "strokeCount" : 8,
    "swimStrokeType" : "UNKNOWN",
    "swimAlgorithmType" : "EUCLID"
  }
},{
  "dateTime" : "12/09/23 17:31:50",
  "value" : {
    "lapDurationSec" : 7,
    "strokeCount" : 7,
    "swimStrokeType" : "UNKNOWN",
    "swimAlgorithmType" : "EUCLID"
  }
},{
  "dateTime" : "12/09/23 17:33:15",
  "value" : {
    "lapDurationSec" : 13,
    "strokeCount" : 5,
    "swimStrokeType" : "UNKNOWN",
    "swimAlgorithmType" : "EUCLID"
  }
},{
  "dateTime" : "12/09/23 17:34:02",
  "value" : {
    "lapDurationSec" : 53,
    "strokeCount" : 17,
    "swimStrokeType" : "UNKNOWN",
    "swimAlgorithmType" : "EUCLID"
  }
},{
  "dateTime" : "12/09/23 17:36:53",
  "value" : {
    "lapDurationSec" : 16,
    "strokeCount" : 5,
    "swimStrokeType" : "UNKNOWN",
    "swimAlgorithmType" : "EUCLID"
  }
},{
  "dateTime" : "12/09/23 17:38:01",
  "value" : {
    "lapDurationSec" : 17,
    "strokeCount" : 5,
    "swimStrokeType" : "UNKNOWN",
    "swimAlgorithmType" : "EUCLID"
  }
},{
  "dateTime" : "12/09/23 17:40:23",
  "value" : {
    "lapDurationSec" : 28,
    "strokeCount" : 6,
    "swimStrokeType" : "UNKNOWN",
    "swimAlgorithmType" : "EUCLID"
  }
},{
  "dateTime" : "12/09/23 17:42:08",
  "value" : {
    "lapDurationSec" : 29,
    "strokeCount" : 13,
    "swimStrokeType" : "UNKNOWN",
    "swimAlgorithmType" : "EUCLID"
  }
},{
  "dateTime" : "12/09/23 17:47:29",
  "value" : {
    "lapDurationSec" : 12,
    "strokeCount" : 9,
    "swimStrokeType" : "UNKNOWN",
    "swimAlgorithmType" : "EUCLID"
  }
},{
  "dateTime" : "12/09/23 18:03:44",
  "value" : {
    "lapDurationSec" : 13,
    "strokeCount" : 5,
    "swimStrokeType" : "UNKNOWN",
    "swimAlgorithmType" : "EUCLID"
  }
},{
  "dateTime" : "12/09/23 19:00:17",
  "value" : {
    "lapDurationSec" : 11,
    "strokeCount" : 5,
    "swimStrokeType" : "UNKNOWN",
    "swimAlgorithmType" : "EUCLID"
  }
},{
  "dateTime" : "12/09/23 19:16:27",
  "value" : {
    "lapDurationSec" : 12,
    "strokeCount" : 5,
    "swimStrokeType" : "UNKNOWN",
    "swimAlgorithmType" : "EUCLID"
  }
},{
  "dateTime" : "12/09/23 20:29:29",
  "value" : {
    "lapDurationSec" : 12,
    "strokeCount" : 5,
    "swimStrokeType" : "UNKNOWN",
    "swimAlgorithmType" : "EUCLID"
  }
},{
  "dateTime" : "12/09/23 23:15:21",
  "value" : {
    "lapDurationSec" : 10,
    "strokeCount" : 6,
    "swimStrokeType" : "UNKNOWN",
    "swimAlgorithmType" : "EUCLID"
  }
},{
  "dateTime" : "12/09/23 23:37:31",
  "value" : {
    "lapDurationSec" : 8,
    "strokeCount" : 5,
    "swimStrokeType" : "UNKNOWN",
    "swimAlgorithmType" : "EUCLID"
  }
},{
  "dateTime" : "12/09/23 23:41:14",
  "value" : {
    "lapDurationSec" : 41,
    "strokeCount" : 6,
    "swimStrokeType" : "UNKNOWN",
    "swimAlgorithmType" : "EUCLID"
  }
},{
  "dateTime" : "12/09/23 23:44:30",
  "value" : {
    "lapDurationSec" : 15,
    "strokeCount" : 6,
    "swimStrokeType" : "UNKNOWN",
    "swimAlgorithmType" : "EUCLID"
  }
},{
  "dateTime" : "12/09/23 23:47:45",
  "value" : {
    "lapDurationSec" : 24,
    "strokeCount" : 5,
    "swimStrokeType" : "UNKNOWN",
    "swimAlgorithmType" : "EUCLID"
  }
},{
  "dateTime" : "12/09/23 23:49:43",
  "value" : {
    "lapDurationSec" : 28,
    "strokeCount" : 7,
    "swimStrokeType" : "UNKNOWN",
    "swimAlgorithmType" : "EUCLID"
  }
},{
  "dateTime" : "12/09/23 23:53:08",
  "value" : {
    "lapDurationSec" : 41,
    "strokeCount" : 8,
    "swimStrokeType" : "UNKNOWN",
    "swimAlgorithmType" : "EUCLID"
  }
},{
  "dateTime" : "12/09/23 23:56:05",
  "value" : {
    "lapDurationSec" : 36,
    "strokeCount" : 8,
    "swimStrokeType" : "UNKNOWN",
    "swimAlgorithmType" : "EUCLID"
  }
},{
  "dateTime" : "12/09/23 23:58:41",
  "value" : {
    "lapDurationSec" : 22,
    "strokeCount" : 6,
    "swimStrokeType" : "UNKNOWN",
    "swimAlgorithmType" : "EUCLID"
  }
},{
  "dateTime" : "12/10/23 00:06:37",
  "value" : {
    "lapDurationSec" : 51,
    "strokeCount" : 14,
    "swimStrokeType" : "UNKNOWN",
    "swimAlgorithmType" : "EUCLID"
  }
},{
  "dateTime" : "12/10/23 00:35:13",
  "value" : {
    "lapDurationSec" : 7,
    "strokeCount" : 5,
    "swimStrokeType" : "UNKNOWN",
    "swimAlgorithmType" : "EUCLID"
  }
},{
  "dateTime" : "12/10/23 00:35:30",
  "value" : {
    "lapDurationSec" : 12,
    "strokeCount" : 7,
    "swimStrokeType" : "UNKNOWN",
    "swimAlgorithmType" : "EUCLID"
  }
},{
  "dateTime" : "12/10/23 04:00:31",
  "value" : {
    "lapDurationSec" : 14,
    "strokeCount" : 6,
    "swimStrokeType" : "UNKNOWN",
    "swimAlgorithmType" : "EUCLID"
  }
},{
  "dateTime" : "12/10/23 04:13:26",
  "value" : {
    "lapDurationSec" : 15,
    "strokeCount" : 6,
    "swimStrokeType" : "UNKNOWN",
    "swimAlgorithmType" : "EUCLID"
  }
},{
  "dateTime" : "12/10/23 04:32:05",
  "value" : {
    "lapDurationSec" : 14,
    "strokeCount" : 6,
    "swimStrokeType" : "UNKNOWN",
    "swimAlgorithmType" : "EUCLID"
  }
},{
  "dateTime" : "12/10/23 04:33:14",
  "value" : {
    "lapDurationSec" : 13,
    "strokeCount" : 6,
    "swimStrokeType" : "UNKNOWN",
    "swimAlgorithmType" : "EUCLID"
  }
},{
  "dateTime" : "12/11/23 17:28:52",
  "value" : {
    "lapDurationSec" : 11,
    "strokeCount" : 6,
    "swimStrokeType" : "UNKNOWN",
    "swimAlgorithmType" : "EUCLID"
  }
},{
  "dateTime" : "12/11/23 17:40:10",
  "value" : {
    "lapDurationSec" : 14,
    "strokeCount" : 6,
    "swimStrokeType" : "UNKNOWN",
    "swimAlgorithmType" : "EUCLID"
  }
},{
  "dateTime" : "12/11/23 17:43:10",
  "value" : {
    "lapDurationSec" : 42,
    "strokeCount" : 11,
    "swimStrokeType" : "UNKNOWN",
    "swimAlgorithmType" : "EUCLID"
  }
},{
  "dateTime" : "12/11/23 17:46:02",
  "value" : {
    "lapDurationSec" : 21,
    "strokeCount" : 5,
    "swimStrokeType" : "UNKNOWN",
    "swimAlgorithmType" : "EUCLID"
  }
},{
  "dateTime" : "12/11/23 17:46:35",
  "value" : {
    "lapDurationSec" : 29,
    "strokeCount" : 10,
    "swimStrokeType" : "UNKNOWN",
    "swimAlgorithmType" : "EUCLID"
  }
},{
  "dateTime" : "12/11/23 17:48:17",
  "value" : {
    "lapDurationSec" : 21,
    "strokeCount" : 6,
    "swimStrokeType" : "UNKNOWN",
    "swimAlgorithmType" : "EUCLID"
  }
},{
  "dateTime" : "12/11/23 17:49:53",
  "value" : {
    "lapDurationSec" : 35,
    "strokeCount" : 5,
    "swimStrokeType" : "UNKNOWN",
    "swimAlgorithmType" : "EUCLID"
  }
},{
  "dateTime" : "12/11/23 19:10:01",
  "value" : {
    "lapDurationSec" : 21,
    "strokeCount" : 6,
    "swimStrokeType" : "UNKNOWN",
    "swimAlgorithmType" : "EUCLID"
  }
},{
  "dateTime" : "12/11/23 19:13:50",
  "value" : {
    "lapDurationSec" : 37,
    "strokeCount" : 8,
    "swimStrokeType" : "UNKNOWN",
    "swimAlgorithmType" : "EUCLID"
  }
},{
  "dateTime" : "12/11/23 19:17:25",
  "value" : {
    "lapDurationSec" : 20,
    "strokeCount" : 5,
    "swimStrokeType" : "UNKNOWN",
    "swimAlgorithmType" : "EUCLID"
  }
},{
  "dateTime" : "12/11/23 19:18:34",
  "value" : {
    "lapDurationSec" : 29,
    "strokeCount" : 5,
    "swimStrokeType" : "UNKNOWN",
    "swimAlgorithmType" : "EUCLID"
  }
},{
  "dateTime" : "12/11/23 19:35:36",
  "value" : {
    "lapDurationSec" : 56,
    "strokeCount" : 7,
    "swimStrokeType" : "UNKNOWN",
    "swimAlgorithmType" : "EUCLID"
  }
},{
  "dateTime" : "12/11/23 19:37:01",
  "value" : {
    "lapDurationSec" : 58,
    "strokeCount" : 22,
    "swimStrokeType" : "UNKNOWN",
    "swimAlgorithmType" : "EUCLID"
  }
},{
  "dateTime" : "12/11/23 19:38:11",
  "value" : {
    "lapDurationSec" : 29,
    "strokeCount" : 10,
    "swimStrokeType" : "UNKNOWN",
    "swimAlgorithmType" : "EUCLID"
  }
},{
  "dateTime" : "12/11/23 21:10:29",
  "value" : {
    "lapDurationSec" : 16,
    "strokeCount" : 6,
    "swimStrokeType" : "UNKNOWN",
    "swimAlgorithmType" : "EUCLID"
  }
},{
  "dateTime" : "12/11/23 21:19:21",
  "value" : {
    "lapDurationSec" : 56,
    "strokeCount" : 12,
    "swimStrokeType" : "UNKNOWN",
    "swimAlgorithmType" : "EUCLID"
  }
},{
  "dateTime" : "12/11/23 21:48:01",
  "value" : {
    "lapDurationSec" : 24,
    "strokeCount" : 13,
    "swimStrokeType" : "UNKNOWN",
    "swimAlgorithmType" : "EUCLID"
  }
},{
  "dateTime" : "12/11/23 21:49:06",
  "value" : {
    "lapDurationSec" : 29,
    "strokeCount" : 15,
    "swimStrokeType" : "UNKNOWN",
    "swimAlgorithmType" : "EUCLID"
  }
},{
  "dateTime" : "12/11/23 21:51:28",
  "value" : {
    "lapDurationSec" : 8,
    "strokeCount" : 5,
    "swimStrokeType" : "UNKNOWN",
    "swimAlgorithmType" : "EUCLID"
  }
},{
  "dateTime" : "12/11/23 22:30:12",
  "value" : {
    "lapDurationSec" : 12,
    "strokeCount" : 5,
    "swimStrokeType" : "UNKNOWN",
    "swimAlgorithmType" : "EUCLID"
  }
},{
  "dateTime" : "12/11/23 22:30:39",
  "value" : {
    "lapDurationSec" : 11,
    "strokeCount" : 5,
    "swimStrokeType" : "UNKNOWN",
    "swimAlgorithmType" : "EUCLID"
  }
},{
  "dateTime" : "12/11/23 22:35:54",
  "value" : {
    "lapDurationSec" : 14,
    "strokeCount" : 5,
    "swimStrokeType" : "UNKNOWN",
    "swimAlgorithmType" : "EUCLID"
  }
},{
  "dateTime" : "12/11/23 22:48:13",
  "value" : {
    "lapDurationSec" : 14,
    "strokeCount" : 6,
    "swimStrokeType" : "UNKNOWN",
    "swimAlgorithmType" : "EUCLID"
  }
},{
  "dateTime" : "12/12/23 02:46:20",
  "value" : {
    "lapDurationSec" : 14,
    "strokeCount" : 6,
    "swimStrokeType" : "UNKNOWN",
    "swimAlgorithmType" : "EUCLID"
  }
},{
  "dateTime" : "12/12/23 05:15:22",
  "value" : {
    "lapDurationSec" : 14,
    "strokeCount" : 8,
    "swimStrokeType" : "UNKNOWN",
    "swimAlgorithmType" : "EUCLID"
  }
},{
  "dateTime" : "12/12/23 05:17:46",
  "value" : {
    "lapDurationSec" : 22,
    "strokeCount" : 8,
    "swimStrokeType" : "UNKNOWN",
    "swimAlgorithmType" : "EUCLID"
  }
},{
  "dateTime" : "12/13/23 16:42:14",
  "value" : {
    "lapDurationSec" : 23,
    "strokeCount" : 8,
    "swimStrokeType" : "UNKNOWN",
    "swimAlgorithmType" : "EUCLID"
  }
},{
  "dateTime" : "12/13/23 17:47:28",
  "value" : {
    "lapDurationSec" : 11,
    "strokeCount" : 5,
    "swimStrokeType" : "UNKNOWN",
    "swimAlgorithmType" : "EUCLID"
  }
},{
  "dateTime" : "12/13/23 17:51:25",
  "value" : {
    "lapDurationSec" : 19,
    "strokeCount" : 6,
    "swimStrokeType" : "UNKNOWN",
    "swimAlgorithmType" : "EUCLID"
  }
},{
  "dateTime" : "12/13/23 17:53:31",
  "value" : {
    "lapDurationSec" : 10,
    "strokeCount" : 5,
    "swimStrokeType" : "UNKNOWN",
    "swimAlgorithmType" : "EUCLID"
  }
},{
  "dateTime" : "12/13/23 17:56:06",
  "value" : {
    "lapDurationSec" : 11,
    "strokeCount" : 5,
    "swimStrokeType" : "UNKNOWN",
    "swimAlgorithmType" : "EUCLID"
  }
},{
  "dateTime" : "12/13/23 18:24:58",
  "value" : {
    "lapDurationSec" : 8,
    "strokeCount" : 8,
    "swimStrokeType" : "UNKNOWN",
    "swimAlgorithmType" : "EUCLID"
  }
},{
  "dateTime" : "12/13/23 18:57:27",
  "value" : {
    "lapDurationSec" : 15,
    "strokeCount" : 6,
    "swimStrokeType" : "UNKNOWN",
    "swimAlgorithmType" : "EUCLID"
  }
},{
  "dateTime" : "12/13/23 19:07:36",
  "value" : {
    "lapDurationSec" : 10,
    "strokeCount" : 5,
    "swimStrokeType" : "UNKNOWN",
    "swimAlgorithmType" : "EUCLID"
  }
},{
  "dateTime" : "12/13/23 19:09:34",
  "value" : {
    "lapDurationSec" : 15,
    "strokeCount" : 5,
    "swimStrokeType" : "UNKNOWN",
    "swimAlgorithmType" : "EUCLID"
  }
},{
  "dateTime" : "12/13/23 19:10:09",
  "value" : {
    "lapDurationSec" : 17,
    "strokeCount" : 6,
    "swimStrokeType" : "UNKNOWN",
    "swimAlgorithmType" : "EUCLID"
  }
},{
  "dateTime" : "12/13/23 19:31:43",
  "value" : {
    "lapDurationSec" : 54,
    "strokeCount" : 24,
    "swimStrokeType" : "UNKNOWN",
    "swimAlgorithmType" : "EUCLID"
  }
},{
  "dateTime" : "12/13/23 20:02:29",
  "value" : {
    "lapDurationSec" : 21,
    "strokeCount" : 11,
    "swimStrokeType" : "UNKNOWN",
    "swimAlgorithmType" : "EUCLID"
  }
},{
  "dateTime" : "12/13/23 20:02:53",
  "value" : {
    "lapDurationSec" : 57,
    "strokeCount" : 27,
    "swimStrokeType" : "UNKNOWN",
    "swimAlgorithmType" : "EUCLID"
  }
},{
  "dateTime" : "12/13/23 20:53:00",
  "value" : {
    "lapDurationSec" : 26,
    "strokeCount" : 14,
    "swimStrokeType" : "UNKNOWN",
    "swimAlgorithmType" : "EUCLID"
  }
},{
  "dateTime" : "12/13/23 20:59:24",
  "value" : {
    "lapDurationSec" : 8,
    "strokeCount" : 5,
    "swimStrokeType" : "UNKNOWN",
    "swimAlgorithmType" : "EUCLID"
  }
},{
  "dateTime" : "12/13/23 21:10:23",
  "value" : {
    "lapDurationSec" : 10,
    "strokeCount" : 5,
    "swimStrokeType" : "UNKNOWN",
    "swimAlgorithmType" : "EUCLID"
  }
},{
  "dateTime" : "12/13/23 21:25:52",
  "value" : {
    "lapDurationSec" : 16,
    "strokeCount" : 5,
    "swimStrokeType" : "UNKNOWN",
    "swimAlgorithmType" : "EUCLID"
  }
},{
  "dateTime" : "12/13/23 21:34:16",
  "value" : {
    "lapDurationSec" : 26,
    "strokeCount" : 5,
    "swimStrokeType" : "UNKNOWN",
    "swimAlgorithmType" : "EUCLID"
  }
},{
  "dateTime" : "12/13/23 23:32:11",
  "value" : {
    "lapDurationSec" : 20,
    "strokeCount" : 7,
    "swimStrokeType" : "UNKNOWN",
    "swimAlgorithmType" : "EUCLID"
  }
},{
  "dateTime" : "12/13/23 23:48:36",
  "value" : {
    "lapDurationSec" : 14,
    "strokeCount" : 5,
    "swimStrokeType" : "UNKNOWN",
    "swimAlgorithmType" : "EUCLID"
  }
},{
  "dateTime" : "12/14/23 00:18:37",
  "value" : {
    "lapDurationSec" : 19,
    "strokeCount" : 6,
    "swimStrokeType" : "UNKNOWN",
    "swimAlgorithmType" : "EUCLID"
  }
},{
  "dateTime" : "12/14/23 00:22:21",
  "value" : {
    "lapDurationSec" : 27,
    "strokeCount" : 7,
    "swimStrokeType" : "UNKNOWN",
    "swimAlgorithmType" : "EUCLID"
  }
},{
  "dateTime" : "12/14/23 00:23:56",
  "value" : {
    "lapDurationSec" : 25,
    "strokeCount" : 7,
    "swimStrokeType" : "UNKNOWN",
    "swimAlgorithmType" : "EUCLID"
  }
},{
  "dateTime" : "12/14/23 00:24:36",
  "value" : {
    "lapDurationSec" : 20,
    "strokeCount" : 5,
    "swimStrokeType" : "UNKNOWN",
    "swimAlgorithmType" : "EUCLID"
  }
},{
  "dateTime" : "12/14/23 00:25:27",
  "value" : {
    "lapDurationSec" : 22,
    "strokeCount" : 5,
    "swimStrokeType" : "UNKNOWN",
    "swimAlgorithmType" : "EUCLID"
  }
},{
  "dateTime" : "12/14/23 01:26:31",
  "value" : {
    "lapDurationSec" : 26,
    "strokeCount" : 8,
    "swimStrokeType" : "UNKNOWN",
    "swimAlgorithmType" : "EUCLID"
  }
},{
  "dateTime" : "12/14/23 02:48:37",
  "value" : {
    "lapDurationSec" : 18,
    "strokeCount" : 5,
    "swimStrokeType" : "UNKNOWN",
    "swimAlgorithmType" : "EUCLID"
  }
},{
  "dateTime" : "12/14/23 02:49:16",
  "value" : {
    "lapDurationSec" : 28,
    "strokeCount" : 7,
    "swimStrokeType" : "UNKNOWN",
    "swimAlgorithmType" : "EUCLID"
  }
},{
  "dateTime" : "12/14/23 02:52:18",
  "value" : {
    "lapDurationSec" : 16,
    "strokeCount" : 5,
    "swimStrokeType" : "UNKNOWN",
    "swimAlgorithmType" : "EUCLID"
  }
},{
  "dateTime" : "12/14/23 02:56:03",
  "value" : {
    "lapDurationSec" : 20,
    "strokeCount" : 6,
    "swimStrokeType" : "UNKNOWN",
    "swimAlgorithmType" : "EUCLID"
  }
},{
  "dateTime" : "12/14/23 02:56:35",
  "value" : {
    "lapDurationSec" : 20,
    "strokeCount" : 7,
    "swimStrokeType" : "UNKNOWN",
    "swimAlgorithmType" : "EUCLID"
  }
},{
  "dateTime" : "12/14/23 04:02:29",
  "value" : {
    "lapDurationSec" : 16,
    "strokeCount" : 7,
    "swimStrokeType" : "UNKNOWN",
    "swimAlgorithmType" : "EUCLID"
  }
},{
  "dateTime" : "12/14/23 04:23:04",
  "value" : {
    "lapDurationSec" : 24,
    "strokeCount" : 9,
    "swimStrokeType" : "UNKNOWN",
    "swimAlgorithmType" : "EUCLID"
  }
},{
  "dateTime" : "12/14/23 04:26:17",
  "value" : {
    "lapDurationSec" : 14,
    "strokeCount" : 5,
    "swimStrokeType" : "UNKNOWN",
    "swimAlgorithmType" : "EUCLID"
  }
},{
  "dateTime" : "12/14/23 04:50:05",
  "value" : {
    "lapDurationSec" : 15,
    "strokeCount" : 5,
    "swimStrokeType" : "UNKNOWN",
    "swimAlgorithmType" : "EUCLID"
  }
},{
  "dateTime" : "12/14/23 05:10:31",
  "value" : {
    "lapDurationSec" : 37,
    "strokeCount" : 5,
    "swimStrokeType" : "UNKNOWN",
    "swimAlgorithmType" : "EUCLID"
  }
},{
  "dateTime" : "12/14/23 05:11:10",
  "value" : {
    "lapDurationSec" : 37,
    "strokeCount" : 6,
    "swimStrokeType" : "UNKNOWN",
    "swimAlgorithmType" : "EUCLID"
  }
},{
  "dateTime" : "12/14/23 05:12:12",
  "value" : {
    "lapDurationSec" : 47,
    "strokeCount" : 13,
    "swimStrokeType" : "UNKNOWN",
    "swimAlgorithmType" : "EUCLID"
  }
},{
  "dateTime" : "12/14/23 05:14:16",
  "value" : {
    "lapDurationSec" : 14,
    "strokeCount" : 5,
    "swimStrokeType" : "UNKNOWN",
    "swimAlgorithmType" : "EUCLID"
  }
},{
  "dateTime" : "12/14/23 05:16:41",
  "value" : {
    "lapDurationSec" : 13,
    "strokeCount" : 6,
    "swimStrokeType" : "UNKNOWN",
    "swimAlgorithmType" : "EUCLID"
  }
},{
  "dateTime" : "12/14/23 05:20:41",
  "value" : {
    "lapDurationSec" : 12,
    "strokeCount" : 5,
    "swimStrokeType" : "UNKNOWN",
    "swimAlgorithmType" : "EUCLID"
  }
},{
  "dateTime" : "12/14/23 06:08:57",
  "value" : {
    "lapDurationSec" : 12,
    "strokeCount" : 5,
    "swimStrokeType" : "UNKNOWN",
    "swimAlgorithmType" : "EUCLID"
  }
},{
  "dateTime" : "12/15/23 16:50:31",
  "value" : {
    "lapDurationSec" : 19,
    "strokeCount" : 8,
    "swimStrokeType" : "UNKNOWN",
    "swimAlgorithmType" : "EUCLID"
  }
},{
  "dateTime" : "12/15/23 16:51:52",
  "value" : {
    "lapDurationSec" : 19,
    "strokeCount" : 5,
    "swimStrokeType" : "UNKNOWN",
    "swimAlgorithmType" : "EUCLID"
  }
},{
  "dateTime" : "12/15/23 16:52:28",
  "value" : {
    "lapDurationSec" : 27,
    "strokeCount" : 7,
    "swimStrokeType" : "UNKNOWN",
    "swimAlgorithmType" : "EUCLID"
  }
},{
  "dateTime" : "12/15/23 17:14:07",
  "value" : {
    "lapDurationSec" : 8,
    "strokeCount" : 5,
    "swimStrokeType" : "UNKNOWN",
    "swimAlgorithmType" : "EUCLID"
  }
},{
  "dateTime" : "12/15/23 17:18:41",
  "value" : {
    "lapDurationSec" : 17,
    "strokeCount" : 6,
    "swimStrokeType" : "UNKNOWN",
    "swimAlgorithmType" : "EUCLID"
  }
},{
  "dateTime" : "12/15/23 17:20:37",
  "value" : {
    "lapDurationSec" : 18,
    "strokeCount" : 6,
    "swimStrokeType" : "UNKNOWN",
    "swimAlgorithmType" : "EUCLID"
  }
},{
  "dateTime" : "12/15/23 17:22:07",
  "value" : {
    "lapDurationSec" : 9,
    "strokeCount" : 6,
    "swimStrokeType" : "UNKNOWN",
    "swimAlgorithmType" : "EUCLID"
  }
},{
  "dateTime" : "12/15/23 17:22:26",
  "value" : {
    "lapDurationSec" : 12,
    "strokeCount" : 5,
    "swimStrokeType" : "UNKNOWN",
    "swimAlgorithmType" : "EUCLID"
  }
},{
  "dateTime" : "12/15/23 17:23:54",
  "value" : {
    "lapDurationSec" : 14,
    "strokeCount" : 7,
    "swimStrokeType" : "UNKNOWN",
    "swimAlgorithmType" : "EUCLID"
  }
},{
  "dateTime" : "12/15/23 19:31:00",
  "value" : {
    "lapDurationSec" : 59,
    "strokeCount" : 26,
    "swimStrokeType" : "UNKNOWN",
    "swimAlgorithmType" : "EUCLID"
  }
},{
  "dateTime" : "12/15/23 19:32:11",
  "value" : {
    "lapDurationSec" : 11,
    "strokeCount" : 5,
    "swimStrokeType" : "UNKNOWN",
    "swimAlgorithmType" : "EUCLID"
  }
},{
  "dateTime" : "12/15/23 19:32:41",
  "value" : {
    "lapDurationSec" : 51,
    "strokeCount" : 20,
    "swimStrokeType" : "UNKNOWN",
    "swimAlgorithmType" : "EUCLID"
  }
},{
  "dateTime" : "12/15/23 20:37:46",
  "value" : {
    "lapDurationSec" : 9,
    "strokeCount" : 5,
    "swimStrokeType" : "UNKNOWN",
    "swimAlgorithmType" : "EUCLID"
  }
},{
  "dateTime" : "12/15/23 20:53:57",
  "value" : {
    "lapDurationSec" : 16,
    "strokeCount" : 9,
    "swimStrokeType" : "UNKNOWN",
    "swimAlgorithmType" : "EUCLID"
  }
},{
  "dateTime" : "12/15/23 20:55:05",
  "value" : {
    "lapDurationSec" : 31,
    "strokeCount" : 15,
    "swimStrokeType" : "UNKNOWN",
    "swimAlgorithmType" : "EUCLID"
  }
},{
  "dateTime" : "12/15/23 21:51:36",
  "value" : {
    "lapDurationSec" : 14,
    "strokeCount" : 6,
    "swimStrokeType" : "UNKNOWN",
    "swimAlgorithmType" : "EUCLID"
  }
},{
  "dateTime" : "12/15/23 23:03:19",
  "value" : {
    "lapDurationSec" : 11,
    "strokeCount" : 5,
    "swimStrokeType" : "UNKNOWN",
    "swimAlgorithmType" : "EUCLID"
  }
},{
  "dateTime" : "12/16/23 00:17:27",
  "value" : {
    "lapDurationSec" : 9,
    "strokeCount" : 5,
    "swimStrokeType" : "UNKNOWN",
    "swimAlgorithmType" : "EUCLID"
  }
},{
  "dateTime" : "12/16/23 19:40:11",
  "value" : {
    "lapDurationSec" : 18,
    "strokeCount" : 11,
    "swimStrokeType" : "UNKNOWN",
    "swimAlgorithmType" : "EUCLID"
  }
},{
  "dateTime" : "12/16/23 19:40:36",
  "value" : {
    "lapDurationSec" : 15,
    "strokeCount" : 5,
    "swimStrokeType" : "UNKNOWN",
    "swimAlgorithmType" : "EUCLID"
  }
},{
  "dateTime" : "12/16/23 19:56:00",
  "value" : {
    "lapDurationSec" : 14,
    "strokeCount" : 5,
    "swimStrokeType" : "UNKNOWN",
    "swimAlgorithmType" : "EUCLID"
  }
},{
  "dateTime" : "12/16/23 19:56:51",
  "value" : {
    "lapDurationSec" : 57,
    "strokeCount" : 25,
    "swimStrokeType" : "UNKNOWN",
    "swimAlgorithmType" : "EUCLID"
  }
},{
  "dateTime" : "12/16/23 19:57:54",
  "value" : {
    "lapDurationSec" : 24,
    "strokeCount" : 13,
    "swimStrokeType" : "UNKNOWN",
    "swimAlgorithmType" : "EUCLID"
  }
},{
  "dateTime" : "12/16/23 20:33:24",
  "value" : {
    "lapDurationSec" : 29,
    "strokeCount" : 11,
    "swimStrokeType" : "UNKNOWN",
    "swimAlgorithmType" : "EUCLID"
  }
},{
  "dateTime" : "12/16/23 20:36:33",
  "value" : {
    "lapDurationSec" : 49,
    "strokeCount" : 21,
    "swimStrokeType" : "UNKNOWN",
    "swimAlgorithmType" : "EUCLID"
  }
},{
  "dateTime" : "12/16/23 20:37:25",
  "value" : {
    "lapDurationSec" : 9,
    "strokeCount" : 6,
    "swimStrokeType" : "UNKNOWN",
    "swimAlgorithmType" : "EUCLID"
  }
},{
  "dateTime" : "12/16/23 20:38:30",
  "value" : {
    "lapDurationSec" : 11,
    "strokeCount" : 5,
    "swimStrokeType" : "UNKNOWN",
    "swimAlgorithmType" : "EUCLID"
  }
},{
  "dateTime" : "12/16/23 20:57:30",
  "value" : {
    "lapDurationSec" : 10,
    "strokeCount" : 6,
    "swimStrokeType" : "UNKNOWN",
    "swimAlgorithmType" : "EUCLID"
  }
},{
  "dateTime" : "12/16/23 21:18:23",
  "value" : {
    "lapDurationSec" : 13,
    "strokeCount" : 5,
    "swimStrokeType" : "UNKNOWN",
    "swimAlgorithmType" : "EUCLID"
  }
},{
  "dateTime" : "12/16/23 22:07:11",
  "value" : {
    "lapDurationSec" : 24,
    "strokeCount" : 9,
    "swimStrokeType" : "UNKNOWN",
    "swimAlgorithmType" : "EUCLID"
  }
},{
  "dateTime" : "12/16/23 22:07:49",
  "value" : {
    "lapDurationSec" : 13,
    "strokeCount" : 5,
    "swimStrokeType" : "UNKNOWN",
    "swimAlgorithmType" : "EUCLID"
  }
},{
  "dateTime" : "12/16/23 22:08:21",
  "value" : {
    "lapDurationSec" : 20,
    "strokeCount" : 5,
    "swimStrokeType" : "UNKNOWN",
    "swimAlgorithmType" : "EUCLID"
  }
},{
  "dateTime" : "12/16/23 22:11:34",
  "value" : {
    "lapDurationSec" : 19,
    "strokeCount" : 5,
    "swimStrokeType" : "UNKNOWN",
    "swimAlgorithmType" : "EUCLID"
  }
},{
  "dateTime" : "12/16/23 22:14:09",
  "value" : {
    "lapDurationSec" : 47,
    "strokeCount" : 11,
    "swimStrokeType" : "UNKNOWN",
    "swimAlgorithmType" : "EUCLID"
  }
},{
  "dateTime" : "12/17/23 00:35:08",
  "value" : {
    "lapDurationSec" : 10,
    "strokeCount" : 6,
    "swimStrokeType" : "UNKNOWN",
    "swimAlgorithmType" : "EUCLID"
  }
},{
  "dateTime" : "12/17/23 00:35:30",
  "value" : {
    "lapDurationSec" : 20,
    "strokeCount" : 6,
    "swimStrokeType" : "UNKNOWN",
    "swimAlgorithmType" : "EUCLID"
  }
},{
  "dateTime" : "12/17/23 00:36:28",
  "value" : {
    "lapDurationSec" : 13,
    "strokeCount" : 5,
    "swimStrokeType" : "UNKNOWN",
    "swimAlgorithmType" : "EUCLID"
  }
},{
  "dateTime" : "12/17/23 02:22:39",
  "value" : {
    "lapDurationSec" : 17,
    "strokeCount" : 6,
    "swimStrokeType" : "UNKNOWN",
    "swimAlgorithmType" : "EUCLID"
  }
},{
  "dateTime" : "12/18/23 16:25:34",
  "value" : {
    "lapDurationSec" : 12,
    "strokeCount" : 5,
    "swimStrokeType" : "UNKNOWN",
    "swimAlgorithmType" : "EUCLID"
  }
},{
  "dateTime" : "12/18/23 16:34:38",
  "value" : {
    "lapDurationSec" : 31,
    "strokeCount" : 5,
    "swimStrokeType" : "UNKNOWN",
    "swimAlgorithmType" : "EUCLID"
  }
},{
  "dateTime" : "12/18/23 16:37:40",
  "value" : {
    "lapDurationSec" : 50,
    "strokeCount" : 12,
    "swimStrokeType" : "UNKNOWN",
    "swimAlgorithmType" : "EUCLID"
  }
},{
  "dateTime" : "12/18/23 17:15:00",
  "value" : {
    "lapDurationSec" : 11,
    "strokeCount" : 5,
    "swimStrokeType" : "UNKNOWN",
    "swimAlgorithmType" : "EUCLID"
  }
},{
  "dateTime" : "12/18/23 17:15:41",
  "value" : {
    "lapDurationSec" : 24,
    "strokeCount" : 7,
    "swimStrokeType" : "UNKNOWN",
    "swimAlgorithmType" : "EUCLID"
  }
},{
  "dateTime" : "12/18/23 17:18:02",
  "value" : {
    "lapDurationSec" : 13,
    "strokeCount" : 5,
    "swimStrokeType" : "UNKNOWN",
    "swimAlgorithmType" : "EUCLID"
  }
},{
  "dateTime" : "12/18/23 17:18:37",
  "value" : {
    "lapDurationSec" : 28,
    "strokeCount" : 6,
    "swimStrokeType" : "UNKNOWN",
    "swimAlgorithmType" : "EUCLID"
  }
},{
  "dateTime" : "12/18/23 17:20:51",
  "value" : {
    "lapDurationSec" : 24,
    "strokeCount" : 7,
    "swimStrokeType" : "UNKNOWN",
    "swimAlgorithmType" : "EUCLID"
  }
},{
  "dateTime" : "12/18/23 17:22:54",
  "value" : {
    "lapDurationSec" : 24,
    "strokeCount" : 6,
    "swimStrokeType" : "UNKNOWN",
    "swimAlgorithmType" : "EUCLID"
  }
},{
  "dateTime" : "12/18/23 17:23:35",
  "value" : {
    "lapDurationSec" : 29,
    "strokeCount" : 8,
    "swimStrokeType" : "UNKNOWN",
    "swimAlgorithmType" : "EUCLID"
  }
},{
  "dateTime" : "12/18/23 17:24:09",
  "value" : {
    "lapDurationSec" : 15,
    "strokeCount" : 5,
    "swimStrokeType" : "UNKNOWN",
    "swimAlgorithmType" : "EUCLID"
  }
},{
  "dateTime" : "12/18/23 17:30:19",
  "value" : {
    "lapDurationSec" : 31,
    "strokeCount" : 9,
    "swimStrokeType" : "UNKNOWN",
    "swimAlgorithmType" : "EUCLID"
  }
},{
  "dateTime" : "12/18/23 17:38:53",
  "value" : {
    "lapDurationSec" : 8,
    "strokeCount" : 7,
    "swimStrokeType" : "UNKNOWN",
    "swimAlgorithmType" : "EUCLID"
  }
},{
  "dateTime" : "12/18/23 17:42:53",
  "value" : {
    "lapDurationSec" : 14,
    "strokeCount" : 5,
    "swimStrokeType" : "UNKNOWN",
    "swimAlgorithmType" : "EUCLID"
  }
},{
  "dateTime" : "12/18/23 17:45:14",
  "value" : {
    "lapDurationSec" : 18,
    "strokeCount" : 7,
    "swimStrokeType" : "UNKNOWN",
    "swimAlgorithmType" : "EUCLID"
  }
},{
  "dateTime" : "12/18/23 19:10:09",
  "value" : {
    "lapDurationSec" : 56,
    "strokeCount" : 25,
    "swimStrokeType" : "UNKNOWN",
    "swimAlgorithmType" : "EUCLID"
  }
},{
  "dateTime" : "12/18/23 19:11:08",
  "value" : {
    "lapDurationSec" : 12,
    "strokeCount" : 7,
    "swimStrokeType" : "UNKNOWN",
    "swimAlgorithmType" : "EUCLID"
  }
},{
  "dateTime" : "12/18/23 19:11:26",
  "value" : {
    "lapDurationSec" : 24,
    "strokeCount" : 8,
    "swimStrokeType" : "UNKNOWN",
    "swimAlgorithmType" : "EUCLID"
  }
},{
  "dateTime" : "12/18/23 20:24:49",
  "value" : {
    "lapDurationSec" : 7,
    "strokeCount" : 5,
    "swimStrokeType" : "UNKNOWN",
    "swimAlgorithmType" : "EUCLID"
  }
},{
  "dateTime" : "12/18/23 20:25:01",
  "value" : {
    "lapDurationSec" : 15,
    "strokeCount" : 9,
    "swimStrokeType" : "UNKNOWN",
    "swimAlgorithmType" : "EUCLID"
  }
},{
  "dateTime" : "12/18/23 20:25:56",
  "value" : {
    "lapDurationSec" : 11,
    "strokeCount" : 7,
    "swimStrokeType" : "UNKNOWN",
    "swimAlgorithmType" : "EUCLID"
  }
},{
  "dateTime" : "12/18/23 20:29:04",
  "value" : {
    "lapDurationSec" : 17,
    "strokeCount" : 6,
    "swimStrokeType" : "UNKNOWN",
    "swimAlgorithmType" : "EUCLID"
  }
},{
  "dateTime" : "12/18/23 20:39:54",
  "value" : {
    "lapDurationSec" : 26,
    "strokeCount" : 7,
    "swimStrokeType" : "UNKNOWN",
    "swimAlgorithmType" : "EUCLID"
  }
},{
  "dateTime" : "12/18/23 20:46:15",
  "value" : {
    "lapDurationSec" : 45,
    "strokeCount" : 5,
    "swimStrokeType" : "UNKNOWN",
    "swimAlgorithmType" : "EUCLID"
  }
},{
  "dateTime" : "12/18/23 22:28:21",
  "value" : {
    "lapDurationSec" : 14,
    "strokeCount" : 6,
    "swimStrokeType" : "UNKNOWN",
    "swimAlgorithmType" : "EUCLID"
  }
},{
  "dateTime" : "12/19/23 00:28:54",
  "value" : {
    "lapDurationSec" : 13,
    "strokeCount" : 5,
    "swimStrokeType" : "UNKNOWN",
    "swimAlgorithmType" : "EUCLID"
  }
},{
  "dateTime" : "12/19/23 00:29:36",
  "value" : {
    "lapDurationSec" : 19,
    "strokeCount" : 5,
    "swimStrokeType" : "UNKNOWN",
    "swimAlgorithmType" : "EUCLID"
  }
},{
  "dateTime" : "12/19/23 00:57:44",
  "value" : {
    "lapDurationSec" : 10,
    "strokeCount" : 5,
    "swimStrokeType" : "UNKNOWN",
    "swimAlgorithmType" : "EUCLID"
  }
}]