[{
  "dateTime" : "11/22/23 00:00:00",
  "value" : "0"
},{
  "dateTime" : "11/23/23 00:00:00",
  "value" : "0"
},{
  "dateTime" : "11/24/23 00:00:00",
  "value" : "63"
},{
  "dateTime" : "11/25/23 00:00:00",
  "value" : "92"
},{
  "dateTime" : "11/26/23 00:00:00",
  "value" : "0"
},{
  "dateTime" : "11/27/23 00:00:00",
  "value" : "61"
},{
  "dateTime" : "11/28/23 00:00:00",
  "value" : "13"
},{
  "dateTime" : "11/29/23 00:00:00",
  "value" : "0"
},{
  "dateTime" : "11/30/23 00:00:00",
  "value" : "0"
},{
  "dateTime" : "12/01/23 00:00:00",
  "value" : "67"
},{
  "dateTime" : "12/02/23 00:00:00",
  "value" : "39"
},{
  "dateTime" : "12/03/23 00:00:00",
  "value" : "0"
},{
  "dateTime" : "12/04/23 00:00:00",
  "value" : "0"
},{
  "dateTime" : "12/05/23 00:00:00",
  "value" : "0"
},{
  "dateTime" : "12/06/23 00:00:00",
  "value" : "62"
},{
  "dateTime" : "12/07/23 00:00:00",
  "value" : "0"
},{
  "dateTime" : "12/08/23 00:00:00",
  "value" : "46"
},{
  "dateTime" : "12/09/23 00:00:00",
  "value" : "0"
},{
  "dateTime" : "12/10/23 00:00:00",
  "value" : "0"
},{
  "dateTime" : "12/11/23 00:00:00",
  "value" : "40"
},{
  "dateTime" : "12/12/23 00:00:00",
  "value" : "0"
},{
  "dateTime" : "12/13/23 00:00:00",
  "value" : "57"
},{
  "dateTime" : "12/14/23 00:00:00",
  "value" : "0"
},{
  "dateTime" : "12/15/23 00:00:00",
  "value" : "42"
},{
  "dateTime" : "12/16/23 00:00:00",
  "value" : "67"
},{
  "dateTime" : "12/17/23 00:00:00",
  "value" : "0"
},{
  "dateTime" : "12/18/23 00:00:00",
  "value" : "46"
},{
  "dateTime" : "12/19/23 00:00:00",
  "value" : "0"
},{
  "dateTime" : "12/20/23 00:00:00",
  "value" : "0"
},{
  "dateTime" : "12/21/23 00:00:00",
  "value" : "0"
}]