timestamp,event_name,email,location,ip,outcome,reason
Wed Nov 22 18:54:36 UTC 2023,Update profile data,a.c.manke@gmail.com,,172.22.19.187,SUCCESS,
Tue Oct 31 17:30:31 UTC 2023,Update profile data,a.c.manke@gmail.com,,172.22.32.251,SUCCESS,
Tue Oct 31 00:15:53 UTC 2023,Update profile data,a.c.manke@gmail.com,,172.22.21.44,SUCCESS,
Tue Oct 31 00:15:52 UTC 2023,Update profile data,a.c.manke@gmail.com,,172.22.25.160,SUCCESS,
Tue Oct 24 23:34:20 UTC 2023,Signup,cP4ee0BWhyJElgO8uido@fitbit-identity.goog,,,SUCCESS,