date_time,heart_zone_id,total_minutes
2023-10-31T08:30,FAT_BURN,1
2023-10-31T08:32,FAT_BURN,1
2023-10-31T08:33,FAT_BURN,1
2023-10-31T08:34,FAT_BURN,1
2023-10-31T10:04,FAT_BURN,1
2023-10-31T10:05,FAT_BURN,1
2023-10-31T11:04,FAT_BURN,1
2023-10-31T11:05,FAT_BURN,1
2023-10-31T11:29,FAT_BURN,1
2023-10-31T11:30,FAT_BURN,1
2023-10-31T11:32,FAT_BURN,1
2023-10-31T11:33,FAT_BURN,1
2023-10-31T11:34,FAT_BURN,1
2023-10-31T11:35,FAT_BURN,1
2023-10-31T11:36,FAT_BURN,1
2023-10-31T11:37,FAT_BURN,1
2023-10-31T11:38,FAT_BURN,1
2023-10-31T11:39,FAT_BURN,1
2023-10-31T11:40,FAT_BURN,1
2023-10-31T11:41,CARDIO,2
2023-10-31T11:42,FAT_BURN,1
2023-10-31T11:43,FAT_BURN,1
2023-10-31T11:44,FAT_BURN,1
2023-10-31T11:45,FAT_BURN,1
2023-10-31T11:46,CARDIO,2
2023-10-31T11:47,CARDIO,2
2023-10-31T11:48,FAT_BURN,1
2023-10-31T11:49,FAT_BURN,1
2023-10-31T11:50,FAT_BURN,1
2023-10-31T11:51,FAT_BURN,1
2023-10-31T11:52,FAT_BURN,1
2023-10-31T11:55,FAT_BURN,1
2023-10-31T11:56,FAT_BURN,1
2023-10-31T11:57,CARDIO,2
2023-10-31T11:58,FAT_BURN,1
2023-10-31T11:59,FAT_BURN,1
2023-10-31T12:00,FAT_BURN,1
2023-10-31T12:01,FAT_BURN,1
2023-10-31T12:02,FAT_BURN,1
2023-10-31T12:03,FAT_BURN,1
2023-10-31T12:04,CARDIO,2
2023-10-31T12:06,FAT_BURN,1
2023-10-31T17:05,FAT_BURN,1