Exploring the south boundary, and then back up to
the garage


 Distance  (m)   Date and Time   Latitude (deg N)   Longitude (deg E)   Altitude (m)
0,2022-09-04 23:46:05.765,47.94853973,-122.3702469,140.9542236
9.635004044,2022-09-04 23:46:08.765,47.94857407,-122.3702545,154.335144
9.635004044,2022-09-04 23:46:10.755,47.94860077,-122.370285,140.3126526
9.635004044,2022-09-04 23:46:12.761,47.94861603,-122.3703003,129.0875244
23.93493652,2022-09-04 23:47:03.128,47.94861984,-122.370285,126.2761917
23.93493652,2022-09-04 23:47:05.355,47.94863129,-122.370285,126.2761917
23.93493652,2022-09-04 23:47:06.771,47.94864655,-122.370285,126.6875763
23.93493652,2022-09-04 23:47:07.712,47.94865799,-122.3702774,126.6875763
23.93493652,2022-09-04 23:47:09.427,47.94866562,-122.3702698,126.7102051
23.93493652,2022-09-04 23:47:11.768,47.94867706,-122.3702621,126.7102051
23.93493652,2022-09-04 23:47:12.765,47.94869232,-122.3702469,127.1421814
23.93493652,2022-09-04 23:47:14.771,47.94869995,-122.3702393,127.1956635
23.93493652,2022-09-04 23:47:22.024,47.94870377,-122.370224,127.652359
23.93493652,2022-09-04 23:47:24.153,47.9487114,-122.3702164,128.0452881
23.93493652,2022-09-04 23:47:27.112,47.94871902,-122.3702087,127.9712906
31.25239944,2022-09-04 23:47:30.765,47.94873047,-122.3702164,128.3642426
31.25239944,2022-09-04 23:47:34.065,47.94874573,-122.370224,128.3683624
31.25239944,2022-09-04 23:47:36.774,47.94875336,-122.3702316,128.1585083
31.25239944,2022-09-04 23:47:40.575,47.94875717,-122.3702393,128.2058258
31.25239944,2022-09-04 23:47:46.771,47.94876862,-122.3702393,128.2716675
31.25239944,2022-09-04 23:47:54.765,47.94876862,-122.3702545,128.1317596
40.35603714,2022-09-04 23:48:00.409,47.94876099,-122.3702698,127.8889847
40.35603714,2022-09-04 23:48:04.672,47.94876099,-122.3702774,127.9836197
40.35603714,2022-09-04 23:48:09.333,47.94874954,-122.370285,127.7982254
40.35603714,2022-09-04 23:48:13.728,47.94874191,-122.3702927,117.3934174
40.35603714,2022-09-04 23:48:16.011,47.94875336,-122.3703003,116.975174
40.35603714,2022-09-04 23:48:17.831,47.94876099,-122.3703079,116.5951767
40.35603714,2022-09-04 23:48:27.867,47.94874954,-122.3703079,116.7200851
40.35603714,2022-09-04 23:48:29.695,47.94875717,-122.3703156,114.630867
57.17908096,2022-09-04 23:48:30.767,47.9487648,-122.3703156,115.79702
57.17908096,2022-09-04 23:48:32.148,47.94877625,-122.3703232,115.79702
57.17908096,2022-09-04 23:48:34.768,47.94878769,-122.3703308,114.5865479
57.17908096,2022-09-04 23:48:36.772,47.94879913,-122.3703308,114.2297668
57.17908096,2022-09-04 23:48:44.761,47.94881058,-122.3703232,114.6568604
57.17908096,2022-09-04 23:48:47.517,47.94881439,-122.3703079,114.5574265
57.17908096,2022-09-04 23:48:52.765,47.94881821,-122.3702698,114.4881897
57.17908096,2022-09-04 23:48:54.768,47.94881439,-122.3702393,114.6415482
57.17908096,2022-09-04 23:48:56.767,47.94880295,-122.3702011,114.5304718
57.17908096,2022-09-04 23:48:58.771,47.94879532,-122.3701935,114.4072189
65.12267494,2022-09-04 23:49:06.447,47.94880676,-122.370224,114.0409393
65.12267494,2022-09-04 23:49:07.285,47.94880676,-122.3702469,113.7613754
65.12267494,2022-09-04 23:49:08.568,47.94881058,-122.3702621,113.8354187
65.12267494,2022-09-04 23:49:12.759,47.94880676,-122.3702774,113.5001678
65.12267494,2022-09-04 23:49:28.768,47.94881058,-122.3702621,112.9141541
72.20050907,2022-09-04 23:49:33.371,47.94881058,-122.3702469,113.0956497
72.20050907,2022-09-04 23:49:40.764,47.94880295,-122.3702393,112.6844864
72.20050907,2022-09-04 23:49:49.072,47.94879532,-122.3702469,112.2063217
72.20050907,2022-09-04 23:49:54.769,47.94878387,-122.3702469,111.6479874
72.20050907,2022-09-04 23:49:57.287,47.94878006,-122.3702316,111.4458008
72.20050907,2022-09-04 23:49:59.553,47.94877243,-122.3702164,111.2094803
83.60012722,2022-09-04 23:50:02.768,47.94876862,-122.3702087,111.6420898
83.60012722,2022-09-04 23:50:05.348,47.94876862,-122.3701859,111.1419983
83.60012722,2022-09-04 23:50:08.067,47.94877243,-122.3701782,110.9036026
83.60012722,2022-09-04 23:50:12.761,47.94877243,-122.370163,110.5313263
83.60012722,2022-09-04 23:50:19.789,47.9487648,-122.3701706,110.5801239
83.60012722,2022-09-04 23:50:22.330,47.94875717,-122.3701859,110.0811462
83.60012722,2022-09-04 23:50:24.069,47.94874954,-122.3701935,110.2928009
83.60012722,2022-09-04 23:50:26.192,47.9487381,-122.3701935,110.6439209
83.60012722,2022-09-04 23:50:28.714,47.94872665,-122.3702011,110.0535812
83.60012722,2022-09-04 23:50:29.970,47.94871902,-122.3702087,109.8688354
111.660964,2022-09-04 23:50:31.749,47.94870758,-122.3702164,110.0195541
111.660964,2022-09-04 23:50:32.891,47.94869995,-122.370224,109.9373169
111.660964,2022-09-04 23:50:34.767,47.94869232,-122.3702393,111.8453979
111.660964,2022-09-04 23:50:36.766,47.94868469,-122.3702469,111.8877563
111.660964,2022-09-04 23:50:38.490,47.94867325,-122.3702774,108.6173248
111.660964,2022-09-04 23:50:38.495,47.94867706,-122.3702621,111.8877563
111.660964,2022-09-04 23:50:40.762,47.94866562,-122.3702927,108.5494919
111.660964,2022-09-04 23:50:42.257,47.9486618,-122.3703079,108.5494919
111.660964,2022-09-04 23:50:43.231,47.94865799,-122.3703232,108.8107834
111.660964,2022-09-04 23:50:45.527,47.94865417,-122.3703308,109.1030273
111.660964,2022-09-04 23:50:46.765,47.94865036,-122.3703461,108.4390869
111.660964,2022-09-04 23:50:47.809,47.9486618,-122.3703384,108.4390869
111.660964,2022-09-04 23:50:49.711,47.94868088,-122.3703232,108.0865784
111.660964,2022-09-04 23:50:50.404,47.94869232,-122.3703156,108.0865784
111.660964,2022-09-04 23:50:51.004,47.94870377,-122.3702927,97.53723145
111.660964,2022-09-04 23:50:51.154,47.9487114,-122.370285,107.9577179
111.660964,2022-09-04 23:50:53.975,47.94872665,-122.370285,108.1826248
111.660964,2022-09-04 23:50:55.828,47.9487381,-122.3702698,108.1826248
111.660964,2022-09-04 23:50:57.951,47.94874191,-122.3702621,108.0290222
146.982276,2022-09-04 23:51:00.763,47.94874573,-122.370224,108.1505966
146.982276,2022-09-04 23:51:02.770,47.94874954,-122.3701172,108.0789871
146.982276,2022-09-04 23:51:04.287,47.94875717,-122.3699493,108.7511292
146.982276,2022-09-04 23:51:04.759,47.94876099,-122.3699112,108.6045609
146.982276,2022-09-04 23:51:05.885,47.9487648,-122.369873,108.6045609
146.982276,2022-09-04 23:51:12.611,47.94875717,-122.3698578,108.5309906
146.982276,2022-09-04 23:51:16.045,47.94874954,-122.3698578,109.0833435
146.982276,2022-09-04 23:51:24.767,47.94875717,-122.3698425,108.9899826
146.982276,2022-09-04 23:51:26.073,47.94876862,-122.3698425,108.9899826
146.982276,2022-09-04 23:51:28.651,47.94878006,-122.3698425,109.4368286
152.1026058,2022-09-04 23:51:31.409,47.94878769,-122.3698425,108.517662
152.1026058,2022-09-04 23:51:37.765,47.94879913,-122.3698425,108.2391434
152.1026058,2022-09-04 23:51:42.769,47.94880676,-122.3698349,108.4752884
152.1026058,2022-09-04 23:51:53.094,47.94880295,-122.3698425,108.3941116
152.1026058,2022-09-04 23:51:57.014,47.9487915,-122.3698425,108.1263428
168.689703,2022-09-04 23:52:02.757,47.94877243,-122.3698425,108.9111023
168.689703,2022-09-04 23:52:05.803,47.94876099,-122.3698044,109.0639267
168.689703,2022-09-04 23:52:06.760,47.9487648,-122.3698196,109.0639267
168.689703,2022-09-04 23:52:10.284,47.94875336,-122.3697891,109.0686798
168.689703,2022-09-04 23:52:12.550,47.94874954,-122.3697739,109.0033417
168.689703,2022-09-04 23:52:14.765,47.94874573,-122.3697662,108.6512451
168.689703,2022-09-04 23:52:17.649,47.9487381,-122.369751,108.4284058
168.689703,2022-09-04 23:52:20.023,47.94872665,-122.3697433,108.3627319
168.689703,2022-09-04 23:52:26.769,47.94871902,-122.3697281,108.3009567
168.689703,2022-09-04 23:52:29.894,47.94870758,-122.3697205,108.4642181
173.6558838,2022-09-04 23:52:32.771,47.94869995,-122.3697128,108.1132355
173.6558838,2022-09-04 23:52:39.609,47.94869995,-122.3697281,109.2540283
173.6558838,2022-09-04 23:52:48.769,47.94870758,-122.3697128,108.5240402
173.6558838,2022-09-04 23:52:58.769,47.94869614,-122.3697052,107.9402618
176.4564338,2022-09-04 23:53:04.553,47.94869614,-122.3696976,107.5258636
176.4564338,2022-09-04 23:53:18.756,47.94868851,-122.3696899,108.1671219
176.4564338,2022-09-04 23:53:26.760,47.94868469,-122.3696747,108.7359543
187.5356669,2022-09-04 23:53:38.759,47.94869232,-122.3696747,108.3051224
187.5356669,2022-09-04 23:53:46.769,47.94869995,-122.3696823,108.1013947
187.5356669,2022-09-04 23:53:48.762,47.94869995,-122.3697052,108.2158432
187.5356669,2022-09-04 23:53:50.761,47.94869614,-122.3697281,129.3000031
187.5356669,2022-09-04 23:53:51.299,47.94869995,-122.3697433,108.4954605
187.5356669,2022-09-04 23:53:52.765,47.94870758,-122.3697586,108.7025833
187.5356669,2022-09-04 23:53:54.758,47.94871902,-122.3697739,108.5632858
187.5356669,2022-09-04 23:53:56.767,47.94872665,-122.3697891,129.3000031
201.7799735,2022-09-04 23:54:02.754,47.94873428,-122.3697968,108.3618774
201.7799735,2022-09-04 23:54:04.753,47.94876862,-122.3697662,108.6076355
201.7799735,2022-09-04 23:54:06.757,47.94877625,-122.369751,108.6334534
201.7799735,2022-09-04 23:54:16.761,47.9487915,-122.3697586,107.9570847
201.7799735,2022-09-04 23:54:18.762,47.94880295,-122.3697586,129.3000031
201.7799735,2022-09-04 23:54:20.765,47.94881058,-122.3697815,107.939003
201.7799735,2022-09-04 23:54:28.761,47.94879532,-122.3697586,108.9765625
202.4886112,2022-09-04 23:54:34.767,47.9487915,-122.369751,108.7716904
210.397336,2022-09-04 23:55:44.763,47.94879913,-122.369751,129.3000031
210.397336,2022-09-04 23:55:46.764,47.94881058,-122.3697433,107.4988937
210.397336,2022-09-04 23:55:48.764,47.94881439,-122.3697281,107.5398407
210.397336,2022-09-04 23:55:50.758,47.94881439,-122.3697128,129.3000031
210.397336,2022-09-04 23:55:52.760,47.94882202,-122.3696976,107.3382263
210.397336,2022-09-04 23:55:56.768,47.94882965,-122.3696747,129.3000031
243.2046518,2022-09-04 23:56:02.779,47.94882584,-122.3696594,107.4492188
243.2046518,2022-09-04 23:56:08.768,47.94882584,-122.3696365,108.6445007
243.2046518,2022-09-04 23:56:10.769,47.94883347,-122.369606,108.7020493
243.2046518,2022-09-04 23:56:12.767,47.94884872,-122.3695602,108.7793427
243.2046518,2022-09-04 23:56:14.767,47.9488678,-122.3695297,108.2843246
243.2046518,2022-09-04 23:56:16.771,47.94889832,-122.3694763,108.7571106
243.2046518,2022-09-04 23:56:18.770,47.94892883,-122.3694153,109.057457
243.2046518,2022-09-04 23:56:20.765,47.94893646,-122.3693771,109.1617355
243.2046518,2022-09-04 23:56:22.770,47.94894409,-122.3693466,108.742424
243.2046518,2022-09-04 23:56:24.769,47.94894791,-122.369339,108.6052246
243.2046518,2022-09-04 23:56:28.764,47.94894028,-122.3693314,129.3000031
243.2046518,2022-09-04 23:56:29.689,47.94891739,-122.3693314,129.3000031
253.8645954,2022-09-04 23:56:30.765,47.94890213,-122.3693237,107.6244888
253.8645954,2022-09-04 23:56:32.765,47.94888687,-122.3693161,107.792366
253.8645954,2022-09-04 23:56:35.511,47.94887543,-122.3693085,129.3000031
253.8645954,2022-09-04 23:56:37.764,47.9488678,-122.3693008,107.4224091
253.8645954,2022-09-04 23:56:39.531,47.94886017,-122.3692932,107.4103622
253.8645954,2022-09-04 23:56:42.772,47.94886398,-122.369278,107.0321121
253.8645954,2022-09-04 23:56:49.196,47.94885635,-122.3692627,106.634201
253.8645954,2022-09-04 23:56:54.788,47.94884872,-122.3692551,106.0193863
261.864996,2022-09-04 23:57:02.748,47.94884872,-122.3692398,105.9240646
261.864996,2022-09-04 23:57:07.990,47.94884109,-122.3692322,129.3000031
261.864996,2022-09-04 23:57:18.769,47.94884491,-122.3692474,105.7251968
261.864996,2022-09-04 23:57:21.618,47.94885254,-122.3692551,129.3000031
261.864996,2022-09-04 23:57:26.535,47.94884491,-122.3692703,105.8705978
261.864996,2022-09-04 23:57:28.770,47.94882584,-122.369278,105.145256
274.6007938,2022-09-04 23:57:30.747,47.94881439,-122.3692856,105.145256
274.6007938,2022-09-04 23:57:32.030,47.94880295,-122.3692856,105.697998
274.6007938,2022-09-04 23:57:36.766,47.94878769,-122.369278,105.4316025
274.6007938,2022-09-04 23:57:38.760,47.94877625,-122.3692703,109.6330566
274.6007938,2022-09-04 23:57:42.759,47.94876099,-122.369278,105.1787262
274.6007938,2022-09-04 23:57:45.467,47.94875336,-122.3692627,105.0184708
274.6007938,2022-09-04 23:57:48.451,47.94874191,-122.3692627,104.3591156
274.6007938,2022-09-04 23:57:52.756,47.94873047,-122.3692551,104.8091278
274.6007938,2022-09-04 23:57:56.652,47.94872284,-122.3692627,104.2391281
280.6472893,2022-09-04 23:58:00.107,47.9487114,-122.3692703,104.8560028
280.6472893,2022-09-04 23:58:06.794,47.94869995,-122.369278,100.1989136
280.6472893,2022-09-04 23:58:09.887,47.94868851,-122.3692856,104.3016281
280.6472893,2022-09-04 23:58:14.653,47.94868088,-122.3692932,104.0242691
280.6472893,2022-09-04 23:58:24.754,47.94867325,-122.3692932,103.5196457
284.0751684,2022-09-04 23:58:46.353,47.94867325,-122.3693085,104.285202
284.0751684,2022-09-04 23:58:52.767,47.94868469,-122.3693085,104.8791122
284.0751684,2022-09-04 23:58:56.761,47.94867706,-122.3693008,104.0151825
305.0400293,2022-09-04 23:59:02.764,47.94869232,-122.3693161,103.7033691
305.0400293,2022-09-04 23:59:10.768,47.94873428,-122.3693161,104.3164139
305.0400293,2022-09-04 23:59:12.768,47.94877243,-122.3693237,104.4882431
305.0400293,2022-09-04 23:59:13.648,47.94874191,-122.3693237,104.4882431
305.0400293,2022-09-04 23:59:14.647,47.94872284,-122.3693237,104.4882431
305.0400293,2022-09-04 23:59:15.011,47.94871521,-122.3693237,104.6772537
305.0400293,2022-09-04 23:59:20.753,47.94871902,-122.369339,129.3000031
305.0400293,2022-09-04 23:59:22.755,47.9487114,-122.3693314,104.0256424
305.0400293,2022-09-04 23:59:26.109,47.94869995,-122.3693237,103.8361664
313.5641487,2022-09-04 23:59:30.760,47.94868851,-122.3693237,104.0879288
313.5641487,2022-09-04 23:59:34.759,47.94867325,-122.3693161,104.2070923
313.5641487,2022-09-04 23:59:36.752,47.94865799,-122.3693237,104.2153091
313.5641487,2022-09-04 23:59:38.754,47.94864273,-122.3693237,129.3000031
313.5641487,2022-09-04 23:59:40.758,47.94863129,-122.3693237,104.878952
313.5641487,2022-09-04 23:59:58.212,47.9486351,-122.3693161,105.5494995
330.2808483,2022-09-05 00:00:03.674,47.9486351,-122.3693008,105.5833817
330.2808483,2022-09-05 00:00:06.771,47.94863892,-122.3692856,106.0181122
330.2808483,2022-09-05 00:00:09.031,47.94864273,-122.3692703,106.0267715
330.2808483,2022-09-05 00:00:12.292,47.94865036,-122.3692627,106.5174561
330.2808483,2022-09-05 00:00:14.595,47.94865799,-122.3692474,106.5174561
330.2808483,2022-09-05 00:00:16.432,47.94866943,-122.3692474,106.4315948
330.2808483,2022-09-05 00:00:17.848,47.94868469,-122.3692474,107.1762314
330.2808483,2022-09-05 00:00:19.933,47.94869614,-122.3692474,107.2276535
330.2808483,2022-09-05 00:00:22.367,47.94870377,-122.3692474,107.3161469
330.2808483,2022-09-05 00:00:24.765,47.94871521,-122.3692398,107.684021
330.2808483,2022-09-05 00:00:26.732,47.94872665,-122.3692398,107.684021
330.2808483,2022-09-05 00:00:28.047,47.9487381,-122.3692398,107.5274658
330.2808483,2022-09-05 00:00:29.790,47.94875336,-122.3692398,129.3000031
344.1184309,2022-09-05 00:00:30.570,47.9487648,-122.3692398,108.2447662
344.1184309,2022-09-05 00:00:32.509,47.94877243,-122.3692551,108.3314438
344.1184309,2022-09-05 00:00:34.768,47.94877243,-122.3692703,129.3000031
344.1184309,2022-09-05 00:00:37.572,47.94877625,-122.3692856,107.7601852
344.1184309,2022-09-05 00:00:40.167,47.94878006,-122.3693008,108.561348
344.1184309,2022-09-05 00:00:42.765,47.9487915,-122.3693085,109.0178146
344.1184309,2022-09-05 00:00:45.907,47.94880295,-122.3693161,109.0231247
344.1184309,2022-09-05 00:00:48.771,47.94881439,-122.3693237,109.0580673
344.1184309,2022-09-05 00:00:54.769,47.94882584,-122.369339,108.3521423
344.1184309,2022-09-05 00:00:56.770,47.94883728,-122.3693542,109.1300964
359.7904136,2022-09-05 00:01:02.762,47.94886017,-122.3693542,108.5611115
359.7904136,2022-09-05 00:01:03.649,47.9488678,-122.3693466,108.5611115
359.7904136,2022-09-05 00:01:04.760,47.94887543,-122.3693466,108.5716782
359.7904136,2022-09-05 00:01:06.629,47.94889069,-122.369339,108.5716782
359.7904136,2022-09-05 00:01:08.770,47.94890213,-122.369339,108.7244568
359.7904136,2022-09-05 00:01:11.167,47.94891357,-122.369339,108.9816055
359.7904136,2022-09-05 00:01:14.685,47.9489212,-122.3693314,109.1296082
359.7904136,2022-09-05 00:01:18.784,47.94892502,-122.3693161,110.0251694
359.7904136,2022-09-05 00:01:21.755,47.94892883,-122.3693008,109.3713531
359.7904136,2022-09-05 00:01:23.867,47.94892883,-122.3692856,109.4535828
359.7904136,2022-09-05 00:01:26.310,47.94893265,-122.3692703,110.0805969
359.7904136,2022-09-05 00:01:28.052,47.94893265,-122.3692551,110.0805969
371.0148542,2022-09-05 00:01:31.358,47.94893646,-122.3692398,110.460022
371.0148542,2022-09-05 00:01:33.770,47.94894028,-122.3692245,110.8783493
371.0148542,2022-09-05 00:01:36.310,47.94894409,-122.3692093,111.0747528
371.0148542,2022-09-05 00:01:38.768,47.94895172,-122.369194,111.7306519
371.0148542,2022-09-05 00:01:46.650,47.94894028,-122.3692093,112.2710114
371.0148542,2022-09-05 00:01:50.266,47.94893265,-122.3692017,112.9945297
371.0148542,2022-09-05 00:01:53.169,47.94892502,-122.369194,113.2231445
371.0148542,2022-09-05 00:01:57.507,47.9489212,-122.3691788,129.3000031
371.0148542,2022-09-05 00:01:59.373,47.94891739,-122.3691635,113.6398544
387.6806638,2022-09-05 00:02:00.356,47.94890594,-122.3691483,113.6398544
387.6806638,2022-09-05 00:02:02.775,47.94890213,-122.3691406,129.3000031
387.6806638,2022-09-05 00:02:05.254,47.94890213,-122.3691177,129.3000031
387.6806638,2022-09-05 00:02:09.429,47.94889832,-122.3691025,114.6745224
387.6806638,2022-09-05 00:02:11.208,47.94889832,-122.3690872,129.3000031
387.6806638,2022-09-05 00:02:13.587,47.94890976,-122.369072,115.3519745
387.6806638,2022-09-05 00:02:15.413,47.94891739,-122.369072,116.3092957
387.6806638,2022-09-05 00:02:17.353,47.94892883,-122.3690643,116.239357
387.6806638,2022-09-05 00:02:19.750,47.94894028,-122.3690567,115.8199844
387.6806638,2022-09-05 00:02:22.090,47.94894791,-122.3690414,115.8899231
387.6806638,2022-09-05 00:02:24.508,47.94895172,-122.3690262,115.4459457
387.6806638,2022-09-05 00:02:26.085,47.94895554,-122.3690109,115.1073303
387.6806638,2022-09-05 00:02:28.763,47.94896317,-122.3690033,115.3639374
391.1993225,2022-09-05 00:02:31.166,47.94897079,-122.368988,116.2748795
391.1993225,2022-09-05 00:02:40.765,47.94897461,-122.3689957,116.3859787
391.1993225,2022-09-05 00:02:55.479,47.94898605,-122.368988,116.2113419
399.65571,2022-09-05 00:03:02.757,47.94898987,-122.3689804,115.7245712
399.65571,2022-09-05 00:03:06.765,47.94898987,-122.3689499,116.599144
399.65571,2022-09-05 00:03:08.768,47.94898224,-122.368927,117.9709091
399.65571,2022-09-05 00:03:16.770,47.94898987,-122.3689194,117.3649445
399.65571,2022-09-05 00:03:17.994,47.9489975,-122.3689346,117.3649445
399.65571,2022-09-05 00:03:26.760,47.9489975,-122.3689194,114.1247559
402.795675,2022-09-05 00:03:36.770,47.94898987,-122.3689117,116.1320114
402.795675,2022-09-05 00:03:48.389,47.94900131,-122.3689117,117.1422272
402.795675,2022-09-05 00:03:58.771,47.94900894,-122.3689117,116.1001663
404.0079305,2022-09-05 00:04:22.772,47.94900513,-122.368927,115.3868637
409.6382411,2022-09-05 00:04:30.766,47.94901276,-122.3689346,114.632103
409.6382411,2022-09-05 00:04:38.767,47.94901657,-122.3689499,114.5939484
409.6382411,2022-09-05 00:04:46.764,47.94902039,-122.3689575,112.8449097
409.6382411,2022-09-05 00:04:50.768,47.94902802,-122.3689728,114.7454758
409.6382411,2022-09-05 00:04:56.508,47.94901657,-122.3689728,116.0444565
413.9983518,2022-09-05 00:05:04.767,47.94900894,-122.3689728,129.3000031
413.9983518,2022-09-05 00:05:13.729,47.94902039,-122.3689728,115.0970612
413.9983518,2022-09-05 00:05:20.777,47.94903183,-122.3689651,114.6251907
413.9983518,2022-09-05 00:05:28.766,47.94903946,-122.3689651,114.5470047
416.9751146,2022-09-05 00:05:40.771,47.94902802,-122.3689804,114.4940033
416.9751146,2022-09-05 00:05:44.336,47.94903946,-122.3689804,114.5107651
423.2739875,2022-09-05 00:06:02.766,47.94903183,-122.368988,114.7523651
423.2739875,2022-09-05 00:06:10.767,47.94903183,-122.3690033,113.3700027
423.2739875,2022-09-05 00:06:16.756,47.9490242,-122.3690109,113.1828308
423.2739875,2022-09-05 00:06:18.767,47.94901657,-122.3689957,113.2209473
423.2739875,2022-09-05 00:06:19.572,47.94902802,-122.3690109,113.2209473
427.7988117,2022-09-05 00:06:30.764,47.94903564,-122.3690033,113.4356003
427.7988117,2022-09-05 00:06:38.767,47.94903183,-122.368988,112.5506516
427.7988117,2022-09-05 00:06:46.766,47.9490242,-122.3689804,111.5660477
427.7988117,2022-09-05 00:06:54.764,47.94901276,-122.3689804,112.8845291
438.5993974,2022-09-05 00:07:02.764,47.94900131,-122.368988,111.510643
438.5993974,2022-09-05 00:07:04.765,47.94898224,-122.3689957,111.8622055
438.5993974,2022-09-05 00:07:06.766,47.94896317,-122.3690033,111.767601
438.5993974,2022-09-05 00:07:08.206,47.94898605,-122.3689957,111.9979477
438.5993974,2022-09-05 00:07:18.128,47.94897842,-122.3690033,113.5152817
438.5993974,2022-09-05 00:07:20.766,47.94896698,-122.3690109,114.935997
445.7178895,2022-09-05 00:07:33.590,47.94897461,-122.3690186,113.3715439
445.7178895,2022-09-05 00:07:38.757,47.94898605,-122.3690262,113.6669922
445.7178895,2022-09-05 00:07:41.287,47.9489975,-122.3690186,113.6916809
445.7178895,2022-09-05 00:07:44.770,47.94900513,-122.3690109,114.3063354
445.7178895,2022-09-05 00:07:48.773,47.94901657,-122.3690109,114.5541763
445.7178895,2022-09-05 00:07:56.764,47.9490242,-122.3690033,115.2138977
449.9900658,2022-09-05 00:08:07.992,47.94902802,-122.368988,114.2873077
449.9900658,2022-09-05 00:08:10.426,47.94904327,-122.3689804,114.653244
449.9900658,2022-09-05 00:08:22.767,47.94905472,-122.3689804,115.103035
452.0309083,2022-09-05 00:08:42.767,47.94906235,-122.3689728,114.7303009
452.0309083,2022-09-05 00:08:54.462,47.94906998,-122.3689651,115.4323654
456.6439717,2022-09-05 00:09:05.244,47.94906616,-122.3689499,115.2377243
456.6439717,2022-09-05 00:09:13.429,47.94905853,-122.3689499,115.6340485
456.6439717,2022-09-05 00:09:18.491,47.9490509,-122.3689346,116.5394135
456.6439717,2022-09-05 00:09:20.590,47.9490509,-122.3689194,118.5548706
461.5255725,2022-09-05 00:09:40.767,47.9490509,-122.3689041,115.9817429
461.5255725,2022-09-05 00:09:42.773,47.94904327,-122.3688965,114.7299805
461.5255725,2022-09-05 00:09:44.766,47.94903183,-122.3688812,115.3587036
461.5255725,2022-09-05 00:09:48.764,47.9490242,-122.3688736,115.1668091
463.5664158,2022-09-05 00:10:22.764,47.94901657,-122.368866,116.6523285
463.5664158,2022-09-05 00:10:28.767,47.94900894,-122.3688583,117.5409317
466.1959429,2022-09-05 00:10:40.124,47.94900131,-122.3688736,116.548996
466.1959429,2022-09-05 00:10:52.762,47.9489975,-122.3688889,117.4055328
472.4395599,2022-09-05 00:11:33.547,47.94898987,-122.3688736,117.6363068
472.4395599,2022-09-05 00:11:36.410,47.94897842,-122.3688812,116.620636
472.4395599,2022-09-05 00:11:40.767,47.94897079,-122.3688736,118.9104614
472.4395599,2022-09-05 00:11:46.764,47.94896317,-122.368866,119.468399
472.4395599,2022-09-05 00:11:56.692,47.94895172,-122.3688583,119.621521
504.0032978,2022-09-05 00:12:00.508,47.94895172,-122.3688736,118.4728241
504.0032978,2022-09-05 00:12:02.334,47.94894409,-122.3688889,116.7387161
504.0032978,2022-09-05 00:12:04.762,47.94893646,-122.3688812,118.2060623
504.0032978,2022-09-05 00:12:06.765,47.94892883,-122.3688736,118.7371826
504.0032978,2022-09-05 00:12:07.610,47.94891739,-122.3688736,118.7371826
504.0032978,2022-09-05 00:12:08.254,47.94890976,-122.3688736,117.8409042
504.0032978,2022-09-05 00:12:09.611,47.94889832,-122.368866,117.8573685
504.0032978,2022-09-05 00:12:11.551,47.94888687,-122.3688583,117.8391342
504.0032978,2022-09-05 00:12:12.765,47.94887924,-122.3688507,117.8947754
504.0032978,2022-09-05 00:12:14.285,47.94887161,-122.3688354,119.0002975
504.0032978,2022-09-05 00:12:14.894,47.94887161,-122.3688126,120.2474747
504.0032978,2022-09-05 00:12:16.277,47.94887161,-122.3687973,120.2474747
504.0032978,2022-09-05 00:12:17.634,47.94887543,-122.3687744,120.5445404
504.0032978,2022-09-05 00:12:18.768,47.94887924,-122.3687592,120.9518433
504.0032978,2022-09-05 00:12:19.399,47.94888687,-122.3687286,121.2754974
504.0032978,2022-09-05 00:12:19.448,47.94888306,-122.3687439,120.9518433
504.0032978,2022-09-05 00:12:21.409,47.94889069,-122.3687134,121.0666962
504.0032978,2022-09-05 00:12:22.762,47.9488945,-122.3686981,121.6825027
504.0032978,2022-09-05 00:12:23.976,47.94890213,-122.3686829,121.6825027
504.0032978,2022-09-05 00:12:25.186,47.94890976,-122.3686752,122.1218872
504.0032978,2022-09-05 00:12:26.525,47.94891739,-122.3686676,122.3155746
504.0032978,2022-09-05 00:12:27.212,47.94892883,-122.36866,121.8580246
504.0032978,2022-09-05 00:12:29.391,47.94894409,-122.36866,121.7501755
515.2781057,2022-09-05 00:12:31.512,47.94895935,-122.36866,120.166893
515.2781057,2022-09-05 00:12:32.930,47.94896698,-122.36866,121.2919312
515.2781057,2022-09-05 00:12:34.764,47.94897842,-122.36866,121.4127808
515.2781057,2022-09-05 00:12:36.551,47.94898987,-122.36866,121.4127808
515.2781057,2022-09-05 00:12:38.764,47.94900131,-122.3686523,121.1441193
515.2781057,2022-09-05 00:12:40.765,47.94900513,-122.3686447,121.7337723
515.2781057,2022-09-05 00:12:43.130,47.94901276,-122.3686295,123.0653534
515.2781057,2022-09-05 00:12:48.084,47.94901657,-122.3686218,124.4446487
515.2781057,2022-09-05 00:12:52.072,47.94902802,-122.3686142,124.6057587
515.2781057,2022-09-05 00:12:58.531,47.94902802,-122.3686066,124.0846786
523.2689342,2022-09-05 00:13:02.089,47.94903564,-122.3685913,124.14814
523.2689342,2022-09-05 00:13:04.144,47.94904709,-122.3685913,124.0127411
523.2689342,2022-09-05 00:13:06.766,47.94905472,-122.3685837,123.7941284
523.2689342,2022-09-05 00:13:10.033,47.94906616,-122.368576,123.8758011
523.2689342,2022-09-05 00:13:13.212,47.94907379,-122.368576,125.1463013
523.2689342,2022-09-05 00:13:21.487,47.94906616,-122.3685837,125.9233932
523.2689342,2022-09-05 00:13:27.768,47.94907379,-122.368576,120.2733154
538.3206625,2022-09-05 00:13:30.767,47.94908905,-122.368576,125.16745
538.3206625,2022-09-05 00:13:33.164,47.94909668,-122.368576,125.8745728
538.3206625,2022-09-05 00:13:36.596,47.94910812,-122.3685684,124.9129181
538.3206625,2022-09-05 00:13:38.764,47.94911957,-122.3685684,120.3347168
538.3206625,2022-09-05 00:13:40.288,47.9491272,-122.3685608,124.6892242
538.3206625,2022-09-05 00:13:42.209,47.94913864,-122.3685608,124.7626114
538.3206625,2022-09-05 00:13:43.512,47.94914627,-122.3685532,126.3036194
538.3206625,2022-09-05 00:13:45.731,47.94916153,-122.3685532,126.8975677
538.3206625,2022-09-05 00:13:47.508,47.94917297,-122.3685532,127.484726
538.3206625,2022-09-05 00:13:49.649,47.94918442,-122.3685532,127.1628876
538.3206625,2022-09-05 00:13:52.767,47.94919205,-122.3685455,127.9635391
538.3206625,2022-09-05 00:13:57.566,47.94920349,-122.3685455,127.076828
548.8146858,2022-09-05 00:14:02.474,47.94921112,-122.3685455,126.8912811
548.8146858,2022-09-05 00:14:07.875,47.94921875,-122.3685303,127.5840149
548.8146858,2022-09-05 00:14:10.411,47.94922638,-122.3685226,127.0037766
548.8146858,2022-09-05 00:14:12.763,47.94923782,-122.368515,129.3000031
548.8146858,2022-09-05 00:14:15.870,47.94924545,-122.368515,129.3000031
548.8146858,2022-09-05 00:14:18.767,47.9492569,-122.368515,129.603241
548.8146858,2022-09-05 00:14:21.475,47.94926834,-122.368515,129.5425873
548.8146858,2022-09-05 00:14:26.229,47.94926453,-122.3684998,130.1900024
548.8146858,2022-09-05 00:14:28.761,47.94926071,-122.3684845,129.3000031
564.55474,2022-09-05 00:14:31.951,47.94926071,-122.3684692,129.3000031
564.55474,2022-09-05 00:14:34.974,47.94926834,-122.368454,129.3000031
564.55474,2022-09-05 00:14:38.330,47.94926834,-122.3684311,129.3000031
564.55474,2022-09-05 00:14:39.930,47.94927597,-122.3684158,129.3000031
564.55474,2022-09-05 00:14:40.077,47.94928741,-122.3683929,129.3000031
564.55474,2022-09-05 00:14:42.766,47.94929504,-122.3683853,131.467392
564.55474,2022-09-05 00:14:46.085,47.94931412,-122.3683777,129.3000031
564.55474,2022-09-05 00:14:47.394,47.94933701,-122.3683853,129.3000031
564.55474,2022-09-05 00:14:48.760,47.94934464,-122.3683853,129.3000031
564.55474,2022-09-05 00:14:52.765,47.94935608,-122.3683853,129.3000031
575.9235907,2022-09-05 00:15:08.437,47.94935608,-122.3683777,129.3000031
575.9235907,2022-09-05 00:15:10.525,47.94935226,-122.3683624,129.3000031
575.9235907,2022-09-05 00:15:13.713,47.94934082,-122.3683548,129.3000031
575.9235907,2022-09-05 00:15:17.261,47.94933319,-122.3683701,129.3000031
575.9235907,2022-09-05 00:15:20.029,47.94932556,-122.3683548,129.3000031
575.9235907,2022-09-05 00:15:22.134,47.94931793,-122.3683472,129.3000031
575.9235907,2022-09-05 00:15:24.548,47.9493103,-122.3683472,129.3000031
575.9235907,2022-09-05 00:15:26.766,47.94929886,-122.3683319,129.3000031
575.9235907,2022-09-05 00:15:28.769,47.9492836,-122.3683243,129.3000031
589.1484776,2022-09-05 00:15:30.772,47.94927597,-122.3683319,129.3000031
589.1484776,2022-09-05 00:15:34.769,47.94926453,-122.3683395,129.3000031
589.1484776,2022-09-05 00:15:38.377,47.9492569,-122.3683395,129.3000031
589.1484776,2022-09-05 00:15:40.764,47.94924545,-122.3683395,129.3000031
589.1484776,2022-09-05 00:15:43.530,47.94923401,-122.3683395,129.3000031
589.1484776,2022-09-05 00:15:45.634,47.94922256,-122.3683319,129.3000031
589.1484776,2022-09-05 00:15:47.651,47.94920731,-122.3683243,129.3000031
589.1484776,2022-09-05 00:15:50.763,47.94920349,-122.368309,129.3000031
589.1484776,2022-09-05 00:15:56.761,47.94919968,-122.3683319,129.3000031
589.1484776,2022-09-05 00:15:58.766,47.94918823,-122.3683319,129.3000031
612.3039017,2022-09-05 00:16:00.770,47.9491806,-122.3683243,129.3000031
612.3039017,2022-09-05 00:16:02.653,47.94916916,-122.3683243,129.3000031
612.3039017,2022-09-05 00:16:04.491,47.94915771,-122.3683167,129.3000031
612.3039017,2022-09-05 00:16:05.974,47.94915009,-122.368309,129.3000031
612.3039017,2022-09-05 00:16:08.112,47.94914246,-122.3683014,129.3000031
612.3039017,2022-09-05 00:16:10.129,47.94913483,-122.3682861,129.3000031
612.3039017,2022-09-05 00:16:12.765,47.94913101,-122.3682632,129.3000031
612.3039017,2022-09-05 00:16:14.012,47.94913101,-122.368248,129.3000031
612.3039017,2022-09-05 00:16:16.174,47.94913101,-122.3682251,129.3000031
612.3039017,2022-09-05 00:16:17.369,47.94913483,-122.3682098,129.3000031
612.3039017,2022-09-05 00:16:19.024,47.94913864,-122.3681946,129.3000031
612.3039017,2022-09-05 00:16:20.762,47.94914246,-122.368187,129.3000031
612.3039017,2022-09-05 00:16:22.851,47.94915009,-122.3681717,129.3000031
612.3039017,2022-09-05 00:16:23.992,47.94915771,-122.3681641,129.3000031
612.3039017,2022-09-05 00:16:25.285,47.9491806,-122.3681412,129.3000031
612.3039017,2022-09-05 00:16:27.132,47.94919205,-122.3681335,129.3000031
612.3039017,2022-09-05 00:16:28.764,47.94920349,-122.3681259,129.3000031
624.9302979,2022-09-05 00:16:30.757,47.94921494,-122.3681183,129.3000031
624.9302979,2022-09-05 00:16:32.430,47.94922256,-122.3681107,129.3000031
624.9302979,2022-09-05 00:16:34.390,47.94923401,-122.368103,129.3000031
624.9302979,2022-09-05 00:16:35.713,47.94924164,-122.3680954,129.3000031
624.9302979,2022-09-05 00:16:36.763,47.94925308,-122.3680878,129.3000031
624.9302979,2022-09-05 00:16:38.760,47.94926453,-122.3680649,129.3000031
624.9302979,2022-09-05 00:16:41.175,47.94927216,-122.3680573,129.3000031
624.9302979,2022-09-05 00:16:43.940,47.94927979,-122.3680496,129.3000031
624.9302979,2022-09-05 00:16:46.453,47.94929123,-122.368042,129.3000031
624.9302979,2022-09-05 00:16:48.769,47.94929886,-122.368042,129.3000031
629.2648473,2022-09-05 00:17:04.765,47.94929123,-122.3680267,129.3000031
629.2648473,2022-09-05 00:17:18.773,47.94928741,-122.3680115,129.3000031
629.2648473,2022-09-05 00:17:22.761,47.94927597,-122.3679962,129.3000031
637.228622,2022-09-05 00:17:32.770,47.94927216,-122.367981,129.3000031
637.228622,2022-09-05 00:17:34.770,47.94926453,-122.3679733,129.3000031
637.228622,2022-09-05 00:17:42.776,47.94927216,-122.3679581,129.3000031
637.228622,2022-09-05 00:17:46.757,47.94929123,-122.3679657,129.3000031
637.228622,2022-09-05 00:17:50.772,47.94929886,-122.3679657,129.3000031
637.228622,2022-09-05 00:17:56.767,47.9493103,-122.3679657,129.3000031
638.9841447,2022-09-05 00:18:30.769,47.94930649,-122.3679886,129.3000031
642.4177337,2022-09-05 00:19:00.757,47.94929504,-122.367981,129.3000031
642.4177337,2022-09-05 00:19:08.771,47.94928741,-122.3679733,129.3000031
642.4177337,2022-09-05 00:19:14.768,47.94927979,-122.3679657,129.3000031
649.7913284,2022-09-05 00:19:45.834,47.94926834,-122.3679733,129.3000031
649.7913284,2022-09-05 00:19:52.394,47.94926834,-122.3679886,129.3000031
649.7913284,2022-09-05 00:19:53.774,47.94926834,-122.3680038,129.3000031
649.7913284,2022-09-05 00:19:55.351,47.94926071,-122.3680191,129.3000031
649.7913284,2022-09-05 00:19:57.130,47.94925308,-122.3680267,129.3000031
649.7913284,2022-09-05 00:19:58.762,47.94924164,-122.3680267,129.3000031
663.304678,2022-09-05 00:20:00.759,47.94923019,-122.3680191,129.3000031
663.304678,2022-09-05 00:20:02.766,47.94922638,-122.3680038,129.3000031
663.304678,2022-09-05 00:20:04.766,47.94922638,-122.367981,129.3000031
663.304678,2022-09-05 00:20:05.268,47.94923019,-122.3679657,129.3000031
663.304678,2022-09-05 00:20:08.764,47.94923019,-122.3679504,129.3000031
663.304678,2022-09-05 00:20:18.769,47.94921875,-122.3679276,129.3000031
663.304678,2022-09-05 00:20:20.765,47.94920731,-122.3679047,129.3000031
663.304678,2022-09-05 00:20:22.588,47.94921112,-122.3679199,129.3000031
663.304678,2022-09-05 00:20:28.686,47.94919968,-122.3679123,129.3000031
672.241189,2022-09-05 00:20:34.762,47.94918823,-122.3679123,129.3000031
672.241189,2022-09-05 00:20:40.373,47.9491806,-122.3679047,129.3000031
672.241189,2022-09-05 00:20:44.759,47.94917297,-122.367897,129.3000031
672.241189,2022-09-05 00:20:49.836,47.94916534,-122.367897,129.3000031
672.241189,2022-09-05 00:20:52.348,47.9491539,-122.367897,129.3000031
672.241189,2022-09-05 00:20:53.833,47.94914246,-122.367897,129.3000031
672.241189,2022-09-05 00:20:54.767,47.94913483,-122.3679047,129.3000031
672.241189,2022-09-05 00:20:59.027,47.94913101,-122.3679199,129.3000031
733.3206186,2022-09-05 00:21:01.855,47.9491272,-122.3679276,129.3000031
733.3206186,2022-09-05 00:21:03.768,47.94911957,-122.3679352,129.3000031
733.3206186,2022-09-05 00:21:05.372,47.94911194,-122.3679504,129.3000031
733.3206186,2022-09-05 00:21:07.314,47.94910431,-122.3679657,129.3000031
733.3206186,2022-09-05 00:21:10.072,47.94909286,-122.3679657,129.3000031
733.3206186,2022-09-05 00:21:11.818,47.94907761,-122.3679581,129.3000031
733.3206186,2022-09-05 00:21:12.067,47.94903183,-122.3677673,129.3000031
733.3206186,2022-09-05 00:21:13.049,47.94906616,-122.3679504,129.3000031
733.3206186,2022-09-05 00:21:14.374,47.9490509,-122.3679504,129.3000031
733.3206186,2022-09-05 00:21:15.627,47.94903564,-122.3679199,129.3000031
733.3206186,2022-09-05 00:21:16.113,47.94903183,-122.367897,129.3000031
733.3206186,2022-09-05 00:21:16.760,47.94903183,-122.3678818,129.3000031
733.3206186,2022-09-05 00:21:18.092,47.94903183,-122.3677521,129.3000031
733.3206186,2022-09-05 00:21:19.227,47.94903183,-122.3677368,129.3000031
733.3206186,2022-09-05 00:21:20.264,47.94903183,-122.3677216,129.3000031
733.3206186,2022-09-05 00:21:22.488,47.94903183,-122.367691,129.3000031
733.3206186,2022-09-05 00:21:23.812,47.94902039,-122.3676834,129.3000031
733.3206186,2022-09-05 00:21:26.756,47.94901657,-122.3676682,129.3000031
741.0104494,2022-09-05 00:21:32.630,47.9490242,-122.3676758,129.3000031
741.0104494,2022-09-05 00:21:34.239,47.94903564,-122.3677063,129.3000031
741.0104494,2022-09-05 00:21:34.716,47.94903183,-122.3676834,129.3000031
741.0104494,2022-09-05 00:21:50.612,47.94902802,-122.3677139,129.3000031
749.643363,2022-09-05 00:22:02.763,47.94903564,-122.3677139,129.3000031
749.643363,2022-09-05 00:22:06.757,47.94903946,-122.3677063,129.3000031
749.643363,2022-09-05 00:22:10.515,47.94902802,-122.3676987,129.3000031
749.643363,2022-09-05 00:22:16.760,47.9490242,-122.3677139,129.3000031
749.643363,2022-09-05 00:22:24.764,47.94903183,-122.3677216,129.3000031
749.643363,2022-09-05 00:22:28.736,47.94903946,-122.3677216,129.3000031
749.643363,2022-09-05 00:22:29.866,47.9490509,-122.3677521,129.3000031
761.1367407,2022-09-05 00:22:32.768,47.94904709,-122.3677368,129.3000031
761.1367407,2022-09-05 00:22:41.057,47.94902039,-122.3677597,129.3000031
761.1367407,2022-09-05 00:22:42.328,47.94904327,-122.3677597,129.3000031
761.1367407,2022-09-05 00:22:45.449,47.94903183,-122.3677673,129.3000031
761.1367407,2022-09-05 00:22:48.764,47.9490242,-122.3677444,129.3000031
761.1367407,2022-09-05 00:22:54.323,47.94903183,-122.3677368,129.3000031
768.6411896,2022-09-05 00:23:08.758,47.94905472,-122.3677368,129.3000031
768.6411896,2022-09-05 00:23:10.757,47.94906235,-122.3677216,129.3000031
768.6411896,2022-09-05 00:23:16.756,47.94905853,-122.3677444,129.3000031
768.6411896,2022-09-05 00:23:20.750,47.94904327,-122.3677521,129.3000031
784.3704662,2022-09-05 00:38:39.495,47.94914627,-122.367897,129.3000031
784.3704662,2022-09-05 00:38:40.584,,,