From 2022-04-12 exploring  from the shed, down and along the width of the property at the bottom of the valley,
then up to the west corners and additional exploring in the southern part, west of the bottom of the valley.

 Distance  (m)                  Date and Time                         Latitude (deg N)           Longitude (deg E)              Altitude (m)
6.903561592,2022-04-12 21:03:22.118,47.94940948,-122.36763,129
6.903561592,2022-04-12 21:03:23.298,47.94939804,-122.3676376,129
6.903561592,2022-04-12 21:03:26.274,47.9493866,-122.3676376,129
6.903561592,2022-04-12 21:03:28.425,47.94937515,-122.3676376,129
6.903561592,2022-04-12 21:03:29.538,47.94936371,-122.3676376,129
39.85414219,2022-04-12 21:03:32.409,47.94934845,-122.3676529,129
39.85414219,2022-04-12 21:03:36.398,47.94934082,-122.3676605,129
39.85414219,2022-04-12 21:03:39.297,47.94932938,-122.3676605,129
39.85414219,2022-04-12 21:03:40.372,47.94932175,-122.3676605,129
39.85414219,2022-04-12 21:03:40.934,47.9493103,-122.3676682,129
39.85414219,2022-04-12 21:03:41.982,47.94929886,-122.3676758,129
39.85414219,2022-04-12 21:03:43.016,47.9492836,-122.3676834,129
39.85414219,2022-04-12 21:03:44.054,47.94927216,-122.3676834,129
39.85414219,2022-04-12 21:03:45.139,47.94926453,-122.367691,129
39.85414219,2022-04-12 21:03:46.213,47.94924927,-122.3676987,129
39.85414219,2022-04-12 21:03:46.612,47.94924164,-122.3677139,129
39.85414219,2022-04-12 21:03:47.280,47.94923401,-122.3677216,129
39.85414219,2022-04-12 21:03:48.354,47.94922256,-122.3677368,129
39.85414219,2022-04-12 21:03:49.418,47.94921494,-122.3677521,129
39.85414219,2022-04-12 21:03:50.513,47.94920731,-122.3677597,129
39.85414219,2022-04-12 21:03:51.559,47.94919968,-122.367775,129
39.85414219,2022-04-12 21:03:52.404,47.94919205,-122.3677902,129
39.85414219,2022-04-12 21:03:53.177,47.94918823,-122.3678055,129
39.85414219,2022-04-12 21:03:54.176,47.94918442,-122.3678284,129
39.85414219,2022-04-12 21:03:55.355,47.94918442,-122.3678436,129
39.85414219,2022-04-12 21:03:56.392,47.9491806,-122.3678589,129
39.85414219,2022-04-12 21:03:57.497,47.94918442,-122.3678818,129
39.85414219,2022-04-12 21:03:58.513,47.94919205,-122.367897,129
39.85414219,2022-04-12 21:03:59.636,47.94919586,-122.3679123,129
63.01631641,2022-04-12 21:04:00.902,47.94919968,-122.3679276,129
63.01631641,2022-04-12 21:04:03.173,47.94920349,-122.3679504,129
63.01631641,2022-04-12 21:04:04.876,47.94920731,-122.3679657,129.5999908
63.01631641,2022-04-12 21:04:06.495,47.94920349,-122.3679886,129.5999908
63.01631641,2022-04-12 21:04:07.638,47.94919968,-122.3680038,129.5999908
63.01631641,2022-04-12 21:04:08.418,47.94919586,-122.3680191,129.5999908
63.01631641,2022-04-12 21:04:09.538,47.94920731,-122.3680191,129.5999908
63.01631641,2022-04-12 21:04:11.698,47.94921112,-122.3680267,129
63.01631641,2022-04-12 21:04:13.316,47.94921112,-122.3680496,129
63.01631641,2022-04-12 21:04:15.133,47.94921112,-122.3680649,129
63.01631641,2022-04-12 21:04:16.835,47.94921112,-122.3680801,129
63.01631641,2022-04-12 21:04:19.261,47.94919968,-122.3680954,129
63.01631641,2022-04-12 21:04:21.153,47.94918442,-122.3680878,129
63.01631641,2022-04-12 21:04:22.314,47.94917679,-122.3680725,129
63.01631641,2022-04-12 21:04:23.940,47.94916916,-122.3680649,129
63.01631641,2022-04-12 21:04:27.459,47.94916534,-122.3680801,129
63.01631641,2022-04-12 21:04:29.336,47.94916534,-122.368103,129
93.4026022,2022-04-12 21:04:31.562,47.94916916,-122.3681183,129
93.4026022,2022-04-12 21:04:32.403,47.94917679,-122.3681335,129
93.4026022,2022-04-12 21:04:34.192,47.9491806,-122.3681488,129
93.4026022,2022-04-12 21:04:36.403,47.94919205,-122.3681564,129
93.4026022,2022-04-12 21:04:38.980,47.94920349,-122.3681641,129
93.4026022,2022-04-12 21:04:40.237,47.94921112,-122.3681717,129
93.4026022,2022-04-12 21:04:41.358,47.94922256,-122.3681793,129
93.4026022,2022-04-12 21:04:43.054,47.94923782,-122.3681946,129
93.4026022,2022-04-12 21:04:44.140,47.94924927,-122.3682098,129
93.4026022,2022-04-12 21:04:45.299,47.94926453,-122.3682251,129
93.4026022,2022-04-12 21:04:46.405,47.94927597,-122.3682327,129
93.4026022,2022-04-12 21:04:47.555,47.9492836,-122.368248,129
93.4026022,2022-04-12 21:04:49.474,47.94929504,-122.3682632,129
93.4026022,2022-04-12 21:04:50.679,47.94930649,-122.3682709,129
93.4026022,2022-04-12 21:04:51.900,47.94931412,-122.3682785,129
93.4026022,2022-04-12 21:04:53.117,47.94932938,-122.3682861,129
93.4026022,2022-04-12 21:04:54.258,47.94934082,-122.3682938,129
93.4026022,2022-04-12 21:04:55.457,47.94935226,-122.3682938,129
93.4026022,2022-04-12 21:04:56.405,47.94936371,-122.3683014,129
93.4026022,2022-04-12 21:04:57.723,47.94937515,-122.368309,129
93.4026022,2022-04-12 21:04:58.900,47.9493866,-122.3683167,129
118.0870085,2022-04-12 21:05:00.055,47.94939423,-122.3683243,129
118.0870085,2022-04-12 21:05:01.216,47.94940186,-122.3683319,129
118.0870085,2022-04-12 21:05:02.375,47.9494133,-122.3683395,129
118.0870085,2022-04-12 21:05:03.534,47.94942093,-122.3683472,129
118.0870085,2022-04-12 21:05:05.161,47.94943619,-122.3683701,129
118.0870085,2022-04-12 21:05:06.377,47.94944382,-122.3683777,129
118.0870085,2022-04-12 21:05:07.521,47.94945145,-122.3683853,129
118.0870085,2022-04-12 21:05:08.411,47.94945908,-122.3683929,129
118.0870085,2022-04-12 21:05:09.774,47.94947052,-122.3684006,129
118.0870085,2022-04-12 21:05:11.857,47.94948578,-122.3684235,129
118.0870085,2022-04-12 21:05:13.057,47.94949341,-122.3684387,129
118.0870085,2022-04-12 21:05:14.217,47.94950104,-122.3684464,129
118.0870085,2022-04-12 21:05:15.996,47.94951248,-122.3684616,129
118.0870085,2022-04-12 21:05:17.175,47.94952011,-122.3684692,129
118.0870085,2022-04-12 21:05:20.006,47.94952774,-122.3684769,129
118.0870085,2022-04-12 21:05:21.838,47.94953537,-122.3684921,129
118.0870085,2022-04-12 21:05:24.081,47.94953537,-122.3685074,127.2723694
118.0870085,2022-04-12 21:05:26.099,47.94953156,-122.3685226,127.2330399
118.0870085,2022-04-12 21:05:28.415,47.94952393,-122.3685303,127.2288971
136.7953596,2022-04-12 21:05:30.579,47.9495163,-122.3685379,126.2084274
136.7953596,2022-04-12 21:05:32.216,47.94951248,-122.3685532,126.2084274
136.7953596,2022-04-12 21:05:34.299,47.94950485,-122.3685684,126.2042923
136.7953596,2022-04-12 21:05:37.259,47.94949341,-122.3685684,125.303978
136.7953596,2022-04-12 21:05:39.942,47.94948196,-122.3685608,125.2605209
136.7953596,2022-04-12 21:05:42.157,47.94947052,-122.3685684,124.2051163
136.7953596,2022-04-12 21:05:44.410,47.94946289,-122.3685684,124.0561218
136.7953596,2022-04-12 21:05:46.333,47.94945145,-122.368576,124.0561218
136.7953596,2022-04-12 21:05:48.404,47.94944382,-122.3685837,123.302948
136.7953596,2022-04-12 21:05:50.833,47.94944,-122.3685989,123.2677765
136.7953596,2022-04-12 21:05:53.172,47.94944,-122.3686142,123.2781219
136.7953596,2022-04-12 21:05:54.798,47.94944,-122.3686295,122.0491791
136.7953596,2022-04-12 21:05:55.835,47.94944,-122.3686447,122.0491791
136.7953596,2022-04-12 21:05:57.036,47.94944,-122.3686676,121.9788437
136.7953596,2022-04-12 21:05:58.879,47.94944763,-122.3686829,121.9891891
145.8057871,2022-04-12 21:06:00.118,47.94945145,-122.3686981,121.0500259
145.8057871,2022-04-12 21:06:01.554,47.94945526,-122.3687134,121.0479584
145.8057871,2022-04-12 21:06:03.095,47.94945908,-122.3687286,121.0086517
145.8057871,2022-04-12 21:06:05.616,47.94946289,-122.3687439,120.3570938
145.8057871,2022-04-12 21:06:12.760,47.94947052,-122.3687439,120.2640228
145.8057871,2022-04-12 21:06:17.157,47.94948196,-122.3687515,129
145.8057871,2022-04-12 21:06:20.413,47.94948578,-122.3687668,119.2216415
145.8057871,2022-04-12 21:06:24.418,47.94948959,-122.3687744,118.2993317
167.6471872,2022-04-12 21:06:32.412,47.94948578,-122.3687897,117.1951752
167.6471872,2022-04-12 21:06:38.216,47.94948959,-122.3688049,115.9195709
167.6471872,2022-04-12 21:06:43.773,47.94948578,-122.3688202,114.6855011
167.6471872,2022-04-12 21:06:46.075,47.94947815,-122.3688278,114.6441574
167.6471872,2022-04-12 21:06:47.734,47.94946671,-122.3688278,113.8050156
167.6471872,2022-04-12 21:06:48.920,47.94945908,-122.3688431,113.7967529
167.6471872,2022-04-12 21:06:50.679,47.94945145,-122.3688507,113.6314087
167.6471872,2022-04-12 21:06:52.374,47.94944763,-122.368866,113.6314087
167.6471872,2022-04-12 21:06:53.433,47.94944,-122.3688965,112.6022491
167.6471872,2022-04-12 21:06:53.600,47.94944382,-122.3688812,112.6022491
167.6471872,2022-04-12 21:06:55.875,47.94944,-122.3689194,112.6022491
167.6471872,2022-04-12 21:06:56.834,47.94943619,-122.3689346,112.3625488
167.6471872,2022-04-12 21:06:57.761,47.94943619,-122.3689499,112.3625488
167.6471872,2022-04-12 21:06:58.795,47.94943619,-122.3689728,112.3625488
167.6471872,2022-04-12 21:06:59.954,47.94943619,-122.3689957,112.3625488
188.877511,2022-04-12 21:07:01.134,47.94943619,-122.3690109,110.9285889
188.877511,2022-04-12 21:07:03.132,47.94943237,-122.3690262,110.7219849
188.877511,2022-04-12 21:07:05.757,47.94942474,-122.3690338,110.5856323
188.877511,2022-04-12 21:07:07.466,47.94941711,-122.3690491,109.6353378
188.877511,2022-04-12 21:07:08.013,47.94940948,-122.3690567,109.7840729
188.877511,2022-04-12 21:07:10.407,47.94940567,-122.369072,109.7241669
188.877511,2022-04-12 21:07:12.409,47.94940948,-122.3690872,129
188.877511,2022-04-12 21:07:14.035,47.94942093,-122.3691025,109.7530823
188.877511,2022-04-12 21:07:15.994,47.94943237,-122.3691101,109.7902679
188.877511,2022-04-12 21:07:18.334,47.94944382,-122.3691177,109.8357162
188.877511,2022-04-12 21:07:20.417,47.94945145,-122.3691406,110.2757416
188.877511,2022-04-12 21:07:23.038,47.94945908,-122.3691483,110.4554749
188.877511,2022-04-12 21:07:25.137,47.94946671,-122.3691559,129
188.877511,2022-04-12 21:07:26.412,47.94947815,-122.3691635,110.9182587
188.877511,2022-04-12 21:07:27.818,47.94948578,-122.3691788,110.9182587
188.877511,2022-04-12 21:07:29.583,47.94948959,-122.3692017,110.8728027
198.4950809,2022-04-12 21:07:31.414,47.94948196,-122.3692169,110.8707352
198.4950809,2022-04-12 21:07:33.284,47.94947815,-122.3692322,111.1042023
198.4950809,2022-04-12 21:07:38.198,47.94946671,-122.3692322,111.0690765
198.4950809,2022-04-12 21:07:41.794,47.94945908,-122.3692398,110.7529755
198.4950809,2022-04-12 21:07:44.913,47.94945526,-122.3692551,109.8625717
198.4950809,2022-04-12 21:07:46.641,47.94945526,-122.3692703,110.1517868
198.4950809,2022-04-12 21:07:50.243,47.94945526,-122.3692856,110.2282257
198.4950809,2022-04-12 21:07:53.336,47.94945908,-122.3693008,110.0877457
224.0083828,2022-04-12 21:08:03.922,47.94945145,-122.3692932,109.0280304
224.0083828,2022-04-12 21:08:06.973,47.94944382,-122.369278,108.840065
224.0083828,2022-04-12 21:08:09.337,47.94944,-122.3692627,129
224.0083828,2022-04-12 21:08:10.415,47.94943237,-122.3692551,108.2204285
224.0083828,2022-04-12 21:08:13.195,47.94942474,-122.3692398,108.2204285
224.0083828,2022-04-12 21:08:15.516,47.94941711,-122.3692322,107.8383408
224.0083828,2022-04-12 21:08:16.676,47.94940186,-122.3692169,107.8817139
224.0083828,2022-04-12 21:08:17.807,47.94939423,-122.3692093,107.8817139
224.0083828,2022-04-12 21:08:18.961,47.94938278,-122.3692017,107.8321457
224.0083828,2022-04-12 21:08:20.152,47.94937134,-122.369194,107.8321457
224.0083828,2022-04-12 21:08:21.377,47.94935608,-122.369194,107.8321457
224.0083828,2022-04-12 21:08:22.402,47.94934845,-122.3691864,108.1791229
224.0083828,2022-04-12 21:08:23.212,47.94933319,-122.3691788,108.1791229
224.0083828,2022-04-12 21:08:24.372,47.94932175,-122.3691788,108.2452164
224.0083828,2022-04-12 21:08:25.495,47.9493103,-122.3691788,108.2452164
224.0083828,2022-04-12 21:08:27.132,47.94929504,-122.3691788,108.3567429
224.0083828,2022-04-12 21:08:28.367,47.94927979,-122.3691788,108.0035629
224.0083828,2022-04-12 21:08:29.473,47.94926071,-122.3691788,107.7123566
255.4172096,2022-04-12 21:08:30.409,47.94924927,-122.3691711,107.6937714
255.4172096,2022-04-12 21:08:31.267,47.94924164,-122.3691711,107.6937714
255.4172096,2022-04-12 21:08:32.423,47.94923019,-122.3691635,107.6937714
255.4172096,2022-04-12 21:08:33.602,47.94921875,-122.3691559,107.5698547
255.4172096,2022-04-12 21:08:34.753,47.94920731,-122.3691483,107.4067078
255.4172096,2022-04-12 21:08:35.944,47.94919205,-122.3691406,107.3282318
255.4172096,2022-04-12 21:08:37.055,47.94918442,-122.3691406,107.3282318
255.4172096,2022-04-12 21:08:38.901,47.94916916,-122.369133,107.2332306
255.4172096,2022-04-12 21:08:40.407,47.94916153,-122.369133,106.6054459
255.4172096,2022-04-12 21:08:42.116,47.94914627,-122.3691406,106.7912979
255.4172096,2022-04-12 21:08:43.314,47.94913483,-122.3691483,106.8078232
255.4172096,2022-04-12 21:08:45.058,47.94912338,-122.3691483,106.8078232
255.4172096,2022-04-12 21:08:46.276,47.94911194,-122.3691483,106.8078232
255.4172096,2022-04-12 21:08:47.432,47.94909668,-122.3691406,106.6756592
255.4172096,2022-04-12 21:08:48.408,47.94908905,-122.369133,106.6199036
255.4172096,2022-04-12 21:08:49.260,47.94906616,-122.369133,106.6199036
255.4172096,2022-04-12 21:08:50.895,47.94905853,-122.3691254,106.6054459
255.4172096,2022-04-12 21:08:51.998,47.94904709,-122.3691254,106.6054459
255.4172096,2022-04-12 21:08:53.093,47.94903946,-122.3691177,129.4819336
255.4172096,2022-04-12 21:08:54.377,47.94902802,-122.3691177,105.4408722
255.4172096,2022-04-12 21:08:56.194,47.94901657,-122.3691101,105.7567825
255.4172096,2022-04-12 21:08:57.793,47.94900513,-122.3691101,105.8801727
255.4172096,2022-04-12 21:08:58.973,47.94899368,-122.3691025,105.8801727
283.449831,2022-04-12 21:09:00.038,47.94898224,-122.3691025,105.8801727
283.449831,2022-04-12 21:09:01.255,47.94896698,-122.3691025,105.1889801
283.449831,2022-04-12 21:09:01.874,47.94895554,-122.3691025,105.4099045
283.449831,2022-04-12 21:09:03.124,47.94894409,-122.3691025,105.3169937
283.449831,2022-04-12 21:09:04.319,47.94892502,-122.3690948,105.3169937
283.449831,2022-04-12 21:09:05.318,47.94890976,-122.3690948,105.6146164
283.449831,2022-04-12 21:09:06.431,47.94889832,-122.3690948,129
283.449831,2022-04-12 21:09:07.225,47.94888687,-122.3691025,129
283.449831,2022-04-12 21:09:08.409,47.9488678,-122.3691025,104.9469528
283.449831,2022-04-12 21:09:09.984,47.94885635,-122.3691101,104.9469528
283.449831,2022-04-12 21:09:11.939,47.94884491,-122.3691177,104.7286072
283.449831,2022-04-12 21:09:16.410,47.94884109,-122.3691025,104.2083282
283.449831,2022-04-12 21:09:18.674,47.94883347,-122.3691177,129
283.449831,2022-04-12 21:09:19.776,47.94883347,-122.3691254,104.2888412
283.449831,2022-04-12 21:09:21.556,47.94882584,-122.3691559,104.2702637
283.449831,2022-04-12 21:09:23.014,47.94881439,-122.3691635,104.2042007
283.449831,2022-04-12 21:09:24.914,47.94880676,-122.3691559,104.1278229
283.449831,2022-04-12 21:09:27.111,47.94879532,-122.3691559,104.1195602
283.449831,2022-04-12 21:09:28.939,47.9487915,-122.3691788,104.1195602
298.2216139,2022-04-12 21:09:30.407,47.94878387,-122.3691864,103.9750595
298.2216139,2022-04-12 21:09:30.970,47.94877625,-122.369194,103.9399643
298.2216139,2022-04-12 21:09:33.935,47.9487648,-122.3692017,103.9544144
298.2216139,2022-04-12 21:09:35.417,47.94875336,-122.3692017,103.9853821
298.2216139,2022-04-12 21:09:37.142,47.94874191,-122.3692017,103.7727509
298.2216139,2022-04-12 21:09:40.573,47.94874191,-122.3692093,103.3413239
298.2216139,2022-04-12 21:09:42.410,47.94875336,-122.3692093,103.3165512
298.2216139,2022-04-12 21:09:44.422,47.9487648,-122.3692093,103.240181
298.2216139,2022-04-12 21:09:47.378,47.94877243,-122.3692093,103.1885757
298.2216139,2022-04-12 21:09:49.935,47.94878387,-122.3692093,103.3681564
298.2216139,2022-04-12 21:09:52.000,47.94879532,-122.3692093,103.485817
298.2216139,2022-04-12 21:09:54.412,47.94880676,-122.3692093,103.6241226
298.2216139,2022-04-12 21:09:57.842,47.94881439,-122.3692169,104.4581299
309.7835484,2022-04-12 21:10:02.404,47.94882202,-122.3692169,105.8409424
309.7835484,2022-04-12 21:10:08.363,47.94883728,-122.3692245,105.8946304
309.7835484,2022-04-12 21:10:12.081,47.94884491,-122.3692169,106.6656036
309.7835484,2022-04-12 21:10:15.372,47.94886017,-122.3692093,129
309.7835484,2022-04-12 21:10:16.405,47.94887161,-122.3692093,106.4505768
309.7835484,2022-04-12 21:10:19.177,47.94888306,-122.3692017,106.4505768
309.7835484,2022-04-12 21:10:20.338,47.94889069,-122.3692017,106.4505768
309.7835484,2022-04-12 21:10:22.401,47.94890213,-122.3692093,106.5496979
309.7835484,2022-04-12 21:10:26.412,47.94889832,-122.3692245,106.789238
325.0670576,2022-04-12 21:10:32.676,47.94890594,-122.3692398,106.1552963
325.0670576,2022-04-12 21:10:35.141,47.94891357,-122.3692474,106.3060303
325.0670576,2022-04-12 21:10:37.433,47.9489212,-122.3692627,106.1635513
325.0670576,2022-04-12 21:10:40.022,47.94892883,-122.3692703,105.5110703
325.0670576,2022-04-12 21:10:42.410,47.94894028,-122.3692703,105.5854034
325.0670576,2022-04-12 21:10:48.640,47.94893646,-122.3692856,104.4560928
325.0670576,2022-04-12 21:10:50.857,47.94892502,-122.3692932,104.410675
325.0670576,2022-04-12 21:10:52.455,47.94891739,-122.3693008,104.410675
325.0670576,2022-04-12 21:10:54.215,47.94890594,-122.3693085,104.4560928
325.0670576,2022-04-12 21:10:55.861,47.9488945,-122.3693161,129
325.0670576,2022-04-12 21:10:57.515,47.94888687,-122.3693237,103.9172821
325.0670576,2022-04-12 21:10:58.515,47.94887543,-122.369339,103.675766
344.635066,2022-04-12 21:11:00.817,47.94887161,-122.3693619,103.5312653
344.635066,2022-04-12 21:11:02.320,47.94887161,-122.3693771,103.5312653
344.635066,2022-04-12 21:11:03.479,47.9488678,-122.3693924,103.2567215
344.635066,2022-04-12 21:11:04.642,47.94886017,-122.3694077,103.6303482
344.635066,2022-04-12 21:11:06.317,47.94885635,-122.3694305,103.6303482
344.635066,2022-04-12 21:11:08.061,47.94885254,-122.3694458,103.6303482
344.635066,2022-04-12 21:11:09.837,47.94885254,-122.3694611,103.9998627
344.635066,2022-04-12 21:11:11.761,47.94885635,-122.3694763,103.9152222
344.635066,2022-04-12 21:11:13.593,47.94885254,-122.3694916,103.9998627
344.635066,2022-04-12 21:11:15.495,47.94884872,-122.3694992,104.1010132
344.635066,2022-04-12 21:11:17.418,47.94883728,-122.3695068,104.4581604
344.635066,2022-04-12 21:11:20.399,47.94882965,-122.3695145,104.6811218
344.635066,2022-04-12 21:11:22.408,47.94882584,-122.3695221,104.908226
344.635066,2022-04-12 21:11:24.419,47.94881821,-122.3695374,104.9412613
344.635066,2022-04-12 21:11:26.340,47.94881821,-122.3695526,104.9412613
344.635066,2022-04-12 21:11:28.419,47.94881821,-122.3695679,105.170433
356.832201,2022-04-12 21:11:31.044,47.94881439,-122.3695831,106.0957031
356.832201,2022-04-12 21:11:32.953,47.94881439,-122.3695984,106.2361069
356.832201,2022-04-12 21:11:35.761,47.94881439,-122.3696136,106.6449509
356.832201,2022-04-12 21:11:39.040,47.94881439,-122.3696289,106.8039551
356.832201,2022-04-12 21:11:42.313,47.94881058,-122.3696518,106.9154663
356.832201,2022-04-12 21:11:47.084,47.94879913,-122.3696518,129
356.832201,2022-04-12 21:11:50.314,47.94879532,-122.3696594,107.8963928
356.832201,2022-04-12 21:11:53.500,47.9487915,-122.3696747,108.5676193
356.832201,2022-04-12 21:11:55.498,47.94879913,-122.3696899,108.5441437
356.832201,2022-04-12 21:11:58.837,47.94880295,-122.3697052,107.6085663
374.9153194,2022-04-12 21:12:02.834,47.94880676,-122.3697128,109.5727844
374.9153194,2022-04-12 21:12:06.258,47.94881439,-122.3697281,110.2420883
374.9153194,2022-04-12 21:12:07.599,47.94882584,-122.3697357,110.3990936
374.9153194,2022-04-12 21:12:08.961,47.94883347,-122.3697433,110.7774582
374.9153194,2022-04-12 21:12:10.815,47.94884491,-122.369751,110.7502975
374.9153194,2022-04-12 21:12:11.808,47.94885254,-122.3697662,111.1635056
374.9153194,2022-04-12 21:12:14.202,47.94886017,-122.3697739,111.4073029
374.9153194,2022-04-12 21:12:15.584,47.9488678,-122.3697891,111.4073029
374.9153194,2022-04-12 21:12:16.949,47.94887161,-122.3697968,111.2730026
374.9153194,2022-04-12 21:12:18.901,47.94887924,-122.369812,111.936882
374.9153194,2022-04-12 21:12:20.406,47.94888687,-122.3698196,112.1393814
374.9153194,2022-04-12 21:12:23.059,47.94889069,-122.3698349,112.2530289
374.9153194,2022-04-12 21:12:24.318,47.9488945,-122.3698502,112.7902985
374.9153194,2022-04-12 21:12:27.595,47.94890213,-122.3698578,112.9948883
374.9153194,2022-04-12 21:12:29.689,47.94891357,-122.369873,113.216011
387.9037962,2022-04-12 21:12:31.720,47.94891739,-122.3698807,114.0695648
387.9037962,2022-04-12 21:12:33.333,47.94892502,-122.3699036,114.036499
387.9037962,2022-04-12 21:12:35.634,47.94893265,-122.3699188,114.0695648
387.9037962,2022-04-12 21:12:37.480,47.94894028,-122.3699341,115.065834
387.9037962,2022-04-12 21:12:39.658,47.94894791,-122.3699417,115.0162201
387.9037962,2022-04-12 21:12:42.415,47.94895554,-122.3699493,129
387.9037962,2022-04-12 21:12:44.795,47.94896317,-122.369957,115.9009628
387.9037962,2022-04-12 21:12:49.134,47.94897461,-122.3699646,115.8926926
387.9037962,2022-04-12 21:12:52.281,47.94898224,-122.3699646,116.4012604
387.9037962,2022-04-12 21:12:55.156,47.94899368,-122.369957,116.87677
387.9037962,2022-04-12 21:12:58.772,47.94900131,-122.369957,117.5383987
415.3501234,2022-04-12 21:13:03.537,47.94901276,-122.369957,118.4937134
415.3501234,2022-04-12 21:13:05.840,47.94902039,-122.369957,118.4709625
415.3501234,2022-04-12 21:13:07.963,47.94902802,-122.3699722,118.4937134
415.3501234,2022-04-12 21:13:10.138,47.94903564,-122.3699875,119.3147125
415.3501234,2022-04-12 21:13:11.837,47.94904327,-122.3700027,119.6083832
415.3501234,2022-04-12 21:13:13.173,47.94904327,-122.370018,119.5670242
415.3501234,2022-04-12 21:13:15.201,47.9490509,-122.3700409,118.9527969
415.3501234,2022-04-12 21:13:16.402,47.94905472,-122.3700562,120.7190628
415.3501234,2022-04-12 21:13:17.312,47.94906235,-122.3700714,120.7190628
415.3501234,2022-04-12 21:13:18.852,47.94906998,-122.3700867,120.7190628
415.3501234,2022-04-12 21:13:20.194,47.94907761,-122.3700943,120.7190628
415.3501234,2022-04-12 21:13:21.675,47.94910049,-122.3701096,121.2734299
415.3501234,2022-04-12 21:13:21.696,47.94908905,-122.3701019,120.8928146
415.3501234,2022-04-12 21:13:23.134,47.94910812,-122.3701248,121.2734299
415.3501234,2022-04-12 21:13:24.404,47.94911957,-122.3701324,121.2610168
415.3501234,2022-04-12 21:13:25.998,47.9491272,-122.3701553,121.2610168
415.3501234,2022-04-12 21:13:27.416,47.94913483,-122.370163,121.2341232
415.3501234,2022-04-12 21:13:28.833,47.94913864,-122.3701859,121.2175751
439.4719915,2022-04-12 21:13:30.916,47.94914627,-122.3702011,121.6850815
439.4719915,2022-04-12 21:13:32.333,47.94914627,-122.3702164,121.6850815
439.4719915,2022-04-12 21:13:33.637,47.94915009,-122.3702316,121.4554672
439.4719915,2022-04-12 21:13:34.998,47.94915009,-122.3702545,121.842308
439.4719915,2022-04-12 21:13:36.359,47.9491539,-122.3702698,121.842308
439.4719915,2022-04-12 21:13:37.778,47.94915771,-122.3702774,121.9023056
439.4719915,2022-04-12 21:13:38.979,47.94916534,-122.370285,121.6209641
439.4719915,2022-04-12 21:13:40.379,47.94918823,-122.3702927,121.4678879
439.4719915,2022-04-12 21:13:42.407,47.94919968,-122.370285,121.5092545
439.4719915,2022-04-12 21:13:45.257,47.94920731,-122.3702774,129
439.4719915,2022-04-12 21:13:47.879,47.94921494,-122.3702927,121.5030518
439.4719915,2022-04-12 21:13:49.952,47.94921494,-122.3703079,121.6354446
439.4719915,2022-04-12 21:13:51.998,47.94921875,-122.3703232,121.9498901
439.4719915,2022-04-12 21:13:53.254,47.94921875,-122.3703461,122.4510269
439.4719915,2022-04-12 21:13:55.119,47.94921494,-122.3703537,122.4510269
439.4719915,2022-04-12 21:13:56.175,47.94920731,-122.370369,122.4510269
439.4719915,2022-04-12 21:13:57.533,47.94919586,-122.3703842,122.7509918
439.4719915,2022-04-12 21:13:59.019,47.94918442,-122.3703918,122.3475876
461.2060289,2022-04-12 21:14:00.802,47.94917297,-122.3704071,122.1862335
461.2060289,2022-04-12 21:14:03.177,47.94916916,-122.3704224,122.0952148
461.2060289,2022-04-12 21:14:05.676,47.94916153,-122.3704453,122.4282684
461.2060289,2022-04-12 21:14:07.532,47.9491539,-122.3704529,122.4282684
461.2060289,2022-04-12 21:14:09.578,47.94914246,-122.3704681,122.3911057
461.2060289,2022-04-12 21:14:11.919,47.94913483,-122.3704758,122.8296738
461.2060289,2022-04-12 21:14:14.408,47.9491272,-122.370491,122.8751526
461.2060289,2022-04-12 21:14:15.658,47.94911957,-122.370491,122.8751526
461.2060289,2022-04-12 21:14:16.914,47.94910812,-122.3704987,122.472229
461.2060289,2022-04-12 21:14:18.179,47.94909286,-122.3705139,123.2376862
461.2060289,2022-04-12 21:14:19.996,47.94908524,-122.3705139,123.167305
461.2060289,2022-04-12 21:14:22.407,47.94906998,-122.3705292,136.479126
461.2060289,2022-04-12 21:14:24.405,47.94906235,-122.3705368,122.6976776
461.2060289,2022-04-12 21:14:26.293,47.94905853,-122.3705521,122.6976776
461.2060289,2022-04-12 21:14:28.432,47.94905853,-122.3705673,122.7783585
461.2060289,2022-04-12 21:14:29.593,47.94906235,-122.3705826,122.528038
477.0106411,2022-04-12 21:14:30.409,47.94906235,-122.3706055,122.528038
477.0106411,2022-04-12 21:14:32.412,47.94906235,-122.3706207,122.5859604
477.0106411,2022-04-12 21:14:33.763,47.94906235,-122.370636,122.5859604
477.0106411,2022-04-12 21:14:39.096,47.94906998,-122.3706207,120.8500824
477.0106411,2022-04-12 21:14:42.281,47.94907761,-122.3706284,122.2690506
477.0106411,2022-04-12 21:14:44.902,47.94907761,-122.3706512,121.9715652
477.0106411,2022-04-12 21:14:46.832,47.94907379,-122.3706665,121.9715652
477.0106411,2022-04-12 21:14:49.300,47.94907761,-122.3706818,121.6716232
477.0106411,2022-04-12 21:14:51.114,47.94907761,-122.370697,121.3385925
477.0106411,2022-04-12 21:14:52.998,47.94908142,-122.3707123,121.7750473
477.0106411,2022-04-12 21:14:54.919,47.94908142,-122.3707352,122.5094223
477.0106411,2022-04-12 21:14:56.839,47.94907761,-122.3707504,122.1225739
508.9007664,2022-04-12 21:15:00.200,47.94907761,-122.3707657,122.1329193
508.9007664,2022-04-12 21:15:02.034,47.94907761,-122.3707809,122.1329193
508.9007664,2022-04-12 21:15:04.033,47.94907761,-122.3707962,122.5400467
508.9007664,2022-04-12 21:15:06.021,47.94906998,-122.3708115,122.5814209
508.9007664,2022-04-12 21:15:08.403,47.94906235,-122.3708191,124.0606918
508.9007664,2022-04-12 21:15:10.405,47.94905472,-122.3708267,124.3069153
508.9007664,2022-04-12 21:15:11.653,47.94904709,-122.370842,124.3069153
508.9007664,2022-04-12 21:15:12.555,47.94903183,-122.3708725,123.9055099
508.9007664,2022-04-12 21:15:12.832,47.94903564,-122.3708649,129.2125854
508.9007664,2022-04-12 21:15:14.411,47.9490242,-122.3708954,123.5351563
508.9007664,2022-04-12 21:15:15.496,47.94901657,-122.3709106,123.5351563
508.9007664,2022-04-12 21:15:16.715,47.94900513,-122.3709259,123.6985474
508.9007664,2022-04-12 21:15:18.038,47.9489975,-122.3709335,123.6985474
508.9007664,2022-04-12 21:15:19.358,47.94899368,-122.3709564,128.1027222
508.9007664,2022-04-12 21:15:20.633,47.94898987,-122.3709717,123.6261368
508.9007664,2022-04-12 21:15:22.414,47.94898987,-122.3709869,123.6261368
508.9007664,2022-04-12 21:15:24.115,47.94898224,-122.3710022,123.6261368
508.9007664,2022-04-12 21:15:25.067,47.94896317,-122.3710098,124.0296021
508.9007664,2022-04-12 21:15:25.094,47.94897461,-122.3710098,130.0783081
508.9007664,2022-04-12 21:15:27.035,47.94895172,-122.3710098,123.4184952
508.9007664,2022-04-12 21:15:28.814,47.94893646,-122.3710175,123.4184952
529.6936417,2022-04-12 21:15:30.410,47.94892502,-122.3710175,123.6129837
529.6936417,2022-04-12 21:15:31.937,47.94891357,-122.3710175,123.6936798
529.6936417,2022-04-12 21:15:33.096,47.94889832,-122.3710327,123.3522873
529.6936417,2022-04-12 21:15:34.398,47.94888687,-122.3710403,123.3522873
529.6936417,2022-04-12 21:15:35.658,47.94888306,-122.371048,123.3771133
529.6936417,2022-04-12 21:15:36.940,47.94887924,-122.3710632,123.7516174
529.6936417,2022-04-12 21:15:38.195,47.94887924,-122.3710785,123.4453964
529.6936417,2022-04-12 21:15:39.536,47.94887543,-122.3711014,123.4453964
529.6936417,2022-04-12 21:15:41.458,47.9488678,-122.3711166,123.4453964
529.6936417,2022-04-12 21:15:43.914,47.94886017,-122.3711319,122.458519
529.6936417,2022-04-12 21:15:45.922,47.94884872,-122.3711472,123.5736771
529.6936417,2022-04-12 21:15:48.402,47.94884109,-122.3711624,123.7971344
529.6936417,2022-04-12 21:15:51.638,47.94883728,-122.3711777,123.4495316
529.6936417,2022-04-12 21:15:54.816,47.94884491,-122.3711929,123.6998901
529.6936417,2022-04-12 21:15:58.405,47.94883728,-122.3712082,123.7826538
556.5695286,2022-04-12 21:16:01.277,47.94883347,-122.3712234,123.8586349
556.5695286,2022-04-12 21:16:02.402,47.94883728,-122.3712311,124.6358032
556.5695286,2022-04-12 21:16:04.409,47.94884109,-122.3712692,124.3407593
556.5695286,2022-04-12 21:16:05.794,47.94884109,-122.3712845,124.3407593
556.5695286,2022-04-12 21:16:07.210,47.94883728,-122.3712997,124.2724762
556.5695286,2022-04-12 21:16:08.932,47.94883347,-122.371315,125.8271484
556.5695286,2022-04-12 21:16:10.358,47.94882584,-122.3713455,124.1917725
556.5695286,2022-04-12 21:16:11.520,47.94881821,-122.3713531,124.1503906
556.5695286,2022-04-12 21:16:13.358,47.94881439,-122.371376,123.9485245
556.5695286,2022-04-12 21:16:15.174,47.94880676,-122.3713913,121.4787598
556.5695286,2022-04-12 21:16:16.536,47.94880295,-122.3714142,123.9340363
556.5695286,2022-04-12 21:16:18.438,47.94880295,-122.3714294,124.0085297
556.5695286,2022-04-12 21:16:20.977,47.94879913,-122.3714523,124.3582458
556.5695286,2022-04-12 21:16:22.842,47.94879913,-122.3714676,123.3629532
556.5695286,2022-04-12 21:16:24.410,47.94880295,-122.3714828,123.5326157
556.5695286,2022-04-12 21:16:25.761,47.9487915,-122.3714905,123.5326157
556.5695286,2022-04-12 21:16:27.674,47.94878006,-122.3714981,123.5574493
556.5695286,2022-04-12 21:16:29.072,47.94876862,-122.371521,123.7675934
574.0461597,2022-04-12 21:16:30.955,47.94876099,-122.3715286,123.6215897
574.0461597,2022-04-12 21:16:32.409,47.94875336,-122.3715439,123.5657272
574.0461597,2022-04-12 21:16:34.402,47.94874191,-122.3715591,123.0153503
574.0461597,2022-04-12 21:16:35.780,47.94873428,-122.3715744,122.9988022
574.0461597,2022-04-12 21:16:37.596,47.94872665,-122.371582,122.9988022
574.0461597,2022-04-12 21:16:39.937,47.94871902,-122.3715973,122.9884567
574.0461597,2022-04-12 21:16:42.601,47.94872284,-122.3716125,122.7236252
574.0461597,2022-04-12 21:16:44.361,47.94873428,-122.3716202,122.7236252
574.0461597,2022-04-12 21:16:46.415,47.9487381,-122.3716354,122.8953476
574.0461597,2022-04-12 21:16:49.354,47.94873428,-122.3716507,123.0298309
574.0461597,2022-04-12 21:16:50.773,47.94873047,-122.371666,123.0298309
574.0461597,2022-04-12 21:16:53.256,47.94873428,-122.3716736,118.3081665
574.0461597,2022-04-12 21:16:56.139,47.94874573,-122.3716812,123.3236389
574.0461597,2022-04-12 21:16:59.696,47.94874573,-122.371666,123.4829559
577.7221584,2022-04-12 21:17:06.080,47.94875336,-122.371666,122.984314
577.7221584,2022-04-12 21:17:09.115,47.9487648,-122.371666,122.9863815
577.7221584,2022-04-12 21:17:20.218,47.94876099,-122.3716583,123.4270935
577.7221584,2022-04-12 21:17:29.321,47.94876862,-122.3716583,124.1140671
600.2052479,2022-04-12 21:17:30.919,47.94878006,-122.3716583,124.3603134
600.2052479,2022-04-12 21:17:31.576,47.9487915,-122.3716583,124.2940903
600.2052479,2022-04-12 21:17:33.194,47.94879913,-122.371666,124.2920227
600.2052479,2022-04-12 21:17:35.038,47.94881439,-122.371666,124.2796097
600.2052479,2022-04-12 21:17:36.679,47.94882584,-122.3716583,124.4803314
600.2052479,2022-04-12 21:17:37.957,47.94884109,-122.3716583,124.2444305
600.2052479,2022-04-12 21:17:40.032,47.94885254,-122.3716507,124.1802826
600.2052479,2022-04-12 21:17:41.716,47.94886017,-122.3716431,124.2444305
600.2052479,2022-04-12 21:17:43.419,47.94887161,-122.3716354,124.1518555
600.2052479,2022-04-12 21:17:45.180,47.94887924,-122.3716278,124.2609863
600.2052479,2022-04-12 21:17:47.102,47.94888687,-122.3716202,124.2609863
600.2052479,2022-04-12 21:17:48.777,47.9488945,-122.3716125,125.472229
600.2052479,2022-04-12 21:17:50.622,47.94890976,-122.3716049,125.0456314
600.2052479,2022-04-12 21:17:52.896,47.94891739,-122.3715897,125.2401505
600.2052479,2022-04-12 21:17:55.321,47.94892502,-122.371582,126.9570313
600.2052479,2022-04-12 21:17:56.959,47.94894409,-122.3715897,124.983551
600.2052479,2022-04-12 21:17:59.156,47.94895172,-122.3715897,124.8614578
623.1340466,2022-04-12 21:18:01.201,47.94896317,-122.3715897,124.2634583
623.1340466,2022-04-12 21:18:02.818,47.94897079,-122.371582,125.0621872
623.1340466,2022-04-12 21:18:05.518,47.94898224,-122.371582,124.9938965
623.1340466,2022-04-12 21:18:07.762,47.94899368,-122.371582,124.2386322
623.1340466,2022-04-12 21:18:09.638,47.94900131,-122.3715973,124.8449097
623.1340466,2022-04-12 21:18:11.217,47.94901276,-122.3716049,124.8449097
623.1340466,2022-04-12 21:18:12.417,47.9490242,-122.3716049,124.8449097
623.1340466,2022-04-12 21:18:14.421,47.94903564,-122.3716049,124.743515
623.1340466,2022-04-12 21:18:16.060,47.94904709,-122.3716125,124.743515
623.1340466,2022-04-12 21:18:18.038,47.94905472,-122.3716125,124.7538605
623.1340466,2022-04-12 21:18:19.332,47.94906616,-122.3716202,124.7952423
623.1340466,2022-04-12 21:18:21.161,47.94907761,-122.3716202,125.1511688
623.1340466,2022-04-12 21:18:22.359,47.94908524,-122.3716202,125.0497665
623.1340466,2022-04-12 21:18:24.271,47.94909668,-122.3716125,125.0497665
623.1340466,2022-04-12 21:18:25.516,47.94910812,-122.3716049,125.0187302
623.1340466,2022-04-12 21:18:26.696,47.94911957,-122.3715973,129.458374
623.1340466,2022-04-12 21:18:27.858,47.94913483,-122.3715897,124.4124374
623.1340466,2022-04-12 21:18:28.878,47.94914246,-122.371582,124.3338089
659.555727,2022-04-12 21:18:30.217,47.94915771,-122.371582,124.3338089
659.555727,2022-04-12 21:18:31.196,47.94916916,-122.371582,124.1620712
659.555727,2022-04-12 21:18:32.408,47.9491806,-122.371582,132.4686279
659.555727,2022-04-12 21:18:33.498,47.94919586,-122.371582,125.1635818
659.555727,2022-04-12 21:18:34.020,47.94921112,-122.3715897,125.1635818
659.555727,2022-04-12 21:18:35.438,47.94922256,-122.3715897,125.1780243
659.555727,2022-04-12 21:18:36.981,47.94923782,-122.3715897,125.1780243
659.555727,2022-04-12 21:18:38.255,47.94925308,-122.3715897,125.1780243
659.555727,2022-04-12 21:18:39.415,47.94926453,-122.3715897,134.1306152
659.555727,2022-04-12 21:18:40.239,47.94927597,-122.3715973,125.7657547
659.555727,2022-04-12 21:18:41.262,47.9492836,-122.3715973,125.9478683
659.555727,2022-04-12 21:18:42.405,47.94929504,-122.3716049,125.7864456
659.555727,2022-04-12 21:18:43.173,47.94930649,-122.3716125,125.7864456
659.555727,2022-04-12 21:18:44.352,47.94931793,-122.3716125,125.7864456
659.555727,2022-04-12 21:18:45.476,47.94932938,-122.3716125,125.8464661
659.555727,2022-04-12 21:18:46.874,47.94934082,-122.3716125,125.8464661
659.555727,2022-04-12 21:18:48.418,47.94935226,-122.3716125,125.7326355
659.555727,2022-04-12 21:18:50.410,47.94937134,-122.3716125,125.6250229
659.555727,2022-04-12 21:18:51.621,47.9493866,-122.3716202,125.3353043
659.555727,2022-04-12 21:18:52.934,47.94940567,-122.3716202,125.7491913
659.555727,2022-04-12 21:18:54.998,47.94942093,-122.3716125,125.6457214
659.555727,2022-04-12 21:18:56.321,47.94943237,-122.3716125,125.6457214
659.555727,2022-04-12 21:18:57.719,47.94944382,-122.3716125,125.416008
659.555727,2022-04-12 21:18:58.775,47.94945526,-122.3716125,125.8237
659.555727,2022-04-12 21:18:59.440,47.94946289,-122.3716202,125.8237
669.6051035,2022-04-12 21:19:01.799,47.94947815,-122.3716202,125.8526688
669.6051035,2022-04-12 21:19:04.113,47.94948578,-122.3716202,126.2381134
669.6051035,2022-04-12 21:19:06.197,47.94949722,-122.3716278,126.1097946
669.6051035,2022-04-12 21:19:09.060,47.94949722,-122.3716431,126.0725403
669.6051035,2022-04-12 21:19:12.997,47.94949341,-122.3716507,126.4781952
669.6051035,2022-04-12 21:19:16.337,47.94949722,-122.3716431,126.1453705
669.6051035,2022-04-12 21:19:22.758,47.94950104,-122.3716278,125.8845215
669.6051035,2022-04-12 21:19:25.575,47.94949722,-122.3716125,126.6888123
669.6051035,2022-04-12 21:19:28.334,47.94949722,-122.3715973,126.6494827
679.0444765,2022-04-12 21:19:31.472,47.94948578,-122.3715897,126.2314072
679.0444765,2022-04-12 21:19:33.460,47.94947815,-122.3715973,126.2583084
679.0444765,2022-04-12 21:19:35.821,47.94946671,-122.3716049,126.3990479
679.0444765,2022-04-12 21:19:37.933,47.94945908,-122.3716125,126.053421
679.0444765,2022-04-12 21:19:40.274,47.94945526,-122.3716278,126.1382751
679.0444765,2022-04-12 21:19:42.595,47.94945526,-122.3716431,125.9582214
679.0444765,2022-04-12 21:19:45.915,47.94944763,-122.3716583,125.9851227
679.0444765,2022-04-12 21:19:51.878,47.94944,-122.3716583,125.3270264
696.2479563,2022-04-12 21:20:01.284,47.94944382,-122.3716507,125.2559967
696.2479563,2022-04-12 21:20:10.839,47.94945526,-122.3716507,124.6109695
696.2479563,2022-04-12 21:20:19.038,47.94944763,-122.3716431,124.5216675
696.2479563,2022-04-12 21:20:20.115,47.94944,-122.3716431,123.1417389
696.2479563,2022-04-12 21:20:20.620,47.94942474,-122.3716507,123.1872559
696.2479563,2022-04-12 21:20:21.765,47.94940948,-122.3716507,123.1872559
696.2479563,2022-04-12 21:20:22.876,47.94939423,-122.3716507,123.97715
696.2479563,2022-04-12 21:20:23.940,47.94938278,-122.3716507,123.97715
696.2479563,2022-04-12 21:20:25.082,47.94937515,-122.3716431,123.9957733
696.2479563,2022-04-12 21:20:26.298,47.94936371,-122.3716278,124.653801
696.2479563,2022-04-12 21:20:27.354,47.94935226,-122.3716202,124.4427261
696.2479563,2022-04-12 21:20:28.516,47.94934082,-122.3716125,124.653801
696.2479563,2022-04-12 21:20:29.985,47.94932938,-122.3716049,124.653801
733.8111353,2022-04-12 21:20:31.341,47.94931793,-122.3716125,124.7924423
733.8111353,2022-04-12 21:20:32.519,47.94930649,-122.3716125,125.0780258
733.8111353,2022-04-12 21:20:33.652,47.94929504,-122.3716202,125.0097275
733.8111353,2022-04-12 21:20:34.759,47.94928741,-122.3716202,124.219841
733.8111353,2022-04-12 21:20:36.283,47.94927597,-122.3716202,124.219841
733.8111353,2022-04-12 21:20:37.677,47.94926071,-122.3716202,124.1122284
733.8111353,2022-04-12 21:20:38.405,47.94924927,-122.3716202,124.4716949
733.8111353,2022-04-12 21:20:40.016,47.94922638,-122.3716202,124.6579361
733.8111353,2022-04-12 21:20:41.075,47.94921494,-122.3716202,123.868042
733.8111353,2022-04-12 21:20:42.177,47.94919968,-122.3716202,123.868042
733.8111353,2022-04-12 21:20:43.263,47.94918823,-122.3716125,123.8473511
733.8111353,2022-04-12 21:20:44.361,47.94917679,-122.3716125,123.5866165
733.8111353,2022-04-12 21:20:45.478,47.9491539,-122.3715973,123.4976425
733.8111353,2022-04-12 21:20:46.638,47.94914246,-122.3715897,123.5431671
733.8111353,2022-04-12 21:20:47.760,47.94913101,-122.3715897,123.5431671
733.8111353,2022-04-12 21:20:48.858,47.94911575,-122.371582,124.3930664
733.8111353,2022-04-12 21:20:49.874,47.94910812,-122.371582,124.3930664
733.8111353,2022-04-12 21:20:50.957,47.94909668,-122.3715744,123.3026276
733.8111353,2022-04-12 21:20:52.080,47.94907761,-122.3715668,123.594368
733.8111353,2022-04-12 21:20:53.212,47.94906616,-122.3715668,123.7805862
733.8111353,2022-04-12 21:20:54.414,47.9490509,-122.3715591,122.9286194
733.8111353,2022-04-12 21:20:55.639,47.94903946,-122.3715591,122.9286194
733.8111353,2022-04-12 21:20:56.837,47.94902802,-122.3715591,127.326416
733.8111353,2022-04-12 21:20:57.963,47.94900894,-122.3715591,122.5085983
733.8111353,2022-04-12 21:20:59.101,47.94900131,-122.3715591,123.2984924
750.9507837,2022-04-12 21:21:00.775,47.94898987,-122.3715668,123.2984924
750.9507837,2022-04-12 21:21:02.413,47.94897842,-122.3715744,125.9390869
750.9507837,2022-04-12 21:21:03.759,47.94896698,-122.371582,123.4329758
750.9507837,2022-04-12 21:21:04.812,47.94895554,-122.371582,123.3564224
750.9507837,2022-04-12 21:21:06.113,47.94894409,-122.3715897,123.3564224
750.9507837,2022-04-12 21:21:07.273,47.94893265,-122.3715897,122.7692947
750.9507837,2022-04-12 21:21:08.376,47.9489212,-122.3715897,122.7692947
750.9507837,2022-04-12 21:21:09.460,47.94890594,-122.3715897,122.4589462
750.9507837,2022-04-12 21:21:10.399,47.9488945,-122.371582,122.4361877
750.9507837,2022-04-12 21:21:13.314,47.94889069,-122.3715973,122.270668
750.9507837,2022-04-12 21:21:15.277,47.94888687,-122.3716125,122.2210159
750.9507837,2022-04-12 21:21:19.955,47.94887543,-122.3716202,123.01091
750.9507837,2022-04-12 21:21:23.921,47.9488678,-122.3716202,122.3120422
754.246429,2022-04-12 21:21:32.992,,,
0,2022-04-12 21:28:07.129,,,,1079.696768,2659.559,323.5796509,Active,Manual
18.35455322,2022-04-12 21:28:07.397,47.94874573,-122.371666,126.9368973
18.35455322,2022-04-12 21:28:11.397,47.94876099,-122.3716431,120.3438721
18.35455322,2022-04-12 21:28:12.265,47.9487648,-122.3716278,129.4407959
18.35455322,2022-04-12 21:28:15.396,47.94876099,-122.3716431,126.9823151
18.35455322,2022-04-12 21:28:19.332,47.94875717,-122.3716583,126.5100403
19.56681371,2022-04-12 21:28:41.399,47.94876099,-122.3716736,109.9047852
47.7061913,2022-04-12 21:29:05.251,47.94876099,-122.3716583,125.7759476
47.7061913,2022-04-12 21:29:06.460,47.94876862,-122.3716354,125.5286255
47.7061913,2022-04-12 21:29:07.941,47.94878006,-122.3716125,124.9768372
47.7061913,2022-04-12 21:29:08.454,47.94878769,-122.3715973,124.9768372
47.7061913,2022-04-12 21:29:09.661,47.94879913,-122.3715744,125.4067078
47.7061913,2022-04-12 21:29:10.838,47.94880676,-122.3715668,125.4067078
47.7061913,2022-04-12 21:29:12.116,47.94881821,-122.3715439,124.8178406
47.7061913,2022-04-12 21:29:13.405,47.94882584,-122.3715286,124.7727661
47.7061913,2022-04-12 21:29:15.407,47.94882965,-122.3714905,124.8177414
47.7061913,2022-04-12 21:29:17.403,47.94884109,-122.3714752,123.9527283
47.7061913,2022-04-12 21:29:19.402,47.94885635,-122.3714447,124.8775024
47.7061913,2022-04-12 21:29:21.408,47.94887161,-122.3714218,125.5517349
47.7061913,2022-04-12 21:29:23.404,47.94887543,-122.3714066,125.5739136
47.7061913,2022-04-12 21:29:25.249,47.94888306,-122.3713913,125.5739136
47.7061913,2022-04-12 21:29:26.458,47.94888687,-122.371376,125.7386932
47.7061913,2022-04-12 21:29:28.931,47.94889069,-122.3713608,125.466568
59.97703767,2022-04-12 21:29:32.089,47.94889069,-122.3713455,125.8374023
59.97703767,2022-04-12 21:29:35.957,47.94889069,-122.3713303,123.7461166
59.97703767,2022-04-12 21:29:40.158,47.94889832,-122.3713226,123.5339966
59.97703767,2022-04-12 21:29:42.952,47.9488945,-122.3713074,122.9603195
59.97703767,2022-04-12 21:29:44.673,47.94888687,-122.3712997,123.8865356
59.97703767,2022-04-12 21:29:46.216,47.94887924,-122.3712845,124.1611252
59.97703767,2022-04-12 21:29:47.814,47.94887161,-122.3712769,124.1554108
59.97703767,2022-04-12 21:29:48.848,47.94886017,-122.3712692,124.1554108
59.97703767,2022-04-12 21:29:53.111,47.94886017,-122.3712463,123.6096802
59.97703767,2022-04-12 21:29:57.404,47.94885635,-122.3712311,122.8120117
74.29688764,2022-04-12 21:30:01.396,47.94884491,-122.3712082,123.7648773
74.29688764,2022-04-12 21:30:07.402,47.94884109,-122.3711777,122.3500671
74.29688764,2022-04-12 21:30:09.355,47.94884109,-122.3711624,122.3500671
74.29688764,2022-04-12 21:30:11.062,47.94884109,-122.3711472,123.5856171
74.29688764,2022-04-12 21:30:13.261,47.94884109,-122.3711243,123.2783051
74.29688764,2022-04-12 21:30:15.021,47.94883728,-122.371109,122.5942993
74.29688764,2022-04-12 21:30:16.239,47.94883728,-122.3710938,122.2569351
74.29688764,2022-04-12 21:30:18.741,47.94884109,-122.3710785,120.3274918
74.29688764,2022-04-12 21:30:19.807,47.94883728,-122.3710632,120.7074661
74.29688764,2022-04-12 21:30:28.701,47.94883728,-122.371048,121.3401489
75.00552493,2022-04-12 21:30:51.406,47.94884109,-122.3710403,117.4772034
81.09317905,2022-04-12 21:31:19.403,47.94884491,-122.3710251,114.0779343
81.09317905,2022-04-12 21:31:23.402,47.94883728,-122.3710098,113.7170258
81.09317905,2022-04-12 21:31:25.404,47.94882965,-122.3709946,113.6279526
81.09317905,2022-04-12 21:31:27.404,47.94882202,-122.3709869,113.4994354
81.09317905,2022-04-12 21:31:29.404,47.94881439,-122.3709793,115.0789566
82.22890538,2022-04-12 21:31:51.744,47.94881439,-122.3709641,113.7710953
84.57689112,2022-04-12 21:32:02.119,47.94881058,-122.3709488,113.3791733
84.57689112,2022-04-12 21:32:13.402,47.94881058,-122.3709335,114.1740036
92.15018195,2022-04-12 21:32:35.405,47.94881821,-122.3709259,107.8891602
92.15018195,2022-04-12 21:32:45.399,47.94881058,-122.3709259,110.3217316
92.15018195,2022-04-12 21:32:49.179,47.94879913,-122.3709183,109.7981186
92.15018195,2022-04-12 21:32:51.960,47.9487915,-122.3709106,108.7364273
92.15018195,2022-04-12 21:32:55.255,47.9487915,-122.3708954,108.8399124
92.15018195,2022-04-12 21:32:56.759,47.9487915,-122.3708801,108.8399124
92.15018195,2022-04-12 21:32:59.789,47.94878387,-122.3708725,110.4129257
104.0359976,2022-04-12 21:33:03.403,47.94877625,-122.3708496,109.6731567
104.0359976,2022-04-12 21:33:06.021,47.94876862,-122.3708344,109.1154633
104.0359976,2022-04-12 21:33:09.399,47.9487648,-122.3708038,108.8201675
104.0359976,2022-04-12 21:33:15.224,47.94876099,-122.3707886,108.1752319
104.0359976,2022-04-12 21:33:18.852,47.94875717,-122.3707733,110.3270264
104.0359976,2022-04-12 21:33:21.406,47.94874954,-122.3707581,109.3073502
104.0359976,2022-04-12 21:33:24.138,47.94874191,-122.3707504,107.9496002
104.0359976,2022-04-12 21:33:27.878,47.94873047,-122.3707428,108.0323181
107.8532719,2022-04-12 21:33:33.243,47.94871902,-122.3707352,107.1668701
107.8532719,2022-04-12 21:33:37.403,47.94871521,-122.3707199,109.4149704
107.8532719,2022-04-12 21:33:46.561,47.9487114,-122.3707047,107.7550964
110.2012619,2022-04-12 21:34:22.338,47.9487114,-122.3706894,107.1533508
110.2012619,2022-04-12 21:34:27.401,47.94871521,-122.3706741,106.2592773
126.3995442,2022-04-12 21:34:31.397,47.94871902,-122.3706436,106.1710663
126.3995442,2022-04-12 21:34:35.397,47.94871902,-122.3706284,99.24017334
126.3995442,2022-04-12 21:34:37.396,47.94871902,-122.3706131,107.7031479
126.3995442,2022-04-12 21:34:40.344,47.94871902,-122.3705978,107.8232498
126.3995442,2022-04-12 21:34:41.395,47.94871521,-122.3705673,101.0162964
126.3995442,2022-04-12 21:34:41.850,47.9487114,-122.3705368,107.7769699
126.3995442,2022-04-12 21:34:43.402,47.94870758,-122.3705215,108.2735901
126.3995442,2022-04-12 21:34:45.379,47.94871521,-122.3705673,108.2735901
126.3995442,2022-04-12 21:34:57.401,47.94871521,-122.3705521,107.2627487
128.9525494,2022-04-12 21:35:13.398,47.94871521,-122.3705368,100.7807007
128.9525494,2022-04-12 21:35:25.399,47.94870758,-122.3705215,100.7834473
131.9326453,2022-04-12 21:35:33.402,47.94870377,-122.3705139,107.5123596
131.9326453,2022-04-12 21:35:47.397,47.94870377,-122.3704987,106.7014008
131.9326453,2022-04-12 21:35:51.614,47.94870377,-122.3705139,107.0627365
134.4166331,2022-04-12 21:36:33.401,47.94869232,-122.3705139,106.5447769
134.4166331,2022-04-12 21:36:57.395,47.94869614,-122.3705292,106.8749847
138.525443,2022-04-12 21:37:09.400,47.94870377,-122.3705368,107.8839035
138.525443,2022-04-12 21:37:15.376,47.9487114,-122.3705368,107.5609207
138.525443,2022-04-12 21:37:20.495,47.94872284,-122.3705444,108.0907288
138.525443,2022-04-12 21:37:25.396,47.94873047,-122.3705444,102.5968628
143.5436301,2022-04-12 21:37:47.255,47.9487381,-122.3705521,110.0877609
143.5436301,2022-04-12 21:37:52.860,47.94873428,-122.3705368,108.7877808
143.5436301,2022-04-12 21:37:55.401,47.94872284,-122.3705292,109.2872391
143.5436301,2022-04-12 21:37:59.403,47.9487114,-122.3705215,109.598999
149.8278984,2022-04-12 21:38:03.341,47.94870758,-122.3705063,111.0107117
149.8278984,2022-04-12 21:38:05.398,47.94870758,-122.3704834,110.7688293
149.8278984,2022-04-12 21:38:09.402,47.94870758,-122.3704681,110.3858871
149.8278984,2022-04-12 21:38:17.405,47.94871521,-122.3704605,109.381012
149.8278984,2022-04-12 21:38:23.396,47.94871902,-122.3704453,110.5095291
160.2133355,2022-04-12 21:38:33.397,47.94872284,-122.37043,108.8907318
160.2133355,2022-04-12 21:38:47.395,47.94871902,-122.3704529,108.3934479
160.2133355,2022-04-12 21:38:51.408,47.94873047,-122.3704147,109.3603592
160.2133355,2022-04-12 21:38:53.398,47.9487381,-122.3703918,108.2593307
160.2133355,2022-04-12 21:38:55.400,47.94875336,-122.370369,108.3046722
170.5282969,2022-04-12 21:39:03.402,47.9487648,-122.3703613,109.3281479
170.5282969,2022-04-12 21:39:04.982,47.94875336,-122.3703842,109.3281479
170.5282969,2022-04-12 21:39:11.399,47.94874954,-122.370369,102.5789795
170.5282969,2022-04-12 21:39:13.806,47.94875717,-122.3703537,107.7828674
170.5282969,2022-04-12 21:39:17.184,47.94876099,-122.3703461,107.7738342
170.5282969,2022-04-12 21:39:20.321,47.94876862,-122.3703384,107.1026459
170.5282969,2022-04-12 21:39:25.402,47.94877625,-122.3703232,107.0843811
170.5282969,2022-04-12 21:39:29.420,47.94878387,-122.3703156,106.9813309
175.7457756,2022-04-12 21:39:35.405,47.94879532,-122.3703079,106.7244339
175.7457756,2022-04-12 21:39:39.409,47.94880676,-122.3703079,107.054863
175.7457756,2022-04-12 21:39:47.405,47.94881439,-122.3702927,106.639534
175.7457756,2022-04-12 21:39:55.602,47.94881439,-122.3702774,106.1873932
194.129332,2022-04-12 21:40:01.398,47.94881058,-122.3702469,98.2557373
194.129332,2022-04-12 21:40:03.408,47.94879532,-122.3702011,106.9345093
194.129332,2022-04-12 21:40:05.407,47.94878387,-122.370163,106.8403854
194.129332,2022-04-12 21:40:08.504,47.94879913,-122.3701859,106.8839798
194.129332,2022-04-12 21:40:11.401,47.94880676,-122.3701935,106.6225891
194.129332,2022-04-12 21:40:13.397,47.9487915,-122.3701782,106.3665848
194.129332,2022-04-12 21:40:15.399,47.94878387,-122.3701553,106.4298325
194.129332,2022-04-12 21:40:23.804,47.94879913,-122.370163,106.9230499
197.9583744,2022-04-12 21:40:31.401,47.94878387,-122.3701553,106.3313522
197.9583744,2022-04-12 21:40:41.396,47.94877625,-122.3701477,105.9134216
197.9583744,2022-04-12 21:40:59.741,47.94876862,-122.3701401,102.1590729
203.5047063,2022-04-12 21:41:13.407,47.94877243,-122.3701248,103.879921
203.5047063,2022-04-12 21:41:17.941,47.94878006,-122.3701172,101.9881744
203.5047063,2022-04-12 21:41:20.830,47.9487915,-122.3701248,100.267662
203.5047063,2022-04-12 21:41:24.362,47.94879532,-122.3701324,103.2611084
203.5047063,2022-04-12 21:41:27.395,47.94879913,-122.3701477,101.0247192
212.2515468,2022-04-12 21:41:31.019,47.94879532,-122.3701324,103.4505615
212.2515468,2022-04-12 21:41:33.399,47.94879913,-122.3701172,104.2908554
212.2515468,2022-04-12 21:41:37.395,47.94880676,-122.3701019,101.4455872
212.2515468,2022-04-12 21:41:39.398,47.94881821,-122.3700943,103.0282211
212.2515468,2022-04-12 21:41:43.404,47.94882965,-122.3700867,104.3393173
212.2515468,2022-04-12 21:41:48.850,47.94883728,-122.3700867,101.5632095
212.2515468,2022-04-12 21:41:54.880,47.94884872,-122.3700867,104.8814774
218.5983896,2022-04-12 21:42:19.383,47.94885254,-122.370079,107.4616852
218.5983896,2022-04-12 21:42:22.504,47.94886398,-122.3700562,108.7968597
218.5983896,2022-04-12 21:42:24.762,47.94887543,-122.3700562,109.0242844
218.5983896,2022-04-12 21:42:26.862,47.94888687,-122.3700485,109.2582474
218.5983896,2022-04-12 21:42:28.144,47.9488945,-122.3700485,110.477211
249.7668676,2022-04-12 21:42:30.420,47.94890213,-122.3700409,110.8638763
249.7668676,2022-04-12 21:42:33.362,47.94891357,-122.3700409,110.7505722
249.7668676,2022-04-12 21:42:34.747,47.94892502,-122.3700333,110.0085068
249.7668676,2022-04-12 21:42:36.224,47.94893646,-122.3700409,108.2387619
249.7668676,2022-04-12 21:42:37.401,47.94894409,-122.3700409,108.4455185
249.7668676,2022-04-12 21:42:38.401,47.94895554,-122.3700485,108.4455185
249.7668676,2022-04-12 21:42:39.534,47.94898224,-122.3700638,109.1145554
249.7668676,2022-04-12 21:42:39.923,47.94897461,-122.3700638,107.7459106
249.7668676,2022-04-12 21:42:41.387,47.94899368,-122.3700714,109.1145554
249.7668676,2022-04-12 21:42:43.023,47.94900894,-122.370079,109.2560501
249.7668676,2022-04-12 21:42:43.757,47.94902039,-122.3700867,108.279808
249.7668676,2022-04-12 21:42:45.258,47.94903183,-122.3700943,108.279808
249.7668676,2022-04-12 21:42:46.144,47.94904327,-122.3700943,108.4217529
249.7668676,2022-04-12 21:42:47.402,47.94906235,-122.3700943,112.9742966
249.7668676,2022-04-12 21:42:49.168,47.94906998,-122.3701019,112.9742966
249.7668676,2022-04-12 21:42:50.768,47.94908142,-122.3701019,110.9827881
249.7668676,2022-04-12 21:42:52.426,47.94909668,-122.3701096,111.3015137
249.7668676,2022-04-12 21:42:54.087,47.94911575,-122.3701172,113.5628891
249.7668676,2022-04-12 21:42:55.399,47.94912338,-122.3701172,113.5225449
249.7668676,2022-04-12 21:42:57.360,47.94913864,-122.3701172,113.5225449
249.7668676,2022-04-12 21:42:58.922,47.94914627,-122.3701172,112.3177032
266.9078493,2022-04-12 21:43:00.481,47.94916153,-122.3701324,112.3168411
266.9078493,2022-04-12 21:43:03.002,47.94916916,-122.3701401,112.0624084
266.9078493,2022-04-12 21:43:07.062,47.9491806,-122.3701477,113.2078857
266.9078493,2022-04-12 21:43:15.302,47.9491806,-122.370163,114.5627441
266.9078493,2022-04-12 21:43:17.099,47.94918823,-122.3701782,115.7116089
266.9078493,2022-04-12 21:43:19.064,47.94919205,-122.3702011,114.8671112
266.9078493,2022-04-12 21:43:20.306,47.94919205,-122.3702164,114.3915176
266.9078493,2022-04-12 21:43:22.069,47.94918823,-122.3702393,114.2937622
266.9078493,2022-04-12 21:43:23.394,47.94918823,-122.3702545,114.585289
266.9078493,2022-04-12 21:43:24.852,47.94919205,-122.370285,114.4322281
266.9078493,2022-04-12 21:43:27.382,47.94919968,-122.3702927,114.5696793
266.9078493,2022-04-12 21:43:29.401,47.94920731,-122.3703003,112.7998657
287.73392,2022-04-12 21:43:31.224,47.94922256,-122.3703079,114.8194046
287.73392,2022-04-12 21:43:32.461,47.94922256,-122.3703232,114.7847672
287.73392,2022-04-12 21:43:34.385,47.94922256,-122.3703461,114.9186249
287.73392,2022-04-12 21:43:35.405,47.94922256,-122.3703613,112.3440552
287.73392,2022-04-12 21:43:36.107,47.94921875,-122.3703766,112.3440552
287.73392,2022-04-12 21:43:37.360,47.94921875,-122.3703918,115.5486908
287.73392,2022-04-12 21:43:38.657,47.94921494,-122.3704071,115.9825668
287.73392,2022-04-12 21:43:39.764,47.94921112,-122.3704224,115.1340637
287.73392,2022-04-12 21:43:41.402,47.94920731,-122.3704376,112.7553711
287.73392,2022-04-12 21:43:42.755,47.94919968,-122.3704529,114.5915985
287.73392,2022-04-12 21:43:44.351,47.94919205,-122.3704681,113.8967133
287.73392,2022-04-12 21:43:46.809,47.9491806,-122.3704758,113.8420258
287.73392,2022-04-12 21:43:50.679,47.94917297,-122.3704681,114.7760315
287.73392,2022-04-12 21:43:56.045,47.94916153,-122.3704758,115.2495193
287.73392,2022-04-12 21:43:57.683,47.9491539,-122.3704834,115.2973862
287.73392,2022-04-12 21:43:59.400,47.94914627,-122.3704987,114.8264008
319.3756341,2022-04-12 21:44:00.860,47.94913864,-122.3705063,114.8264008
319.3756341,2022-04-12 21:44:02.104,47.9491272,-122.3705215,114.9789276
319.3756341,2022-04-12 21:44:02.618,47.94911957,-122.3705292,115.1113052
319.3756341,2022-04-12 21:44:03.884,47.94911194,-122.3705368,114.500679
319.3756341,2022-04-12 21:44:05.206,47.94910431,-122.3705444,114.500679
319.3756341,2022-04-12 21:44:06.405,47.94909286,-122.3705597,114.4211655
319.3756341,2022-04-12 21:44:07.141,47.94907761,-122.370575,114.3564987
319.3756341,2022-04-12 21:44:08.889,47.94906616,-122.3705826,114.5881577
319.3756341,2022-04-12 21:44:10.092,47.94905853,-122.3705978,114.5346298
319.3756341,2022-04-12 21:44:12.361,47.94904327,-122.3706131,115.0965729
319.3756341,2022-04-12 21:44:13.399,47.94903564,-122.3706207,114.3540039
319.3756341,2022-04-12 21:44:15.396,47.9490242,-122.3706436,114.5286179
319.3756341,2022-04-12 21:44:16.099,47.94902039,-122.3706512,114.5286179
319.3756341,2022-04-12 21:44:17.345,47.94901276,-122.3706665,114.5286179
319.3756341,2022-04-12 21:44:18.486,47.94900894,-122.3706818,115.2624741
319.3756341,2022-04-12 21:44:19.398,47.94900513,-122.3707047,114.5570679
319.3756341,2022-04-12 21:44:20.366,47.94900513,-122.3707199,114.5570679
319.3756341,2022-04-12 21:44:21.405,47.94899368,-122.3707352,114.0475693
319.3756341,2022-04-12 21:44:22.604,47.94899368,-122.3707504,114.0475693
319.3756341,2022-04-12 21:44:23.856,47.94898605,-122.3707657,114.0289536
319.3756341,2022-04-12 21:44:25.402,47.94898224,-122.3707733,114.0289536
319.3756341,2022-04-12 21:44:26.964,47.94898224,-122.3707962,114.2853241
319.3756341,2022-04-12 21:44:28.201,47.94897842,-122.3708115,113.9465332
334.6387271,2022-04-12 21:44:30.008,47.94897461,-122.3708344,114.3350143
334.6387271,2022-04-12 21:44:31.401,47.94896698,-122.370842,113.636116
334.6387271,2022-04-12 21:44:33.109,47.94895935,-122.3708572,114.4406967
334.6387271,2022-04-12 21:44:34.330,47.94895554,-122.3708649,114.4357758
334.6387271,2022-04-12 21:44:36.667,47.94895172,-122.3708801,114.5309219
334.6387271,2022-04-12 21:44:39.301,47.94894791,-122.3708954,114.7938843
334.6387271,2022-04-12 21:44:45.125,47.94895935,-122.3708954,115.9229965
334.6387271,2022-04-12 21:44:49.365,47.94896698,-122.3709106,115.2889175
334.6387271,2022-04-12 21:44:51.398,47.94895935,-122.3709183,115.8804321
334.6387271,2022-04-12 21:44:53.283,47.94895172,-122.3709335,115.9838638
334.6387271,2022-04-12 21:44:55.398,47.94894028,-122.3709412,116.1355286
334.6387271,2022-04-12 21:44:59.400,47.94894791,-122.3709564,115.886055
344.8374242,2022-04-12 21:45:03.423,47.94894409,-122.3709641,115.7134476
344.8374242,2022-04-12 21:45:07.401,47.94893646,-122.3709717,115.7654266
344.8374242,2022-04-12 21:45:09.051,47.94892502,-122.3709793,116.2083969
344.8374242,2022-04-12 21:45:11.400,47.94891739,-122.3709869,115.3862305
344.8374242,2022-04-12 21:45:17.399,47.94891357,-122.3710022,115.684288
344.8374242,2022-04-12 21:45:21.188,47.94890976,-122.3710098,115.5953369
344.8374242,2022-04-12 21:45:23.679,47.94891739,-122.3710327,115.4956589
344.8374242,2022-04-12 21:45:26.206,47.94892502,-122.3710403,115.4956589
344.8374242,2022-04-12 21:45:29.366,47.94892883,-122.3710556,115.8857498
357.4123878,2022-04-12 21:45:30.661,47.94892883,-122.3710632,115.9105759
357.4123878,2022-04-12 21:45:31.965,47.9489212,-122.3710861,115.9119797
357.4123878,2022-04-12 21:45:33.324,47.94891739,-122.3711014,115.9119797
357.4123878,2022-04-12 21:45:34.542,47.94891357,-122.3711166,115.8312988
357.4123878,2022-04-12 21:45:35.760,47.94890594,-122.3711243,116.1971893
357.4123878,2022-04-12 21:45:38.266,47.94889832,-122.3711395,115.7109299
357.4123878,2022-04-12 21:45:41.328,47.94888687,-122.3711395,115.7075043
357.4123878,2022-04-12 21:45:46.341,47.94887924,-122.3711548,115.9282227
357.4123878,2022-04-12 21:45:48.024,47.94888306,-122.3711624,115.4659805
357.4123878,2022-04-12 21:45:52.342,47.94888306,-122.3711777,115.0286636
357.4123878,2022-04-12 21:45:58.726,47.94887924,-122.37117,113.7993698
390.4856872,2022-04-12 21:46:00.782,47.94887543,-122.3711472,113.2162628
390.4856872,2022-04-12 21:46:01.399,47.94887543,-122.3711319,113.3349686
390.4856872,2022-04-12 21:46:03.399,47.94887161,-122.371109,112.928566
390.4856872,2022-04-12 21:46:03.702,47.94887543,-122.3710938,112.928566
390.4856872,2022-04-12 21:46:04.987,47.94887924,-122.3710709,112.928566
390.4856872,2022-04-12 21:46:06.508,47.94888687,-122.3710403,114.3837814
390.4856872,2022-04-12 21:46:07.202,47.94889069,-122.3710327,114.3837814
390.4856872,2022-04-12 21:46:07.706,47.94890594,-122.3710098,113.850296
390.4856872,2022-04-12 21:46:08.874,47.94891357,-122.3709946,113.850296
390.4856872,2022-04-12 21:46:10.323,47.94892883,-122.3709717,113.5147247
390.4856872,2022-04-12 21:46:11.395,47.94894028,-122.3709641,113.6375198
390.4856872,2022-04-12 21:46:13.100,47.94895172,-122.3709412,113.9084549
390.4856872,2022-04-12 21:46:14.261,47.94896698,-122.3709259,114.2017746
390.4856872,2022-04-12 21:46:16.421,47.94898224,-122.3709183,113.784256
390.4856872,2022-04-12 21:46:17.849,47.94899368,-122.3709183,114.3997955
390.4856872,2022-04-12 21:46:19.402,47.94900131,-122.3709183,114.4411621
390.4856872,2022-04-12 21:46:21.042,47.94901276,-122.3709106,114.5425034
390.4856872,2022-04-12 21:46:22.680,47.94902039,-122.3708954,114.567955
390.4856872,2022-04-12 21:46:24.963,47.9490242,-122.3708878,114.6331558
390.4856872,2022-04-12 21:46:27.359,47.94903183,-122.3708649,115.1879272
390.4856872,2022-04-12 21:46:29.396,47.94903564,-122.3708496,114.8512878
419.3386096,2022-04-12 21:46:31.394,47.94903946,-122.3708344,117.1721802
419.3386096,2022-04-12 21:46:33.218,47.94903946,-122.3708191,114.8783951
419.3386096,2022-04-12 21:46:35.399,47.94903946,-122.3708038,114.742485
419.3386096,2022-04-12 21:46:37.404,47.94904709,-122.3707962,117.2323608
419.3386096,2022-04-12 21:46:39.185,47.94905853,-122.3707809,114.467392
419.3386096,2022-04-12 21:46:41.402,47.94906616,-122.3707657,114.9350204
419.3386096,2022-04-12 21:46:42.943,47.94907761,-122.3707504,114.9350204
419.3386096,2022-04-12 21:46:44.122,47.94908524,-122.3707428,113.4716797
419.3386096,2022-04-12 21:46:45.401,47.94910049,-122.3707199,114.382019
419.3386096,2022-04-12 21:46:46.442,47.94910812,-122.3707123,114.382019
419.3386096,2022-04-12 21:46:47.396,47.94911575,-122.3707047,114.4578476
419.3386096,2022-04-12 21:46:48.787,47.9491272,-122.3706894,114.4578476
419.3386096,2022-04-12 21:46:49.855,47.94913864,-122.3706741,114.8131104
419.3386096,2022-04-12 21:46:50.070,47.94914627,-122.3706665,114.6296616
419.3386096,2022-04-12 21:46:51.849,47.9491539,-122.3706436,114.6978989
419.3386096,2022-04-12 21:46:53.188,47.94916153,-122.3706284,114.6978989
419.3386096,2022-04-12 21:46:54.026,47.94916534,-122.3706207,114.719986
419.3386096,2022-04-12 21:46:55.400,47.94916916,-122.3705978,114.5802689
419.3386096,2022-04-12 21:46:56.365,47.94917297,-122.3705826,114.5802689
419.3386096,2022-04-12 21:46:57.398,47.9491806,-122.3705673,114.5463257
419.3386096,2022-04-12 21:46:58.125,47.94918442,-122.3705521,114.5463257
452.262125,2022-04-12 21:47:01.787,47.94917679,-122.3705368,114.990715
452.262125,2022-04-12 21:47:04.204,47.94916534,-122.3705292,114.4561005
452.262125,2022-04-12 21:47:06.403,47.94916534,-122.3705063,114.3124008
452.262125,2022-04-12 21:47:07.561,47.94916534,-122.370491,113.8172455
452.262125,2022-04-12 21:47:08.797,47.94917297,-122.3704605,113.8592453
452.262125,2022-04-12 21:47:08.810,47.94916916,-122.3704758,113.8172455
452.262125,2022-04-12 21:47:10.606,47.94917679,-122.3704453,113.9399109
452.262125,2022-04-12 21:47:11.786,47.9491806,-122.37043,114.1416016
452.262125,2022-04-12 21:47:12.929,47.9491806,-122.3704147,114.1416016
452.262125,2022-04-12 21:47:14.087,47.9491806,-122.3703995,114.2077942
452.262125,2022-04-12 21:47:15.069,47.94918442,-122.370369,113.6212921
452.262125,2022-04-12 21:47:15.202,47.9491806,-122.3703842,113.6265945
452.262125,2022-04-12 21:47:16.945,47.94918442,-122.3703537,113.6523132
452.262125,2022-04-12 21:47:18.104,47.94918442,-122.3703384,113.5528336
452.262125,2022-04-12 21:47:19.263,47.94918442,-122.3703232,113.5528336
452.262125,2022-04-12 21:47:20.584,47.94918823,-122.3703079,114.3284225
452.262125,2022-04-12 21:47:21.784,47.94919205,-122.3702927,113.047905
452.262125,2022-04-12 21:47:22.859,47.94919205,-122.3702774,113.047905
452.262125,2022-04-12 21:47:24.600,47.94919968,-122.3702621,112.7082977
452.262125,2022-04-12 21:47:26.266,47.94920349,-122.3702393,113.2511368
452.262125,2022-04-12 21:47:28.586,47.94920731,-122.3702164,113.1242218
452.262125,2022-04-12 21:47:29.242,47.94920731,-122.3702011,113.1242218
472.4703578,2022-04-12 21:47:31.186,47.94921112,-122.3701859,112.5495224
472.4703578,2022-04-12 21:47:33.181,47.94921112,-122.3701706,112.8063202
472.4703578,2022-04-12 21:47:34.727,47.94920731,-122.3701553,110.5119781
472.4703578,2022-04-12 21:47:35.720,47.94920349,-122.3701401,110.3732529
472.4703578,2022-04-12 21:47:37.261,47.94920349,-122.3701324,110.3732529
472.4703578,2022-04-12 21:47:39.344,47.94919586,-122.3701096,110.2152176
472.4703578,2022-04-12 21:47:40.685,47.94918823,-122.3701019,108.7289658
472.4703578,2022-04-12 21:47:41.666,47.94918442,-122.370079,109.1139984
472.4703578,2022-04-12 21:47:43.867,47.94917679,-122.3700638,108.7162323
472.4703578,2022-04-12 21:47:46.024,47.94916534,-122.3700562,108.8965073
472.4703578,2022-04-12 21:47:47.887,47.9491539,-122.3700562,107.9125443
472.4703578,2022-04-12 21:47:49.381,47.94914627,-122.3700562,107.9125443
472.4703578,2022-04-12 21:47:51.179,47.94913101,-122.3700562,107.0530853
472.4703578,2022-04-12 21:47:53.386,47.94911957,-122.3700562,106.6691818
472.4703578,2022-04-12 21:47:54.984,47.94910812,-122.3700562,106.3883133
472.4703578,2022-04-12 21:47:59.200,47.94910049,-122.3700485,106.1462326
492.5774536,2022-04-12 21:48:04.064,47.94909286,-122.3700485,105.7487259
492.5774536,2022-04-12 21:48:06.487,47.94908142,-122.3700333,105.2883835
492.5774536,2022-04-12 21:48:08.309,47.94907379,-122.3700256,104.5272369
492.5774536,2022-04-12 21:48:09.883,47.94906616,-122.3700104,104.2845459
492.5774536,2022-04-12 21:48:11.399,47.94905853,-122.3700027,103.5611649
492.5774536,2022-04-12 21:48:12.680,47.94904709,-122.3699951,103.3112259
492.5774536,2022-04-12 21:48:14.743,47.94903946,-122.3699875,103.4365158
492.5774536,2022-04-12 21:48:16.780,47.94902802,-122.3699799,103.4261856
492.5774536,2022-04-12 21:48:17.990,47.94902039,-122.3699799,113.74823
492.5774536,2022-04-12 21:48:19.150,47.94900894,-122.3699722,102.1027298
492.5774536,2022-04-12 21:48:20.329,47.94900131,-122.3699722,101.7896957
492.5774536,2022-04-12 21:48:22.041,47.94898987,-122.3699646,101.7339325
492.5774536,2022-04-12 21:48:23.855,47.94897461,-122.369957,113.4383545
492.5774536,2022-04-12 21:48:25.401,47.94895935,-122.3699493,101.9398499
492.5774536,2022-04-12 21:48:27.404,47.94895172,-122.3699417,102.3415527
492.5774536,2022-04-12 21:48:29.401,47.94895554,-122.369957,103.9595718
514.1792888,2022-04-12 21:48:30.365,47.94896317,-122.3699646,103.9595718
514.1792888,2022-04-12 21:48:32.072,47.94897079,-122.3699951,104.2342224
514.1792888,2022-04-12 21:48:34.808,47.94896698,-122.3700104,102.0669556
514.1792888,2022-04-12 21:48:36.585,47.94895935,-122.370018,101.6830902
514.1792888,2022-04-12 21:48:38.060,47.94894409,-122.370018,102.0444641
514.1792888,2022-04-12 21:48:40.627,47.94893265,-122.370018,103.3188782
514.1792888,2022-04-12 21:48:43.009,47.94892502,-122.3700256,101.2542725
514.1792888,2022-04-12 21:48:46.227,47.94891357,-122.3700256,100.833046
514.1792888,2022-04-12 21:48:49.403,47.94890213,-122.3700409,100.9311905
514.1792888,2022-04-12 21:48:51.400,47.94888687,-122.3700409,100.8981476
514.1792888,2022-04-12 21:48:52.906,47.94887543,-122.3700333,100.8981476
514.1792888,2022-04-12 21:48:53.396,47.94886398,-122.3700256,100.6666565
514.1792888,2022-04-12 21:48:54.046,47.94885635,-122.370018,100.6666565
514.1792888,2022-04-12 21:48:55.398,47.94884872,-122.3700027,101.2330475
514.1792888,2022-04-12 21:48:55.688,47.94884109,-122.3699951,101.2330475
514.1792888,2022-04-12 21:48:57.398,47.94883347,-122.3699875,101.1657715
522.9559459,2022-04-12 21:49:01.300,47.94882584,-122.3699722,101.1554413
522.9559459,2022-04-12 21:49:03.405,47.94881821,-122.369957,101.9447021
522.9559459,2022-04-12 21:49:07.400,47.94881058,-122.3699417,103.2901611
522.9559459,2022-04-12 21:49:10.185,47.94880295,-122.3699341,102.453331
522.9559459,2022-04-12 21:49:13.931,47.9487915,-122.3699341,103.5644684
522.9559459,2022-04-12 21:49:18.006,47.94878769,-122.3699188,102.674263
522.9559459,2022-04-12 21:49:27.398,47.94878006,-122.3699112,101.9513321
524.9967918,2022-04-12 21:49:39.398,47.94878769,-122.3699188,102.2625732
524.9967918,2022-04-12 21:49:41.405,47.94879532,-122.3699265,102.7280502
541.5083961,2022-04-12 21:50:33.403,47.94879913,-122.369957,102.8389511
541.5083961,2022-04-12 21:50:35.400,47.94880295,-122.3699875,103.990303
541.5083961,2022-04-12 21:50:37.402,47.94880676,-122.3700027,102.938652
541.5083961,2022-04-12 21:50:41.395,47.94881821,-122.3700333,102.2475891
541.5083961,2022-04-12 21:50:43.396,47.94881439,-122.3700485,102.7358475
541.5083961,2022-04-12 21:50:47.398,47.94880295,-122.3700485,102.4337921
541.5083961,2022-04-12 21:50:49.324,47.94881439,-122.3699951,102.4868774
541.5083961,2022-04-12 21:50:57.267,47.94880676,-122.3700104,102.3005142
543.2885188,2022-04-12 21:51:05.403,47.94880676,-122.370018,102.3111496
543.2885188,2022-04-12 21:51:19.402,47.94880295,-122.3700333,101.9862671
544.4242454,2022-04-12 21:52:57.397,,,
545.559972,2022-04-12 21:53:54.402,47.94880295,-122.3700638,102.1924667
548.1895067,2022-04-12 21:54:07.739,47.94880676,-122.370079,101.9882202
548.1895067,2022-04-12 21:54:28.567,47.94881439,-122.3700638,100.4812469
556.48654,2022-04-12 21:54:35.399,47.94882202,-122.3700638,100.4978104
556.48654,2022-04-12 21:54:51.397,47.94881058,-122.3700638,100.3347015
556.48654,2022-04-12 21:54:52.743,47.94880295,-122.3700485,99.93481445
556.48654,2022-04-12 21:54:55.397,47.94879913,-122.3700333,99.97267151
556.48654,2022-04-12 21:54:57.049,47.94879532,-122.3700256,99.97267151
556.48654,2022-04-12 21:54:58.225,47.94879532,-122.3700027,99.79161835
556.48654,2022-04-12 21:54:59.405,47.94879532,-122.3699875,99.71317291
582.5437509,2022-04-12 21:55:00.604,47.94879913,-122.3699646,99.54904938
582.5437509,2022-04-12 21:55:01.679,47.94880295,-122.3699493,99.42424011
582.5437509,2022-04-12 21:55:02.943,47.94880295,-122.3699341,99.42424011
582.5437509,2022-04-12 21:55:04.148,47.94880676,-122.3699112,99.65065765
582.5437509,2022-04-12 21:55:05.381,47.94881058,-122.3698959,98.58261871
582.5437509,2022-04-12 21:55:05.942,47.94881439,-122.3698807,98.53803253
582.5437509,2022-04-12 21:55:07.266,47.94882202,-122.3698578,98.42159271
582.5437509,2022-04-12 21:55:08.428,47.94882965,-122.3698425,98.17707062
582.5437509,2022-04-12 21:55:09.547,47.94883347,-122.3698273,98.17082214
582.5437509,2022-04-12 21:55:10.887,47.94883728,-122.369812,98.17082214
582.5437509,2022-04-12 21:55:12.543,47.94884109,-122.3697968,97.16100311
582.5437509,2022-04-12 21:55:13.246,47.94884491,-122.3697891,97.16100311
582.5437509,2022-04-12 21:55:15.400,47.94884491,-122.3697739,97.18798828
582.5437509,2022-04-12 21:55:18.157,47.94884491,-122.369751,109.9535522
582.5437509,2022-04-12 21:55:19.858,47.94884872,-122.3697433,96.3939209
582.5437509,2022-04-12 21:55:22.884,47.94885254,-122.3697281,96.08223724
582.5437509,2022-04-12 21:55:24.607,47.94886017,-122.3697052,95.23965454
582.5437509,2022-04-12 21:55:25.767,47.94886398,-122.3696899,94.93688965
582.5437509,2022-04-12 21:55:27.400,47.94887161,-122.3696823,95.17440033
582.5437509,2022-04-12 21:55:29.408,47.9488678,-122.3696671,94.62637329
595.0330021,2022-04-12 21:55:31.402,47.94886398,-122.3696518,94.53569031
595.0330021,2022-04-12 21:55:32.882,47.94885635,-122.3696442,94.53569031
595.0330021,2022-04-12 21:55:34.730,47.94884491,-122.3696442,94.53261566
595.0330021,2022-04-12 21:55:36.544,47.94883347,-122.3696442,94.52593994
595.0330021,2022-04-12 21:55:37.981,47.94882584,-122.3696289,94.15062714
595.0330021,2022-04-12 21:55:40.293,47.94881821,-122.3696289,94.2803421
595.0330021,2022-04-12 21:55:43.403,47.94881058,-122.3696213,94.39377594
595.0330021,2022-04-12 21:55:45.397,47.94881058,-122.369606,94.30963898
595.0330021,2022-04-12 21:55:47.762,47.94881058,-122.3695908,94.36501312
595.0330021,2022-04-12 21:55:51.403,47.94881058,-122.3695755,94.24643707
595.0330021,2022-04-12 21:55:55.865,47.94880295,-122.3695679,94.63975525
604.0315878,2022-04-12 21:56:00.338,47.94879532,-122.3695602,94.74308014
604.0315878,2022-04-12 21:56:02.868,47.9487915,-122.369545,94.48668671
604.0315878,2022-04-12 21:56:09.396,47.94880295,-122.369545,93.97497559
604.0315878,2022-04-12 21:56:13.980,47.94881058,-122.369545,102.2392578
604.0315878,2022-04-12 21:56:18.307,47.94881821,-122.3695374,94.60270691
604.0315878,2022-04-12 21:56:20.280,47.94882202,-122.3695297,94.771698
604.0315878,2022-04-12 21:56:25.243,47.94882584,-122.3695145,94.52420044
604.0315878,2022-04-12 21:56:28.288,47.94883728,-122.3694992,95.27142334
624.0461294,2022-04-12 21:56:30.267,47.94884872,-122.3694916,95.1134491
624.0461294,2022-04-12 21:56:32.245,47.94886017,-122.3694839,95.35951233
624.0461294,2022-04-12 21:56:33.401,47.9488678,-122.3694839,95.29973602
624.0461294,2022-04-12 21:56:34.347,47.94887543,-122.3694839,95.29973602
624.0461294,2022-04-12 21:56:36.240,47.94888687,-122.3694992,95.49393463
624.0461294,2022-04-12 21:56:38.104,47.94890213,-122.3695068,95.62572479
624.0461294,2022-04-12 21:56:39.379,47.94890976,-122.3695068,95.71220398
624.0461294,2022-04-12 21:56:40.682,47.94892502,-122.3695068,95.91665649
624.0461294,2022-04-12 21:56:43.401,47.94893646,-122.3695145,95.8737793
624.0461294,2022-04-12 21:56:47.381,47.94894028,-122.3694992,96.66222382
624.0461294,2022-04-12 21:56:51.280,47.94894791,-122.3694916,96.71450806
624.0461294,2022-04-12 21:56:52.000,47.94895554,-122.3694839,97.21942139
624.0461294,2022-04-12 21:56:54.364,47.94896698,-122.3694763,97.32675171
624.0461294,2022-04-12 21:56:56.407,47.94897461,-122.3694687,97.8610611
624.0461294,2022-04-12 21:56:57.720,47.94898224,-122.3694534,98.00076294
624.0461294,2022-04-12 21:56:58.985,47.94898987,-122.3694458,97.6709671
640.4626924,2022-04-12 21:57:00.260,47.94900131,-122.3694305,97.7370224
640.4626924,2022-04-12 21:57:01.400,47.94901657,-122.3694229,97.56372833
640.4626924,2022-04-12 21:57:02.166,47.94902802,-122.3694305,97.56372833
640.4626924,2022-04-12 21:57:03.397,47.94903946,-122.3694305,97.38555908
640.4626924,2022-04-12 21:57:04.780,47.9490509,-122.3694382,97.74765778
640.4626924,2022-04-12 21:57:06.142,47.94906235,-122.3694458,97.71257019
640.4626924,2022-04-12 21:57:07.883,47.94907379,-122.3694611,97.68135834
640.4626924,2022-04-12 21:57:09.404,47.94908142,-122.3694687,97.50569153
640.4626924,2022-04-12 21:57:16.462,47.94907761,-122.3694458,97.78092957
640.4626924,2022-04-12 21:57:19.126,47.94907379,-122.3694305,97.99832153
640.4626924,2022-04-12 21:57:21.669,47.94906998,-122.3694153,97.69850159
640.4626924,2022-04-12 21:57:26.442,47.94906998,-122.3694077,98.47554016
657.1566507,2022-04-12 21:57:31.398,47.94907761,-122.3693924,99.49716187
657.1566507,2022-04-12 21:57:34.926,47.94907379,-122.3693771,99.5489502
657.1566507,2022-04-12 21:57:37.403,47.94908524,-122.3693695,99.44408417
657.1566507,2022-04-12 21:57:39.401,47.94909286,-122.3693542,99.29148102
657.1566507,2022-04-12 21:57:40.938,47.94910431,-122.3693466,99.29148102
657.1566507,2022-04-12 21:57:42.241,47.94911194,-122.3693466,107.2335815
657.1566507,2022-04-12 21:57:43.393,47.94912338,-122.369339,99.45880127
657.1566507,2022-04-12 21:57:45.402,47.94913483,-122.369339,99.48124695
657.1566507,2022-04-12 21:57:47.762,47.94914627,-122.3693314,99.77822876
657.1566507,2022-04-12 21:57:50.700,47.94915771,-122.3693314,99.77370453
657.1566507,2022-04-12 21:57:53.126,47.94916916,-122.369339,99.6056366
657.1566507,2022-04-12 21:57:54.532,47.9491806,-122.369339,99.63482666
657.1566507,2022-04-12 21:57:59.241,47.94918823,-122.3693466,100.0484161
682.1847307,2022-04-12 21:58:00.861,47.94919586,-122.3693542,100.4512177
682.1847307,2022-04-12 21:58:04.431,47.94920731,-122.3693619,100.3427048
682.1847307,2022-04-12 21:58:06.083,47.94921494,-122.3693695,100.3200226
682.1847307,2022-04-12 21:58:08.310,47.94922638,-122.3693771,100.4846802
682.1847307,2022-04-12 21:58:08.984,47.94923782,-122.3693848,100.2408829
682.1847307,2022-04-12 21:58:10.402,47.94924545,-122.3693924,100.2408829
682.1847307,2022-04-12 21:58:11.667,47.9492569,-122.3694,100.690567
682.1847307,2022-04-12 21:58:13.027,47.94926834,-122.3694077,100.690567
682.1847307,2022-04-12 21:58:14.368,47.9492836,-122.3694153,118.5390015
682.1847307,2022-04-12 21:58:15.204,47.94929886,-122.3694229,100.3814468
682.1847307,2022-04-12 21:58:16.623,47.94931412,-122.3694305,100.7073517
682.1847307,2022-04-12 21:58:17.964,47.94932556,-122.3694305,100.6762085
682.1847307,2022-04-12 21:58:19.361,47.94934082,-122.3694382,100.6762085
682.1847307,2022-04-12 21:58:20.826,47.94935226,-122.3694458,100.9107513
682.1847307,2022-04-12 21:58:23.338,47.94936752,-122.3694534,101.3712845
682.1847307,2022-04-12 21:58:25.397,47.94937897,-122.3694534,114.0616455
682.1847307,2022-04-12 21:58:26.803,47.9493866,-122.3694382,101.0457153
682.1847307,2022-04-12 21:58:28.464,47.94939041,-122.3694305,100.9445496
703.7974645,2022-04-12 21:58:31.401,47.94939804,-122.3694458,118.468811
703.7974645,2022-04-12 21:58:33.806,47.94939804,-122.3694611,100.8832092
703.7974645,2022-04-12 21:58:38.285,47.94939423,-122.3694458,100.7071457
703.7974645,2022-04-12 21:58:40.548,47.9493866,-122.3694305,100.9527969
703.7974645,2022-04-12 21:58:43.003,47.94937897,-122.3694229,101.6025772
703.7974645,2022-04-12 21:58:44.323,47.9493866,-122.3694153,100.3749695
703.7974645,2022-04-12 21:58:47.607,47.94939423,-122.3693924,101.3009796
703.7974645,2022-04-12 21:58:50.917,47.94940948,-122.3693771,100.8213806
703.7974645,2022-04-12 21:58:51.006,47.94940186,-122.3693848,101.1213684
703.7974645,2022-04-12 21:58:53.408,47.94942093,-122.3693771,100.8046951
703.7974645,2022-04-12 21:58:54.465,47.94943237,-122.3693695,100.8046951
703.7974645,2022-04-12 21:58:55.741,47.94944382,-122.3693619,101.8999329
703.7974645,2022-04-12 21:58:57.024,47.94945145,-122.3693542,101.8999329
703.7974645,2022-04-12 21:58:58.346,47.94945908,-122.3693466,101.2704849
703.7974645,2022-04-12 21:58:59.860,47.94947815,-122.3693314,100.9405899
727.5305178,2022-04-12 21:59:01.325,47.94948578,-122.3693314,100.9405899
727.5305178,2022-04-12 21:59:02.646,47.94950104,-122.3693314,100.9512482
727.5305178,2022-04-12 21:59:04.046,47.94951248,-122.3693237,118.4866943
727.5305178,2022-04-12 21:59:05.338,47.94952774,-122.3693237,101.9615707
727.5305178,2022-04-12 21:59:06.700,47.94953918,-122.3693237,102.3480301
727.5305178,2022-04-12 21:59:08.108,47.94955063,-122.3693237,101.9337006
727.5305178,2022-04-12 21:59:09.685,47.94956207,-122.3693314,118.4797363
727.5305178,2022-04-12 21:59:11.403,47.9495697,-122.3693314,104.4827194
727.5305178,2022-04-12 21:59:14.188,47.94958496,-122.3693314,102.8943329
727.5305178,2022-04-12 21:59:16.423,47.94959641,-122.3693314,118.5462646
727.5305178,2022-04-12 21:59:17.982,47.94960403,-122.3693237,103.8163452
727.5305178,2022-04-12 21:59:20.264,47.94961548,-122.3693237,105.3023148
727.5305178,2022-04-12 21:59:22.667,47.94962692,-122.3693161,106.4430161
727.5305178,2022-04-12 21:59:25.241,47.94963837,-122.3693085,104.5357971
727.5305178,2022-04-12 21:59:26.763,47.94963074,-122.3693237,105.6196136
727.5305178,2022-04-12 21:59:28.181,47.94962311,-122.369339,104.4779892
727.5305178,2022-04-12 21:59:29.397,47.94961548,-122.3693466,104.804924
727.5305178,2022-04-12 21:59:29.867,47.94960785,-122.3693619,104.804924
751.1554586,2022-04-12 21:59:31.242,47.94960022,-122.3693695,105.2350159
751.1554586,2022-04-12 21:59:32.868,47.94959259,-122.3693848,105.6991425
751.1554586,2022-04-12 21:59:35.911,47.94959259,-122.3694,108.0650406
751.1554586,2022-04-12 21:59:41.004,47.94958115,-122.3694077,107.6330338
751.1554586,2022-04-12 21:59:45.404,47.94958878,-122.3693924,107.319252
751.1554586,2022-04-12 21:59:47.397,47.94959259,-122.3693771,109.5802765
751.1554586,2022-04-12 21:59:48.900,47.94959641,-122.3693619,109.7745209
751.1554586,2022-04-12 21:59:50.440,47.94959641,-122.3693466,109.4598846
751.1554586,2022-04-12 21:59:52.563,47.94960022,-122.3693237,109.9367447
751.1554586,2022-04-12 21:59:54.180,47.94959641,-122.3692932,124.923645
751.1554586,2022-04-12 21:59:54.941,47.94959259,-122.3692703,110.0433731
751.1554586,2022-04-12 21:59:55.907,47.94958115,-122.3692551,110.0433731
751.1554586,2022-04-12 21:59:57.408,47.94957352,-122.3692322,110.0433731
751.1554586,2022-04-12 21:59:58.152,47.94956589,-122.3692169,108.4829483
751.1554586,2022-04-12 21:59:59.397,47.94955826,-122.3692017,122.7171631
751.1554586,2022-04-12 21:59:59.912,47.94955063,-122.3691864,122.7171631
758.250292,2022-04-12 22:00:00.050,47.949543,-122.3691711,109.8526917
758.250292,2022-04-12 22:00:01.464,47.94953537,-122.3691635,109.8093414
758.250292,2022-04-12 22:00:03.082,47.94953156,-122.3691483,109.8093414
758.250292,2022-04-12 22:00:05.393,47.94952774,-122.369133,111.3878326
758.250292,2022-04-12 22:00:20.588,47.94952011,-122.3691254,113.409317
758.250292,2022-04-12 22:00:25.011,47.9495163,-122.3691101,113.2799301
775.6251222,2022-04-12 22:00:30.787,47.94952011,-122.3690948,111.6910858
775.6251222,2022-04-12 22:00:34.564,47.94951248,-122.3690796,114.3845596
775.6251222,2022-04-12 22:00:38.064,47.94951248,-122.3690643,121.5665894
775.6251222,2022-04-12 22:00:41.149,47.94950867,-122.3690491,114.6089325
775.6251222,2022-04-12 22:00:43.400,47.94950104,-122.3690414,122.3207397
775.6251222,2022-04-12 22:00:44.990,47.94949341,-122.3690262,116.0862732
775.6251222,2022-04-12 22:00:45.846,47.94948959,-122.3690109,116.3181534
775.6251222,2022-04-12 22:00:48.147,47.94948959,-122.3689957,116.6788025
775.6251222,2022-04-12 22:00:49.857,47.94948578,-122.3689804,125.3868408
775.6251222,2022-04-12 22:00:52.382,47.94948578,-122.3689651,117.4247437
775.6251222,2022-04-12 22:00:54.228,47.94948578,-122.3689499,117.462616
775.6251222,2022-04-12 22:00:56.857,47.94949341,-122.3689194,116.3135605
775.6251222,2022-04-12 22:00:58.308,47.94949341,-122.3688965,116.1914139
793.3642294,2022-04-12 22:01:01.265,47.94949341,-122.3688812,117.2359619
793.3642294,2022-04-12 22:01:02.645,47.94949341,-122.3688583,118.0655212
793.3642294,2022-04-12 22:01:04.406,47.94949722,-122.3688278,118.1097794
793.3642294,2022-04-12 22:01:06.527,47.94949722,-122.3688126,117.7073364
793.3642294,2022-04-12 22:01:08.145,47.94949722,-122.3687973,117.9467316
793.3642294,2022-04-12 22:01:09.667,47.94949722,-122.3687744,117.9650497
793.3642294,2022-04-12 22:01:11.381,47.94949722,-122.3687592,118.282135
793.3642294,2022-04-12 22:01:12.986,47.94950104,-122.3687439,117.9084778
793.3642294,2022-04-12 22:01:14.404,47.94950485,-122.3687286,119.3845444
793.3642294,2022-04-12 22:01:16.660,47.94951248,-122.3687134,129.3839111
793.3642294,2022-04-12 22:01:18.800,47.9495163,-122.3686981,130.8660278
793.3642294,2022-04-12 22:01:23.803,47.94952011,-122.3686829,119.4497833
793.3642294,2022-04-12 22:01:27.981,47.9495163,-122.3686676,121.4335632
824.3529779,2022-04-12 22:01:30.807,47.9495163,-122.3686523,121.871315
824.3529779,2022-04-12 22:01:32.527,47.9495163,-122.3686371,121.138649
824.3529779,2022-04-12 22:01:33.851,47.94951248,-122.3686218,120.9169006
824.3529779,2022-04-12 22:01:35.003,47.94950485,-122.3685989,121.1452103
824.3529779,2022-04-12 22:01:36.248,47.94949722,-122.3685837,121.1165466
824.3529779,2022-04-12 22:01:37.397,47.94949341,-122.3685684,121.8050079
824.3529779,2022-04-12 22:01:38.673,47.94948578,-122.3685532,121.8050079
824.3529779,2022-04-12 22:01:39.857,47.94948196,-122.3685379,122.2301178
824.3529779,2022-04-12 22:01:40.499,47.94947815,-122.3685303,122.2301178
824.3529779,2022-04-12 22:01:42.458,47.94947052,-122.368515,122.1111298
824.3529779,2022-04-12 22:01:43.704,47.94946289,-122.3684998,123.0744553
824.3529779,2022-04-12 22:01:45.085,47.94945526,-122.3684845,123.0744553
824.3529779,2022-04-12 22:01:46.187,47.94944763,-122.3684692,121.9395599
824.3529779,2022-04-12 22:01:47.405,47.94944,-122.368454,122.5076294
824.3529779,2022-04-12 22:01:48.643,47.94943237,-122.3684387,122.6788177
824.3529779,2022-04-12 22:01:49.927,47.94942093,-122.3684311,122.4743195
824.3529779,2022-04-12 22:01:51.325,47.9494133,-122.3684158,122.4743195
824.3529779,2022-04-12 22:01:52.437,47.94940186,-122.3684082,123.019371
824.3529779,2022-04-12 22:01:53.784,47.94939041,-122.3683929,122.9267883
824.3529779,2022-04-12 22:01:55.084,47.94938278,-122.3683853,122.9267883
824.3529779,2022-04-12 22:01:56.404,47.94937134,-122.3683777,122.4149628
824.3529779,2022-04-12 22:01:57.747,47.94936371,-122.3683624,129.8612061
824.3529779,2022-04-12 22:01:59.398,47.94935226,-122.3683548,122.7704239
840.4333193,2022-04-12 22:02:00.981,47.94934082,-122.3683395,122.7704239
840.4333193,2022-04-12 22:02:02.267,47.94933319,-122.3683395,122.7652206
840.4333193,2022-04-12 22:02:04.225,47.94932175,-122.3683243,123.309639
840.4333193,2022-04-12 22:02:05.549,47.9493103,-122.3683167,123.9251633
840.4333193,2022-04-12 22:02:06.859,47.94929886,-122.3683167,123.9251633
840.4333193,2022-04-12 22:02:08.059,47.94929123,-122.368309,123.1323853
840.4333193,2022-04-12 22:02:10.084,47.94927597,-122.3683014,123.3875732
840.4333193,2022-04-12 22:02:11.141,47.94926453,-122.3683014,123.9925461
840.4333193,2022-04-12 22:02:11.791,47.9492569,-122.3682938,122.7195663
840.4333193,2022-04-12 22:02:21.400,47.94924545,-122.3682938,123.9521103
840.4333193,2022-04-12 22:02:23.166,47.94923401,-122.3682861,124.9550858
840.4333193,2022-04-12 22:02:29.882,47.94924545,-122.3682785,124.3907623
861.7192804,2022-04-12 22:02:32.880,47.94925308,-122.3682785,125.4196091
861.7192804,2022-04-12 22:02:36.173,47.94924927,-122.3682632,124.5921326
861.7192804,2022-04-12 22:02:38.663,47.94924545,-122.368248,124.9026108
861.7192804,2022-04-12 22:02:41.394,47.94924545,-122.3682251,125.6276703
861.7192804,2022-04-12 22:02:43.402,47.94924927,-122.3682098,126.2575531
861.7192804,2022-04-12 22:02:46.104,47.94924927,-122.3681946,125.6144257
861.7192804,2022-04-12 22:02:48.681,47.94924927,-122.3681793,125.4030533
861.7192804,2022-04-12 22:02:50.022,47.94924545,-122.3681641,124.9809647
861.7192804,2022-04-12 22:02:51.219,47.94924545,-122.3681488,124.9809647
861.7192804,2022-04-12 22:02:52.981,47.94924545,-122.3681259,124.7781372
861.7192804,2022-04-12 22:02:54.207,47.94924545,-122.3681107,124.6572189
861.7192804,2022-04-12 22:02:55.400,47.94924545,-122.3680878,126.5129013
861.7192804,2022-04-12 22:02:56.687,47.94924927,-122.3680649,126.5129013
861.7192804,2022-04-12 22:02:57.984,47.94925308,-122.368042,127.230423
861.7192804,2022-04-12 22:02:59.088,47.9492569,-122.3680267,127.230423
861.7192804,2022-04-12 22:02:59.926,47.94926071,-122.3680115,129.5999908
885.0825388,2022-04-12 22:03:01.124,47.94926453,-122.3679962,126.3127365
885.0825388,2022-04-12 22:03:02.341,47.94927216,-122.3679733,129
885.0825388,2022-04-12 22:03:03.358,47.94927979,-122.3679504,129
885.0825388,2022-04-12 22:03:05.184,47.9492836,-122.3679276,129
885.0825388,2022-04-12 22:03:06.326,47.94929123,-122.3679199,129
885.0825388,2022-04-12 22:03:07.399,47.94929123,-122.3679047,129
885.0825388,2022-04-12 22:03:08.726,47.94929123,-122.3678894,129
885.0825388,2022-04-12 22:03:09.943,47.94929504,-122.3678665,129
885.0825388,2022-04-12 22:03:11.121,47.94929886,-122.3678589,129
885.0825388,2022-04-12 22:03:12.360,47.94930267,-122.3678436,129
885.0825388,2022-04-12 22:03:13.681,47.94930649,-122.3678284,129
885.0825388,2022-04-12 22:03:15.400,47.94930267,-122.3678131,129
885.0825388,2022-04-12 22:03:17.398,47.94930649,-122.3677979,129
885.0825388,2022-04-12 22:03:18.962,47.94930649,-122.3677826,129
885.0825388,2022-04-12 22:03:21.007,47.94930267,-122.3677673,129
