type,frequency,target,result,status,is_primary,start_date,end_date,created_on,edited_on
ACTIVE_ZONE_MINUTES_GOAL,DAILY,22.0,null,null,false,null,null,null,null
ACTIVE_ZONE_MINUTES_GOAL,WEEKLY,150.0,null,null,false,null,null,null,null
CALORIES_BURNED_GOAL,DAILY,2108.0,7.0,INPROGRESS_SO_FAR_MISSED,false,2024-01-25,2024-01-26,2023-10-24T23:34:20.000+00:00,null
STEPS_GOAL,DAILY,10000.0,0.0,INPROGRESS_SO_FAR_MISSED,false,2024-01-25,2024-01-26,2023-10-24T23:34:20.000+00:00,null
FLOORS_CLIMBED_GOAL,DAILY,10.0,0.0,INPROGRESS_SO_FAR_MISSED,false,2023-10-24,2023-10-25,2023-10-24T23:34:20.000+00:00,null
DISTANCE_FROM_STEPS_GOAL,DAILY,5.0,0.0,INPROGRESS_SO_FAR_MISSED,false,2024-01-25,2024-01-26,2023-10-24T23:34:20.000+00:00,null
ACTIVE_MINUTES_GOAL,DAILY,30.0,0.0,INPROGRESS_SO_FAR_MISSED,false,2024-01-25,2024-01-26,2023-10-24T23:34:20.000+00:00,null
STEPS_GOAL,WEEKLY,70000.0,18677.0,INPROGRESS_SO_FAR_MISSED,true,2024-01-21,2024-01-28,2023-10-24T23:34:20.000+00:00,null
DISTANCE_FROM_STEPS_GOAL,WEEKLY,35.0,8.34449,INPROGRESS_SO_FAR_MISSED,false,2024-01-21,2024-01-28,2023-10-24T23:34:20.000+00:00,null
FLOORS_CLIMBED_GOAL,WEEKLY,70.0,0.0,INPROGRESS_SO_FAR_MISSED,false,2023-10-22,2023-10-29,2023-10-24T23:34:20.000+00:00,null
CALORIES_BURNED_GOAL,WEEKLY,14756.0,6821.0,INPROGRESS_SO_FAR_MISSED,false,2024-01-21,2024-01-28,2023-10-24T23:34:20.000+00:00,null
WATER_GOAL,DAILY,1893.0,0.0,INPROGRESS_SO_FAR_MISSED,false,2023-10-22,2023-10-29,2023-10-24T23:34:20.000+00:00,null